id,price_target
0,22165.483572249876
1,23367.092908850325
2,27492.289563893333
3,18801.917931742897
4,19600.64743028693
5,18082.116043590246
6,21363.117585774442
7,60388.11586008151
8,24374.34455751107
9,16564.82996709397
10,27073.044308167922
11,15871.805443135087
12,17307.74318949697
13,19867.033441350042
14,30708.013727776437
15,16477.96669304474
16,17384.63986478872
17,16288.074951836652
18,18068.970397117548
19,18939.584382376856
20,30440.845911287983
21,22754.365063135458
22,21595.487760019096
23,18289.884414954096
24,24331.849037162785
25,23328.243518799645
26,37937.39187837502
27,18297.06333973835
28,20672.808307943833
29,26070.173275132547
30,28087.608293848953
31,24375.36431727574
32,24440.79352266421
33,20949.08333900819
34,16081.097406540091
35,17878.47917263771
36,28392.368681848977
37,32351.105629844777
38,16573.910405615086
39,24499.51409907741
40,19361.36159715731
41,17737.77369166519
42,16725.67784169501
43,32170.505000144294
44,43907.25876793944
45,15875.883100998804
46,26216.315783558264
47,16591.04004833002
48,17584.424628158096
49,17164.097502411267
50,16775.770513766878
51,29095.219789853832
52,25705.013267003415
53,31883.382407008296
54,42061.978169191956
55,24551.10859843776
56,45618.468820154245
57,19017.00289358125
58,27358.872211994065
59,22950.996891873485
60,33503.66299479748
61,30546.74462124033
62,30800.9444834935
63,21137.202516182202
64,17542.39344514581
65,17931.51372243623
66,19123.65207149484
67,24897.08769162746
68,29491.053981260535
69,27326.866155818465
70,17546.42311333792
71,21520.414016827865
72,37365.99099333162
73,24415.44279506405
74,30761.303837218646
75,33955.68454601316
76,34837.53151321484
77,17970.376678167282
78,16487.67825655171
79,38302.42926950298
80,18642.975535745514
81,16823.95862870543
82,16345.422728664436
83,22715.939314905805
84,20363.884899966986
85,27952.59246809716
86,19144.47847512082
87,16534.18622977521
88,15933.39160195534
89,18444.999690577744
90,19055.44123850217
91,30961.810691333965
92,15934.721351070744
93,25505.739160274865
94,27620.38210088762
95,41129.56905716809
96,27758.77611440529
97,18010.41406302047
98,22746.65714267947
99,17433.394307830633
100,17505.82848553713
101,19631.37364047225
102,43362.1631415482
103,33055.54363380696
104,21953.797143550404
105,18923.234283028396
106,23558.477346495732
107,37808.68635223874
108,22756.901473405345
109,50923.25439328915
110,30797.72618034234
111,18222.53447174424
112,28426.745605026106
113,19738.67475051252
114,23972.03384468565
115,17051.120244668364
116,19445.041261414284
117,16260.029736910468
118,18649.823331685915
119,20944.892343116295
120,34214.74794507538
121,16148.382757012063
122,27925.00292861014
123,50640.80309463204
124,28075.435349236803
125,25382.697360784114
126,25422.895924749148
127,19614.5892825443
128,32273.941214732007
129,21131.06514144456
130,16322.714370998585
131,37391.00635176097
132,27793.28610880113
133,19235.27154883755
134,16667.854549535903
135,27615.767079805406
136,17587.178240666566
137,28677.22866832274
138,21213.118606659722
139,26221.437522748653
140,16589.81221439309
141,32260.029777456562
142,17368.20558131506
143,25728.237132016136
144,43006.0478998286
145,16163.213768045684
146,17085.371275616537
147,28005.181648178655
148,16799.046583724907
149,23989.9863330856
150,29037.662658253405
151,32632.06712858773
152,27430.516274365218
153,18677.0273025082
154,19214.463120306125
155,24806.05591395011
156,32283.49007562469
157,21317.91217125928
158,18358.603630066485
159,27651.50255797745
160,19629.043514351135
161,69883.3023151433
162,17662.315280705036
163,34136.50743412651
164,27329.359999534638
165,31405.92147486228
166,16719.491889173096
167,36722.77874739458
168,18742.13579532839
169,19024.14735590198
170,22935.553263876056
171,33861.68264702373
172,24545.982687401734
173,22104.420820763677
174,25561.007100882107
175,32676.33406250258
176,22780.64991414885
177,17458.60245709364
178,74549.05106629782
179,16301.461692974062
180,18750.927432357235
181,19973.507913893336
182,24866.617365840553
183,24836.46189982748
184,21900.01102404031
185,17512.248516824722
186,17648.26789010758
187,16970.48846384016
188,19633.042375841203
189,25556.886803828787
190,17195.669140740483
191,21003.962057857378
192,24093.363292243033
193,50035.46588241552
194,28695.872645464275
195,16200.475278985139
196,23150.188775960087
197,28501.817512726444
198,87025.87633830721
199,44396.0768253368
200,18820.166630343
201,16597.43666989833
202,29726.837238782715
203,22119.672149720143
204,24100.890217013835
205,30615.328899864562
206,17417.79797524462
207,22933.220432734295
208,24275.828230529456
209,19074.319559203854
210,24878.69083960552
211,16344.624373563947
212,38036.79817349626
213,16124.447515021946
214,26522.107374379157
215,23882.38640023968
216,33672.183000317855
217,43491.30457694217
218,16942.684775157235
219,19303.780667246963
220,16434.781802439706
221,19545.994601341587
222,43249.08954726651
223,27928.869712912652
224,16272.624376084146
225,21418.41951004501
226,17577.691864852473
227,22380.983695711762
228,24463.284283864214
229,24338.157339693695
230,24550.900482104367
231,24619.878886212606
232,16850.942865273286
233,19014.524559906124
234,29138.39223129287
235,20010.893280922857
236,17126.162981361173
237,16211.872959194829
238,27702.539947787765
239,24387.825748354793
240,21464.464133024365
241,17678.94330981828
242,28337.772974764688
243,18264.426902409996
244,16793.3748760487
245,32242.33259948246
246,23175.68372712072
247,18982.71389509275
248,29926.66427059246
249,16009.045082959516
250,28923.49744847168
251,23288.568086257506
252,17498.217726994706
253,34982.51180356188
254,22262.837791052683
255,38590.37207512799
256,16584.494676892522
257,19819.19749032662
258,36928.4252897231
259,26674.416658333776
260,33380.490531832475
261,23301.07532300583
262,16912.87488565535
263,24742.71025113649
264,19632.284850126336
265,20620.361549228925
266,17287.41431648058
267,18500.190086311402
268,42125.15083946075
269,36408.0450661746
270,17514.037983010767
271,18553.350566709247
272,21352.010861862087
273,24558.2190393824
274,25560.4836192575
275,23496.156293927306
276,92240.83065366365
277,18678.455907753352
278,25120.621599873542
279,19452.24703949664
280,19323.514917423672
281,18925.95673429316
282,26573.018598509534
283,30475.350512017754
284,18962.238659966388
285,21169.845697130553
286,28791.723918391835
287,25378.924463828487
288,26696.49301743782
289,44152.525598280474
290,17418.008498111474
291,17298.00373017516
292,33358.43631356299
293,22016.52487314614
294,39422.938931670535
295,21226.978397866435
296,25759.72350622174
297,27331.947156281174
298,30727.85084195309
299,16114.114420567643
300,19405.13023042504
301,16054.871304631191
302,23482.95404672678
303,23467.12314997679
304,25650.572159760814
305,31324.762369512755
306,17451.674681960958
307,30772.515495727876
308,27601.90549732654
309,31465.44262552556
310,26404.851740961753
311,32306.840227432316
312,22614.65645431533
313,22327.989369579955
314,16707.68808659236
315,25815.744044045987
316,63727.575613857945
317,35321.629679736936
318,34853.93961017484
319,16022.82500715576
320,17342.60066432106
321,17119.063964839577
322,18486.11003801978
323,20869.980022329408
324,29157.16127725918
325,16554.910790221267
326,22388.455197230098
327,19446.915000860965
328,19637.73279620362
329,20779.606955373158
330,20468.396187553204
331,31227.73008108701
332,26876.391863946898
333,18905.78471982574
334,25926.841343019958
335,33030.28049464575
336,42048.42880110814
337,18983.64914957024
338,19828.169909013093
339,23256.558461890574
340,19639.694241042667
341,37064.92219728581
342,17641.663058585254
343,29291.03962766787
344,16552.13930112343
345,53573.243775412106
346,26422.308513926408
347,29777.10662753777
348,28999.61578223008
349,27412.158748388596
350,16809.614478581647
351,17843.668546969922
352,17134.307225204197
353,18976.11683126761
354,15986.28003204025
355,27984.859571555065
356,21235.556425905506
357,20457.932623995028
358,18603.826905378482
359,15921.070185292872
360,17524.736856198528
361,20816.011815063346
362,26995.157904980584
363,19301.657634951433
364,16321.140542543553
365,30020.215571322457
366,22529.758713742107
367,20233.952633652156
368,17282.093386340737
369,18230.566471931437
370,29576.850938091375
371,20116.57377638962
372,23524.249065675394
373,23654.277369639603
374,17686.274779031024
375,23882.357883046578
376,24154.783481249277
377,24305.156375551527
378,26512.447387041128
379,27202.316958348834
380,18987.668595150837
381,27923.479292848788
382,38679.185444261784
383,29449.96269395699
384,16271.251663371278
385,39275.50703967504
386,19683.611797712834
387,21946.908920622627
388,23572.508394060067
389,17863.94382901718
390,24832.17901537748
391,26553.28206295837
392,32612.51590068328
393,28383.733794168995
394,27746.13127974237
395,29704.646687377804
396,19378.721861607417
397,34561.86355996483
398,29744.07261922365
399,17992.594999337456
400,26456.487896778468
401,16243.817973229638
402,17233.26719708705
403,20298.0262819852
404,17239.953735618492
405,25504.7033286461
406,19778.699563933973
407,32926.208748829675
408,35394.90652391015
409,22027.283942626716
410,18489.787893565906
411,29325.327205399466
412,16630.66658686945
413,17727.275304688108
414,16366.423736054214
415,28337.02506431453
416,24339.287962592633
417,16951.58275834316
418,17797.932626599042
419,94064.44134694742
420,21899.002459772855
421,24952.623319328926
422,16808.060371603642
423,20510.56869034542
424,37588.494779453315
425,17269.58164088938
426,20973.589501171762
427,17718.065777357337
428,22666.136030975274
429,16370.38666818321
430,34309.913332402066
431,23061.69811594191
432,17077.911566303268
433,29183.99736355863
434,30430.52927970835
435,16966.272128225115
436,16124.14975683152
437,23954.589851730896
438,16528.5078666753
439,16350.846970066268
440,22150.02188172821
441,22665.433125815307
442,23502.96469858524
443,22570.103716216978
444,25806.385129554026
445,17928.85977905101
446,20538.87054909822
447,27332.485910332252
448,24769.144829380635
449,23447.642226850705
450,21711.08399329422
451,78113.90131275279
452,28914.22247355244
453,24784.418724442356
454,45481.645654910535
455,45248.05766680238
456,31830.266135376147
457,19513.57567907457
458,24166.229474494197
459,16216.53776903073
460,17850.2055342813
461,20702.769951427807
462,19117.14615137808
463,24390.89860996259
464,30121.65080926106
465,19916.339503288626
466,16211.565123787335
467,23181.39857470255
468,22493.278653922953
469,16636.72466391437
470,18439.534817917596
471,22536.33614262275
472,40278.48256285955
473,17718.065777357337
474,30570.761415262787
475,16218.348207348843
476,51576.29329774558
477,27022.694468532532
478,16680.178176569094
479,29613.765116121886
480,27288.190413982356
481,20598.07412620237
482,19130.977376045943
483,18108.638615892072
484,17520.568511456484
485,22364.08119007657
486,30593.157785073527
487,30851.192853393954
488,26610.613822942843
489,16834.366691028703
490,17016.591450472282
491,27762.19617757534
492,21324.333623334423
493,23239.131153989114
494,16044.51030536076
495,21207.54965512858
496,24418.59347591686
497,16745.295132879724
498,35195.261030150665
499,16680.779873572224
500,32122.045523384175
501,17257.239980173148
502,24475.470194400925
503,19007.58398778718
504,23570.612191653207
505,28008.376025463567
506,24731.10931707245
507,23054.089977147753
508,22831.50535799164
509,19734.376720807035
510,21580.841617923576
511,21315.434406162487
512,16242.47336773764
513,16351.673656502824
514,17408.142157529743
515,34775.19279304002
516,26161.15294520213
517,18620.082995847064
518,17712.446006136033
519,21337.858286279174
520,32574.630773551184
521,17240.412031480337
522,31819.136444842712
523,28175.939063151847
524,21243.605143893037
525,30567.997424404704
526,16706.122791407863
527,19996.323491733197
528,27170.34156431319
529,30938.23857335126
530,18050.771037495677
531,22449.265570009287
532,25994.435883544847
533,26483.128943952866
534,19734.34213818331
535,22611.68942505609
536,17050.905756500935
537,23683.567010689636
538,28766.234991997375
539,17715.20641809458
540,25447.385895910822
541,37575.23587206775
542,16631.75674402195
543,25702.477783293685
544,24949.45036583089
545,23428.843473222114
546,16380.49304818127
547,23760.573399696343
548,35985.41013141954
549,32512.930823095994
550,16625.396240192666
551,24130.09329758718
552,40830.80234419256
553,32178.73666764103
554,22658.237970693186
555,17511.73011313079
556,22710.181728834905
557,30243.690686399696
558,17161.94215680755
559,40073.01515417068
560,20936.034792441555
561,16489.993676875933
562,20280.130307717063
563,16703.50482710912
564,24694.51393400131
565,16502.901198642692
566,25781.411940562688
567,16521.35073712391
568,25391.760665365116
569,17642.116452991482
570,16410.959378401083
571,21268.185359742038
572,21209.93331947837
573,42734.64554238895
574,19308.927332660176
575,34933.456243868946
576,21844.29384983252
577,26883.74936157968
578,22467.22646698389
579,16914.821180769977
580,19870.742465160452
581,24156.722495358015
582,19706.11787988073
583,24341.62781567441
584,17312.281406261383
585,25630.52065525131
586,22180.43729107366
587,19611.881514430996
588,16664.509264134795
589,21703.27912280522
590,85854.11813570156
591,16163.213768045684
592,35379.414193039236
593,26686.103408525287
594,21814.20256688633
595,20136.179425937622
596,16225.710314891443
597,25209.320864542166
598,22241.17829122457
599,22622.76277661954
600,18899.742116244324
601,20342.07098263563
602,29665.523731074525
603,17336.656006467376
604,16251.741230877009
605,16001.572402647063
606,19453.06864905153
607,26759.188685021105
608,28616.24986159292
609,30121.26216842958
610,29029.962983409772
611,16886.46328767843
612,20845.258292235332
613,23721.341039586026
614,25556.232857379542
615,16728.21546251701
616,30487.855560456544
617,16963.487193886267
618,20491.63628591896
619,16397.482125590286
620,22764.519108302135
621,16822.67116051877
622,18515.542567466415
623,20052.881238042475
624,27831.28278076953
625,35633.74841176516
626,17760.190911515663
627,17790.907262651624
628,17823.620072359758
629,18810.666930932817
630,16461.841839219815
631,20368.983711451598
632,27639.32709536164
633,16124.282232833371
634,18583.384326471307
635,22751.18109600824
636,17820.25144888725
637,22828.512006554356
638,17718.065777357337
639,20180.584116537015
640,26757.81041851656
641,19764.952177023548
642,25039.002956444958
643,16190.479265022941
644,29925.050766847737
645,20752.09089413708
646,16928.9198507171
647,31970.73879835464
648,17482.892771081424
649,22273.103375994608
650,23679.09851365197
651,19905.081388942235
652,24329.059846971042
653,16129.169056778608
654,24449.600018584282
655,16491.800049221605
656,20588.50021328847
657,16398.73559006516
658,17527.67120268724
659,20200.90073831915
660,16225.634177009179
661,17582.694784838994
662,19602.41854939073
663,28556.646120575893
664,19097.00975781795
665,24248.402441674596
666,17553.351117102196
667,17839.76447628003
668,19289.55134145121
669,32396.078876789634
670,23960.76839797667
671,17243.668085839305
672,26086.680943124742
673,27600.58364931618
674,17183.711794397637
675,25219.22095565932
676,20599.535992956822
677,31820.891471158655
678,40698.5848085708
679,19251.97047845232
680,20600.407416304563
681,17424.537480964827
682,26442.541291432917
683,27963.684653670698
684,16682.82488269841
685,17518.95190583675
686,19636.87819807719
687,23860.10320666362
688,24811.64922897603
689,23082.19875411668
690,35257.879785257726
691,17430.23791194636
692,25265.482633413903
693,20577.487940521365
694,23682.582512693065
695,22996.710897244575
696,19536.19563190463
697,21982.5448658258
698,16534.07846642729
699,18915.352478726556
700,21985.027349419866
701,25865.221933762903
702,22532.645336864112
703,24340.262853491015
704,18709.8703012398
705,23339.576514195793
706,30171.555531405727
707,19264.51802193369
708,28956.015637738277
709,16163.213768045684
710,29473.37888274651
711,19089.391019813578
712,19459.437299786347
713,17458.541008529213
714,27033.978858284274
715,17063.96636398147
716,28692.92820755693
717,29661.562798945186
718,26885.828541114763
719,18620.151664662822
720,44954.53136652789
721,22573.287587566225
722,28550.19263787603
723,17016.591450472282
724,23117.57159770678
725,33124.027052536025
726,16419.610754483678
727,18744.228305062818
728,20369.536718892978
729,20354.449106086904
730,45306.59974234673
731,16324.74711124752
732,23962.96880024751
733,26262.926322595657
734,24592.931637320125
735,18435.406967080504
736,24234.897087020483
737,32390.377945855507
738,26938.567344164334
739,23785.400882598155
740,17916.543442062553
741,21631.85019472123
742,25477.678091555175
743,17260.95259521031
744,22572.475935189574
745,37975.13410422493
746,17569.148416101587
747,16536.574234894364
748,20832.97042519882
749,25240.029477980588
750,22020.469903678582
751,17341.960654965216
752,19323.615545846897
753,32096.53256831749
754,23764.335333695264
755,20923.495196436736
756,20333.36343338555
757,24352.817062893373
758,22720.459982913042
759,17243.668085839305
760,37682.58856950118
761,25213.11700085663
762,24373.179903704728
763,16489.604240054934
764,23224.87089124528
765,23463.103680548447
766,17001.45765514071
767,19835.757457026444
768,31297.94513712262
769,16756.387784981795
770,19084.62849985181
771,21423.225858031747
772,29522.87902363216
773,31550.75759147317
774,18571.420384455294
775,25637.775635015012
776,24152.380241230276
777,16528.556099834885
778,37323.36992923856
779,16517.724584996555
780,26909.9357177023
781,18036.31467654425
782,20594.1391177711
783,24426.093630780026
784,23165.89415703391
785,16399.88413380656
786,39425.64049228907
787,16990.82591703787
788,16808.24487943673
789,17784.831448273664
790,17961.96353937283
791,20583.18145320589
792,19173.297841080428
793,22606.24334525909
794,60167.08087805463
795,17888.106983563004
796,33364.89562170906
797,16474.709164757933
798,19857.468355017634
799,22516.27627460181
800,39914.91859447721
801,20950.085578730617
802,20350.496052474566
803,17159.717816489538
804,25003.528432045576
805,31840.03889626486
806,23230.633174644296
807,20276.924694697675
808,19824.94140232837
809,32195.634936481183
810,38869.85488746949
811,23973.068242801266
812,28300.016584316832
813,18990.567339696703
814,22991.496684551443
815,18290.28599315006
816,25908.877185265956
817,17151.789961870112
818,17594.736568775825
819,37410.25422037216
820,18547.285878238305
821,24405.185892117992
822,16253.315377258434
823,29156.68945393162
824,17010.858309556203
825,19555.373354802257
826,17581.947228012825
827,38473.41113975711
828,17660.939122404143
829,17504.107463988898
830,22305.954460931094
831,16786.172443304764
832,18537.63816647905
833,24542.82331805572
834,30230.022444782233
835,19310.555087816054
836,27920.2218306574
837,18049.496874513585
838,16724.209037707387
839,27802.48274207116
840,19755.110937300375
841,19678.604516555366
842,22844.07270395619
843,18829.498333923664
844,22696.04545834593
845,25411.15048871894
846,22950.111525918794
847,28036.79897724698
848,36742.489370570045
849,17022.011829820764
850,18703.64326769404
851,20649.576339789513
852,20527.960711086766
853,17027.732735559406
854,27813.731186509558
855,35611.90278951095
856,25670.997113654645
857,18044.794072046094
858,24542.587128670544
859,17125.824606369235
860,18682.32961624933
861,20815.223101778374
862,39838.74200325308
863,26816.774325695547
864,16578.927907915444
865,36164.82820419741
866,26564.11108072215
867,29950.549116774953
868,41954.44189844187
869,16368.839585516542
870,16516.48852969981
871,16401.38232664185
872,29978.008163330585
873,28759.95953823538
874,20695.59069456868
875,31073.336321347295
876,17561.192809627028
877,35260.32134845032
878,39769.48206956434
879,28278.945890671344
880,23504.829299608584
881,16532.258750258836
882,25080.634811774038
883,16257.436181766498
884,18585.589634300526
885,18659.34680664835
886,20174.881607960397
887,25880.889788693476
888,27044.09709893761
889,22318.105249921166
890,30012.40936151533
891,20796.25269904332
892,16475.91664975177
893,33225.77435034541
894,17349.65443834928
895,19024.218222913718
896,17708.03668258793
897,17478.322581541623
898,26286.191543674693
899,18859.960129721236
900,20013.118258353017
901,44757.338534110146
902,32814.62158072954
903,27918.050355467753
904,31006.66477847554
905,16561.66923160731
906,22913.653282916675
907,16243.804390305655
908,18842.039259623743
909,19563.74455122446
910,36533.59174267027
911,30354.156637762768
912,16101.944755636116
913,24612.19213881405
914,17078.457103843433
915,17165.75600043797
916,25237.955669776755
917,18717.996771167105
918,20855.074648389596
919,29563.752350559527
920,24631.23379880708
921,21375.289364342192
922,17485.871770851056
923,26835.683383548323
924,25830.080460817862
925,17725.941373389058
926,24748.487490218664
927,44251.04057736736
928,22064.236272506783
929,30924.31683453888
930,17732.647455062965
931,18714.131948175356
932,41435.86094024388
933,16728.21546251701
934,28533.82801750255
935,28792.822352563206
936,16603.662467428097
937,34045.70152053138
938,32234.972630634868
939,18394.981455789104
940,20730.93909390722
941,19351.73334949146
942,27329.088442190518
943,23721.343119062978
944,16962.16633752884
945,31507.303250477322
946,19042.894684026935
947,20438.12047843703
948,18290.96027346165
949,23514.555969272973
950,16681.07302362226
951,24048.43697941888
952,37058.025836728935
953,16464.862505606954
954,20846.410611456544
955,18889.625647883757
956,16249.890111978224
957,19825.308466552236
958,37873.59201895814
959,17170.9030724179
960,23463.154776227962
961,25007.290229703893
962,30770.665229478618
963,39891.23778757814
964,25941.38316270477
965,17027.745623108414
966,35139.72692301714
967,24405.881768310952
968,81531.43477369391
969,17992.069417278417
970,26726.974290442355
971,16313.508946125334
972,25125.72495277865
973,44663.99379295494
974,16855.659552196175
975,17475.47737882246
976,16966.099224125825
977,16711.58806429802
978,25174.99054589723
979,17702.58623805524
980,66250.17635254916
981,16707.68808659236
982,18338.135104140212
983,44820.463519406745
984,31627.78432096299
985,18640.408275593403
986,19538.898895881004
987,15991.40847279714
988,20690.93046745705
989,18721.06102262132
990,24111.809612669906
991,16981.897806432207
992,30127.516520895628
993,17302.652920095537
994,17862.49904291068
995,37587.14882666562
996,16505.78032186358
997,16111.693736717283
998,26557.4381921398
999,20563.08940022721
1000,24367.987395572796
1001,35790.197200015704
1002,24301.06639445939
1003,21520.855003450117
1004,23546.753714254228
1005,26067.511231865938
1006,31769.52897997578
1007,33278.29083334505
1008,27942.06153303308
1009,17488.221342880173
1010,20243.82357216675
1011,30074.20025387817
1012,16990.82591703787
1013,26913.445929144826
1014,22243.868063953494
1015,19782.481840295524
1016,62656.019562161615
1017,23563.690094320154
1018,18405.621612710132
1019,20110.440092768215
1020,23475.041757885774
1021,17838.208475170668
1022,20868.65502536403
1023,18300.08073590938
1024,31197.772004638522
1025,17274.672252594384
1026,16973.23500470329
1027,28034.08105283447
1028,16043.291227119491
1029,39109.13805014657
1030,17919.82966316199
1031,25674.79409349279
1032,18371.09027413181
1033,16518.865439670113
1034,17970.11173533783
1035,20576.86314120052
1036,26679.964928900048
1037,17512.698851419587
1038,27516.16782302442
1039,17172.812656358707
1040,29634.91908131921
1041,25755.866327003525
1042,27180.9427790334
1043,21394.639044110743
1044,119178.60346092877
1045,18217.9601794784
1046,27648.300116665203
1047,31847.64408465967
1048,37786.20300002083
1049,28084.1298263899
1050,41415.222857421555
1051,21622.21890032779
1052,20365.113740876674
1053,24975.513137413964
1054,21710.359550092286
1055,24923.536287140174
1056,20867.69257319085
1057,27080.30880471029
1058,21288.747671296063
1059,25561.306557608787
1060,17267.734818009274
1061,22279.273835101994
1062,31863.991756522566
1063,17540.51131156318
1064,24496.133550563827
1065,53697.003567979686
1066,23364.213260365417
1067,21224.527269010858
1068,18336.925141612097
1069,18318.474120369025
1070,24041.99721930849
1071,22571.384547404727
1072,16985.79486587045
1073,24936.580366484926
1074,16444.275302681315
1075,28242.980191675026
1076,17929.818080108176
1077,19367.64913060619
1078,25741.544375289315
1079,24051.577105745382
1080,25089.13364941023
1081,33402.85203487143
1082,17460.265899592523
1083,18343.153265982186
1084,16619.683702100716
1085,17078.457103843433
1086,20996.810869973844
1087,23912.375739249772
1088,24668.99221987764
1089,17078.457103843433
1090,44243.00963262493
1091,37737.389892924504
1092,26442.776834152522
1093,16985.72953485683
1094,21755.982013593435
1095,25260.266193773135
1096,97929.71097733313
1097,21609.21645219569
1098,16260.5925626994
1099,26089.522790987234
1100,37129.1434530546
1101,41121.37821289337
1102,22608.67798926379
1103,19859.827494450412
1104,21441.004115239608
1105,40155.75101199606
1106,45724.95594123888
1107,19327.20393071183
1108,36727.2033677193
1109,23570.612191653163
1110,16463.67785506461
1111,25895.246941867437
1112,17243.668085839305
1113,18807.33444558705
1114,40787.75879742996
1115,25253.83095883311
1116,17135.699032652177
1117,17029.937910577035
1118,21712.50854641753
1119,24007.782995845413
1120,29489.715204781776
1121,30878.488313809685
1122,20911.788171732573
1123,17730.37699905003
1124,28933.652773322672
1125,20080.3142628126
1126,28428.29868909283
1127,32374.10570140256
1128,20150.459634393304
1129,18591.069676671523
1130,42713.77916366701
1131,25763.083167813547
1132,24211.69334194141
1133,24069.300766047596
1134,19477.344562648548
1135,41468.79325423381
1136,19186.551377646014
1137,56883.80358860218
1138,26206.975700249346
1139,23523.45827585757
1140,20608.039861904843
1141,16681.07302362226
1142,16985.72953485683
1143,29399.83183844467
1144,22151.847618896743
1145,33998.00039290086
1146,19554.85479053569
1147,18701.44325358845
1148,31714.971442787002
1149,49082.388971471664
1150,25774.985006321847
1151,20137.34282871844
1152,16932.504229356662
1153,16770.019950693077
1154,16721.72152464439
1155,17265.077787728802
1156,24374.76298015861
1157,17461.97021786003
1158,16822.845074571058
1159,17624.856384112776
1160,27716.543030992732
1161,26193.877860670094
1162,28239.683204928835
1163,19898.282801432408
1164,40719.431426207746
1165,20512.42902879207
1166,23720.35114741358
1167,20509.796647281884
1168,16599.169702476225
1169,17405.906154973738
1170,25122.897022875313
1171,18034.20097243858
1172,34248.93677105113
1173,139887.99059499477
1174,16295.27926134881
1175,23710.299973764282
1176,22664.869934759372
1177,29298.764989559433
1178,23211.421696506237
1179,35797.584478128425
1180,19752.22954907523
1181,110746.1054839855
1182,16544.971111122657
1183,18166.63458409679
1184,33818.4161058153
1185,18120.881712357517
1186,17420.459747027104
1187,18858.45491215403
1188,18457.794472061847
1189,35037.471012079
1190,19016.43901277571
1191,37031.43348322828
1192,26660.60730255
1193,19482.555092537405
1194,24160.269061675634
1195,19689.713706806
1196,18554.228156934845
1197,17814.220684476684
1198,19126.817857982587
1199,28516.003106386976
1200,19324.257734832823
1201,27642.4678835495
1202,21962.80589581606
1203,16127.723624244718
1204,18181.89203850906
1205,23208.981219045327
1206,26265.094815060675
1207,25221.0965387577
1208,22522.628028889674
1209,33507.732112369325
1210,39674.44512542791
1211,124404.4121158021
1212,16678.785285307153
1213,23745.15332101902
1214,28557.713765249133
1215,36917.218565325966
1216,34241.5263396666
1217,32818.923235256356
1218,16497.226831871372
1219,23977.777749584035
1220,40990.10942771719
1221,18373.835193022514
1222,21124.212130293716
1223,24047.738141477606
1224,29756.312374382844
1225,43456.78901485594
1226,23683.727119101488
1227,65798.1093561198
1228,20578.322377057284
1229,32063.5634439628
1230,26537.436229955885
1231,29326.485021973993
1232,22904.012200597987
1233,18762.564250470856
1234,17933.309894006838
1235,28107.85062017522
1236,17562.339952211867
1237,16079.957688691551
1238,24165.411430696193
1239,26921.040992764087
1240,26643.316562675605
1241,22752.845700732712
1242,16553.676548926218
1243,17364.135827491984
1244,18027.316527084982
1245,24156.837041996205
1246,44112.82170494148
1247,27228.163348150993
1248,16184.0714119717
1249,25819.713498181594
1250,17980.537124455976
1251,19237.767562582278
1252,18957.531434927696
1253,25392.59855461541
1254,21762.330660125997
1255,30184.902580741607
1256,16394.722186530973
1257,23541.342645258534
1258,24253.555024103218
1259,28804.242255448135
1260,16378.34395064754
1261,18913.360804583623
1262,19031.49571086935
1263,16446.085818714397
1264,16309.084796963263
1265,18057.16688942393
1266,26706.200223306623
1267,18080.113442794733
1268,27538.08899702107
1269,24822.19524373359
1270,16411.180236892396
1271,22799.120322368424
1272,15996.769385641166
1273,27094.804498187103
1274,32590.531205335028
1275,20567.543511777956
1276,32625.323625159446
1277,16580.57743673775
1278,16673.357840740064
1279,27914.969326746712
1280,17240.41384022874
1281,35072.20385506146
1282,32171.027111216805
1283,16252.056781797728
1284,16827.48512546758
1285,18739.23937135331
1286,22744.02879916856
1287,29585.664414826388
1288,15977.157479923953
1289,28348.243291042058
1290,25011.19404559471
1291,17561.368791729154
1292,45821.96927621947
1293,24108.684325232745
1294,20986.28959132812
1295,16832.835009548584
1296,31711.065492580838
1297,16653.16913583576
1298,19447.224967394086
1299,26313.38394409393
1300,19513.726826135822
1301,82808.11826879495
1302,16558.122400224274
1303,24249.19933954378
1304,16136.441340436906
1305,17063.387607107896
1306,33412.7316220708
1307,21466.953935434365
1308,17128.17414720167
1309,18813.908686358893
1310,27565.953042466917
1311,18113.544526608577
1312,17561.59794373183
1313,17316.994807238883
1314,26203.692783178114
1315,47549.752725574705
1316,42625.21394747108
1317,16487.006123412062
1318,33353.57561009349
1319,16676.95531730621
1320,21897.409869831074
1321,28905.687533661396
1322,19297.97537574083
1323,108332.99183676126
1324,31559.163749891573
1325,24400.305569596214
1326,28110.364046029623
1327,27414.506411087026
1328,26811.44457640105
1329,28972.129949598057
1330,22105.13533096381
1331,34780.46103469893
1332,26325.28644447082
1333,16112.255104086895
1334,25197.014646094052
1335,28086.86314750799
1336,31005.86303603882
1337,25679.49830036751
1338,43765.71338366905
1339,20298.20959679974
1340,42169.7494674695
1341,50551.091539919886
1342,28889.281781468875
1343,36323.78060181458
1344,19397.266018300175
1345,22326.721183273
1346,25029.533108553183
1347,28379.659347919405
1348,21635.721333207846
1349,25121.080268058242
1350,18768.284729663286
1351,17108.06503069315
1352,27417.64810702299
1353,16496.946046566572
1354,16519.67020374235
1355,17389.93923122211
1356,23248.20841243961
1357,36992.812818004626
1358,21244.790982637245
1359,17527.82249179937
1360,19457.784049828373
1361,30759.655392277495
1362,24996.981356912762
1363,17864.9491539896
1364,16607.555608076917
1365,26850.3729484968
1366,27282.11106373974
1367,20493.3250891793
1368,27828.29492137672
1369,18761.714315479392
1370,17728.595321931803
1371,25246.932905209153
1372,16500.608516516702
1373,27127.434248161884
1374,21561.851882732593
1375,28541.677931621896
1376,26161.957824665737
1377,42372.23543208364
1378,16726.549041790317
1379,16553.227023868694
1380,19919.21708225749
1381,33882.67105274876
1382,31098.339660097845
1383,24113.278737109515
1384,17180.019077880956
1385,31493.55655513466
1386,22080.069448923026
1387,39573.1308102892
1388,16936.915758285846
1389,25706.175444253706
1390,29734.168931514916
1391,23012.39683916403
1392,24186.62929904821
1393,27900.17657505529
1394,29339.844794313733
1395,20672.137710118182
1396,37039.96520866165
1397,17172.8486012829
1398,32577.360920883686
1399,25859.394200123483
1400,36823.74631763004
1401,27103.61389690516
1402,23733.444924876458
1403,16755.25686455247
1404,20696.7079519207
1405,17743.027268167985
1406,26276.032930048284
1407,21986.170954506284
1408,15977.145163459587
1409,26483.55334204822
1410,22716.94270451588
1411,33852.380868983506
1412,16803.378316284983
1413,21720.149933931913
1414,15941.505422670762
1415,20973.161345694454
1416,17243.668085839305
1417,37677.407113307774
1418,28586.052153641507
1419,16460.650966022233
1420,17845.11870060119
1421,16590.055588106043
1422,24093.456752136426
1423,22415.447208871643
1424,18655.360959174268
1425,26435.076023124246
1426,19964.67216236262
1427,18801.682349718816
1428,32365.168624326277
1429,21390.251458052324
1430,125778.20312054758
1431,28765.368320564954
1432,27208.734598837855
1433,29582.66455274513
1434,19393.95468781525
1435,41280.64643738351
1436,23924.69325262549
1437,55231.15923180575
1438,25509.965846839474
1439,18712.742901604026
1440,16237.45034194054
1441,19974.40467875878
1442,16629.286079861155
1443,24335.571050572373
1444,28206.480882642318
1445,16761.15063319079
1446,33469.97068332041
1447,16900.333894788007
1448,17287.966400070243
1449,27788.79828831811
1450,28485.950916658585
1451,16572.76342132472
1452,24150.129938344016
1453,17120.69999136868
1454,26536.869753558633
1455,29660.536718771506
1456,27750.58766879146
1457,26688.53242278045
1458,28148.37557921709
1459,16201.578810128665
1460,22646.552022227228
1461,19033.71108313037
1462,23880.238829468824
1463,25166.64492342266
1464,18408.60003321434
1465,52915.06859626397
1466,27495.317051420727
1467,24573.54360303054
1468,17660.44434385995
1469,23839.412763674853
1470,19304.88450032158
1471,28146.86855398749
1472,27768.26737218012
1473,19364.66582838752
1474,32526.801314667853
1475,16681.07302362226
1476,42228.101895170796
1477,18181.741298267807
1478,17162.73308781952
1479,32455.4861710664
1480,16123.222455291625
1481,21589.359347039353
1482,37737.793009943794
1483,23166.000297963656
1484,24276.560018475415
1485,16929.391440950476
1486,19099.66706096332
1487,18290.17517212419
1488,28549.42441083979
1489,22026.57951099914
1490,27977.350418822127
1491,17475.392752312335
1492,19537.629591532175
1493,20756.711168780414
1494,17544.181961410337
1495,18500.126701146328
1496,26812.380752584795
1497,20616.916021146906
1498,19512.397219095175
1499,51298.74484245196
1500,20308.998882550226
1501,16830.326639592346
1502,25655.63047842152
1503,21996.939487553198
1504,16421.91525433653
1505,17356.821839544045
1506,23301.517452449738
1507,23515.234990609537
1508,20977.437251985695
1509,26242.96973050196
1510,18899.742116244324
1511,61122.66953303149
1512,24138.044514681744
1513,52320.20600988551
1514,23339.999372592218
1515,23220.651818121394
1516,42889.58978954353
1517,26386.411658512043
1518,24328.495187605837
1519,19919.263160028953
1520,24403.352578186725
1521,25463.82039233935
1522,18288.596272745646
1523,18039.188917058866
1524,18808.8419315915
1525,17930.629141974012
1526,43651.25044883096
1527,25596.6113508836
1528,25487.974204772
1529,16475.713576610877
1530,20994.076455284892
1531,45606.25924984744
1532,17417.955867156226
1533,21082.163184792465
1534,41502.104969722954
1535,24783.919562754534
1536,15964.0226462247
1537,26159.968418313878
1538,18138.95960866922
1539,20799.885469995173
1540,16647.384643360576
1541,25247.573713107693
1542,31022.50056356968
1543,18492.079301693677
1544,18755.34103704004
1545,18306.11961663257
1546,17243.446505864224
1547,16824.655788679305
1548,17182.4057292385
1549,19139.336300899824
1550,24368.662064875185
1551,36212.04015421642
1552,25407.54427600128
1553,18738.72737116934
1554,23543.382991664155
1555,17354.265020239658
1556,28659.185844428117
1557,35002.369651899775
1558,25146.03248395181
1559,16689.120378476455
1560,18745.226882773117
1561,18123.36790206621
1562,25779.685101077892
1563,16718.21194632633
1564,94771.13191069079
1565,22451.98305999847
1566,22402.527720420876
1567,17145.213316147503
1568,16931.971835096636
1569,29184.685819113267
1570,29578.69081259446
1571,25799.209456838707
1572,25468.459672707948
1573,25637.151614136674
1574,31273.727411125008
1575,50846.44280299278
1576,15997.361596403942
1577,20442.153312348782
1578,19086.765778002882
1579,16721.861455203554
1580,26785.239128441342
1581,44503.49693136101
1582,23700.745484173494
1583,25149.999166364352
1584,33614.328698318765
1585,22735.129013597456
1586,37907.109881808545
1587,29606.96272868221
1588,18217.762154131284
1589,27740.119137048576
1590,27180.752680769197
1591,25704.437296735316
1592,18777.263065080027
1593,17665.879666209268
1594,27967.440664589543
1595,17159.717816489538
1596,36841.459608647005
1597,20655.731431404653
1598,24570.146020582208
1599,16707.68808659236
1600,25329.449102121773
1601,17968.642871598946
1602,16838.169151224003
1603,24781.04198828093
1604,17232.57706286287
1605,25890.208832992048
1606,16010.433718980401
1607,16307.461238479635
1608,39772.321365411444
1609,28498.591910604642
1610,25703.193192406517
1611,16593.085261120752
1612,16807.73811020163
1613,17044.285901831627
1614,18760.993476771033
1615,21845.597284904838
1616,16287.394628315327
1617,25915.15565044226
1618,23043.225639980286
1619,27855.664132716156
1620,26947.89384158759
1621,18664.300641457343
1622,21059.589068008125
1623,78311.74627584957
1624,27902.4070439255
1625,20272.69803102365
1626,18204.29260538261
1627,17839.3761503958
1628,17782.57563588131
1629,15944.300769478152
1630,17530.258686433768
1631,25237.026250748648
1632,27776.70727038722
1633,17816.88660061321
1634,22589.24144719877
1635,22249.346209209532
1636,17720.730702614586
1637,17662.859665630313
1638,16807.735796292734
1639,19726.49718491571
1640,45750.71328756133
1641,17072.205292733983
1642,18140.362610702072
1643,38800.939035027164
1644,18437.256355734287
1645,20226.006931548865
1646,17882.70152762612
1647,17327.319719708063
1648,26356.19215544292
1649,25824.955336344618
1650,18595.38651719286
1651,17640.21456203895
1652,26137.739550573977
1653,19246.391378976925
1654,16218.300177967953
1655,37527.502820956324
1656,27858.79469017412
1657,20644.876845401945
1658,22351.820639262176
1659,30761.637112984758
1660,17207.463051057337
1661,21506.602697727296
1662,17255.828685363496
1663,20696.10685284774
1664,22846.03487652833
1665,21413.144277559295
1666,17294.369258242725
1667,28921.700906301387
1668,19770.98870951344
1669,29339.933230265156
1670,19498.600851088817
1671,26066.222555002187
1672,16526.023143553048
1673,29013.270405966567
1674,24164.716089066475
1675,22403.689515609974
1676,38998.635965254834
1677,27943.003922025004
1678,87780.5812934758
1679,19656.187734989297
1680,38344.59770286324
1681,17744.72169185777
1682,20107.101037834473
1683,19215.229163029715
1684,23417.591045944824
1685,27261.67823271761
1686,18505.372874913453
1687,27439.513363533933
1688,27854.85857968519
1689,25512.903715595246
1690,22026.46223209208
1691,30683.184093345815
1692,16801.297113790082
1693,15955.170912046346
1694,33504.22290964801
1695,35905.74796850196
1696,18128.458364989994
1697,29948.23513724289
1698,17350.593087732752
1699,19513.726826135822
1700,26966.548907853507
1701,24575.514182793475
1702,18069.506695338725
1703,29853.874924742617
1704,21694.324056681304
1705,22735.129013597456
1706,23535.63749947721
1707,24422.945496801316
1708,22658.964289502997
1709,16056.195806671181
1710,30169.495262359196
1711,16865.03324600136
1712,24875.515232142796
1713,26526.820282882512
1714,25278.170625704173
1715,39979.42689212575
1716,32398.937639423777
1717,19825.54891961427
1718,22747.45964746085
1719,17856.78594411403
1720,23850.691109661784
1721,51997.24361987628
1722,27182.030702189077
1723,24974.9244352742
1724,17468.877068720336
1725,16522.019583833182
1726,35829.58972749582
1727,20016.162159553314
1728,23644.10308737593
1729,17334.38325675304
1730,24531.819300935484
1731,17913.157439442424
1732,20190.471025106526
1733,23818.35959520706
1734,20474.75426704195
1735,27247.885894186475
1736,16532.348519793682
1737,17650.68974442282
1738,17186.57504726771
1739,18801.917931742897
1740,16949.635739487727
1741,30065.48680658315
1742,16964.49406944591
1743,29176.70695513789
1744,31072.559411369144
1745,34026.07454732149
1746,19617.16150606857
1747,16152.843916286016
1748,20938.338862031374
1749,18085.0455893911
1750,23746.534989359247
1751,17652.060235236837
1752,25711.49005284361
1753,16654.636177505487
1754,38237.74657332958
1755,20056.484422936326
1756,16458.819524582043
1757,32547.417283978393
1758,32581.86616008889
1759,16757.687503480247
1760,18801.571915718796
1761,21180.480371213212
1762,19941.65699258804
1763,20133.733556910534
1764,18747.07422579597
1765,25213.4811067871
1766,18300.870383929134
1767,27704.58069523281
1768,20148.825544689047
1769,17430.030539356696
1770,41213.09847461789
1771,32719.43405739352
1772,27671.512172416693
1773,22858.96342427004
1774,38579.48021261266
1775,23661.218360643245
1776,17431.793528574068
1777,32554.205118560545
1778,17790.408839661515
1779,28673.70448269801
1780,19394.70521686052
1781,34165.47242705214
1782,19089.330973375112
1783,20626.06456041404
1784,25051.522681353053
1785,18899.742116244324
1786,39862.76215168892
1787,41938.91628015969
1788,23342.871084095932
1789,29999.424643888506
1790,17327.343200739335
1791,16366.678877079292
1792,21915.13941509274
1793,27636.467891817938
1794,16439.03833289863
1795,19213.165698932076
1796,43660.56838789429
1797,36610.376484176566
1798,25072.92702061568
1799,23603.393860156553
1800,19765.15725237168
1801,16804.149875214556
1802,23595.85525322947
1803,23438.29875491948
1804,17625.90036873966
1805,56753.1637443636
1806,18081.421619731456
1807,22531.35176983297
1808,23213.304475451027
1809,24263.562908748612
1810,40053.370447750836
1811,19775.321757348967
1812,16873.795707414716
1813,30981.18338303828
1814,35815.11463918794
1815,25907.96353287313
1816,19143.52983350497
1817,35736.65020488169
1818,20887.609036427853
1819,17082.625502954506
1820,31476.214480373652
1821,35494.59224151427
1822,17570.74360141167
1823,18802.274141275306
1824,26573.40770687257
1825,26647.290816251643
1826,17287.78819287844
1827,19150.843012739686
1828,25949.940343614668
1829,18791.39699910603
1830,18176.645537936936
1831,21585.54733837858
1832,18577.239926666723
1833,24687.47236227295
1834,16808.822961504797
1835,18688.198646862857
1836,16133.185312010866
1837,16406.476080452234
1838,16607.797689653264
1839,16001.468950769224
1840,21982.900883991762
1841,28334.96600938011
1842,29446.952946590667
1843,22734.110154980015
1844,18923.852582634263
1845,16678.529997929847
1846,23086.976582270945
1847,19248.029096912338
1848,21165.13994724008
1849,17493.638276711677
1850,18962.700579704786
1851,16285.87321130398
1852,17800.464161530734
1853,48997.24201789689
1854,24048.96721601884
1855,18439.3195395749
1856,34918.003725583934
1857,17057.929617801972
1858,32496.63874862885
1859,16570.474957341547
1860,16906.356808738183
1861,20810.923282179043
1862,17918.68460197218
1863,16681.07302362226
1864,19338.201776227095
1865,17084.748992462915
1866,22238.78799008631
1867,37887.24811430187
1868,25275.694619496073
1869,24277.138450742164
1870,16559.53334029228
1871,16564.64292254857
1872,20657.93539063122
1873,29133.022166602415
1874,17468.407762516417
1875,21315.103651699093
1876,30355.49314324487
1877,38062.943983595535
1878,16597.081888224813
1879,21394.658332627052
1880,22050.723658305928
1881,21254.414699690085
1882,18216.46359465975
1883,21466.953935434365
1884,17243.57196753299
1885,18801.917931742897
1886,26288.60496809441
1887,19584.246677694497
1888,29573.117936813684
1889,23479.366484406226
1890,17378.687162539598
1891,32279.413820176764
1892,20136.383287613266
1893,36479.295659639836
1894,19716.909181538584
1895,17583.983509528043
1896,52172.44369595138
1897,25432.28313209276
1898,25828.630333852958
1899,18398.25953066982
1900,23432.62564256026
1901,17364.072393387974
1902,21611.019612393717
1903,36316.71626376
1904,47653.53526497099
1905,38408.97856782854
1906,18591.681432544683
1907,24782.56309236022
1908,17977.233158513416
1909,31000.536025785514
1910,23108.48460033492
1911,23149.86578911209
1912,19452.24703949664
1913,18479.215467086142
1914,20918.71148413269
1915,19463.47106587352
1916,21982.113342066532
1917,16244.18078638038
1918,19557.18843802538
1919,16441.960508462686
1920,18797.211172176092
1921,18344.894882401095
1922,20315.09983156996
1923,17014.455730181362
1924,37428.25149773054
1925,22593.447474527515
1926,29920.669128466812
1927,19066.10560235859
1928,45677.37351472879
1929,16342.011940117516
1930,29939.141838516414
1931,23125.86097671091
1932,25081.554916352212
1933,24325.527919468765
1934,17205.166845913314
1935,19463.02712666319
1936,21753.975190855454
1937,18665.811476397797
1938,30400.387720326813
1939,22545.124365152104
1940,26832.306828773842
1941,24718.64822792652
1942,18004.08991350886
1943,23660.975947377192
1944,32046.53286047594
1945,27209.751712078596
1946,16381.436136433593
1947,18613.56718586708
1948,24395.600955874146
1949,16595.606075061878
1950,50306.2546921292
1951,24411.258823410386
1952,17865.957670270578
1953,24362.018063705986
1954,36738.41523592314
1955,16466.06431408188
1956,19194.811154532083
1957,24358.69627387428
1958,16777.518074803244
1959,17572.426054435084
1960,26948.69717875457
1961,19464.977533923244
1962,36128.86489026668
1963,20078.389265191003
1964,22686.727983722896
1965,16140.242262873939
1966,20833.865932704466
1967,17552.511662412773
1968,23247.46628066169
1969,35118.524066173944
1970,16397.47858613404
1971,16949.1518291181
1972,58475.999757936166
1973,30330.936471493824
1974,27774.34977611119
1975,24932.653994838856
1976,16013.851142801048
1977,25020.328742891612
1978,26081.602466048687
1979,18536.709432162057
1980,24040.219697331217
1981,23763.85942315239
1982,19148.35322646848
1983,22941.337593660246
1984,17489.44904444999
1985,24522.027355697872
1986,24181.550850357202
1987,33085.68746089718
1988,18635.287118430828
1989,18751.203544935935
1990,15947.225314258669
1991,18617.051203953288
1992,25602.795214391757
1993,17175.95299280415
1994,16408.648076379595
1995,21149.62601440802
1996,22233.026167566353
1997,19886.854339382862
1998,19361.039913835073
1999,35808.79178190021
2000,22414.917496722115
2001,19337.543398764974
2002,20050.38236760072
2003,19295.517800222093
2004,23702.23519565322
2005,23094.521032676075
2006,22163.37700575418
2007,36564.905855187935
2008,21800.70652022071
2009,24483.998760794548
2010,17151.789961870112
2011,17797.926179417216
2012,40249.500445957565
2013,44396.69742397131
2014,25453.436353911773
2015,25237.62856877019
2016,35552.40250265454
2017,38464.94600444394
2018,29052.068936848176
2019,26254.0228836239
2020,16102.704945848342
2021,19891.199225201126
2022,17742.06314286172
2023,16964.49406944591
2024,21776.482511929822
2025,16801.37925336632
2026,18251.511454815478
2027,25122.3948275086
2028,23135.803181243937
2029,16723.797824934874
2030,18249.022925122106
2031,21342.8822257378
2032,37296.29321430044
2033,19553.8264045886
2034,39936.807579535125
2035,41614.31390353982
2036,20125.935228171744
2037,22001.830498986634
2038,19743.613945769965
2039,16871.166759944826
2040,21366.851498714233
2041,23498.21189455101
2042,31981.81724418513
2043,17974.25824102872
2044,28459.62628124488
2045,30351.3004457056
2046,40716.47096758186
2047,35105.42413133107
2048,17552.871156882517
2049,19638.154564973906
2050,20365.304217533063
2051,23451.088463299875
2052,22438.536201302395
2053,25599.415932809246
2054,20932.806050869363
2055,16869.51695218465
2056,22260.630496793015
2057,20851.354458351736
2058,20994.187141563478
2059,16064.546163903355
2060,16881.291168848107
2061,26960.27411807232
2062,18522.9506552854
2063,25855.340591765016
2064,16781.065854300086
2065,16472.628605679376
2066,25766.963208364217
2067,17859.45175878705
2068,29189.17888562439
2069,24473.890844278663
2070,37322.36626371943
2071,23985.03443272048
2072,26300.7751432235
2073,23750.31915954228
2074,35524.58651688679
2075,17109.955762892256
2076,43750.90277110764
2077,25950.982309803938
2078,16572.57493367982
2079,18104.497907226418
2080,16566.530439607566
2081,66164.49628896378
2082,18339.350602049195
2083,25130.626379055
2084,19134.75993885008
2085,18517.81632026141
2086,26678.127276651005
2087,19087.383454947085
2088,41053.524454793245
2089,17245.629420015783
2090,17623.254483026976
2091,51585.97432066915
2092,21901.4021525485
2093,17874.13196786014
2094,15877.203786393173
2095,16647.91734277853
2096,21501.80558679712
2097,31653.86501721379
2098,16756.197791887145
2099,19207.546862829313
2100,19023.93532931153
2101,19987.401262334188
2102,33591.121920730766
2103,24760.56532180787
2104,19714.927842345805
2105,18372.29624362611
2106,31441.977201036676
2107,20393.475081297798
2108,23919.041536397395
2109,19513.726826135822
2110,27633.71974065514
2111,16163.213768045684
2112,44235.80967226177
2113,25326.573609227045
2114,33200.90697480316
2115,30366.572081786104
2116,20202.044420678998
2117,17580.520234493877
2118,16536.66740132729
2119,24421.670972985285
2120,23801.382187017327
2121,22575.54445018917
2122,24334.882819349867
2123,20602.472313534014
2124,17470.187345255737
2125,17303.948520388338
2126,19085.51930174955
2127,25663.017003052224
2128,16576.022040654385
2129,37844.339365017695
2130,49173.82410674384
2131,25465.277470591718
2132,31820.544154773706
2133,17848.5210922905
2134,24895.718754509508
2135,25117.00554769481
2136,17646.464664066105
2137,35263.483049985916
2138,17095.159389869877
2139,47883.070575830934
2140,31679.388386713308
2141,16194.994907117294
2142,18392.235008522977
2143,23127.45243991167
2144,21701.26519756884
2145,25020.703074762732
2146,32381.46800581817
2147,29720.09424748687
2148,24815.10887577503
2149,25536.93574533437
2150,37497.57620104153
2151,16524.101617096974
2152,21465.396038215484
2153,24284.05937272007
2154,21095.16085418438
2155,40751.795971603686
2156,17370.08686453688
2157,18139.984990947363
2158,16820.4381740513
2159,21897.00811868598
2160,25673.83660041445
2161,39499.9906592624
2162,23474.146202650452
2163,25857.61740347163
2164,16564.764342203172
2165,27377.328092480395
2166,22201.660014114033
2167,34765.67360971202
2168,17016.982055652843
2169,28179.522214674143
2170,24144.396360913
2171,16683.16096087183
2172,20859.145005035152
2173,24821.91368110088
2174,27605.976134103756
2175,22641.023747065028
2176,17396.911498706577
2177,17666.098377647737
2178,23572.226306824745
2179,23784.617502120283
2180,27982.844835157877
2181,24307.84168444368
2182,18303.34070946737
2183,18376.59642573477
2184,18817.321729959494
2185,18466.33465112571
2186,25229.488913608922
2187,16805.338784218708
2188,27442.851563661377
2189,25744.353653471255
2190,25798.155619093315
2191,16980.849401625645
2192,19408.231117494397
2193,25287.250863834393
2194,19017.96152031864
2195,21580.69668340238
2196,23732.823801459926
2197,22082.07676869437
2198,20968.358536189226
2199,35122.819835549315
2200,30634.890221579055
2201,23438.899533274325
2202,16723.984422256588
2203,28288.946268085878
2204,21098.8156132876
2205,16763.671632009242
2206,102953.24221104971
2207,24417.996848543855
2208,49742.10292358435
2209,22913.725372097648
2210,24689.983486994297
2211,33584.78625994916
2212,33407.750836781364
2213,26996.480478176607
2214,21635.01316197471
2215,16296.26588998611
2216,33624.90432989442
2217,23932.30110384591
2218,17328.967057293532
2219,18369.30135475671
2220,23882.044643537745
2221,23066.63552225923
2222,16116.562152319486
2223,30452.71953510184
2224,27373.6292920544
2225,17382.598121643125
2226,33960.94636218091
2227,18441.051317252088
2228,17222.68306816055
2229,35824.41618901675
2230,17175.573651689887
2231,19223.30843450484
2232,21857.875597608723
2233,18397.414816033328
2234,16815.123946884916
2235,40603.09177547033
2236,26730.44587860358
2237,22582.172878280624
2238,18372.713840465123
2239,16665.230913615742
2240,16476.999359132955
2241,28355.618671817527
2242,20834.00543029632
2243,31398.008288690944
2244,23603.204515817037
2245,32636.074092150586
2246,22886.387477695276
2247,20077.679188616028
2248,17486.216272656507
2249,18941.86948601781
2250,20820.443180310536
2251,17838.106203249572
2252,31253.58639454568
2253,25231.53075697352
2254,23721.858908686478
2255,18290.606250330486
2256,18687.93634891608
2257,17329.252499762326
2258,51767.44626842306
2259,28267.371341213988
2260,46460.16906328862
2261,18179.17869124475
2262,51866.39307531058
2263,21572.972965031462
2264,17866.002316174858
2265,18768.318080101977
2266,65848.60205682744
2267,18404.908617656554
2268,17016.03450853134
2269,23507.49889508697
2270,19382.47133225953
2271,18005.54947161282
2272,22086.345941517902
2273,19347.372985461483
2274,20016.156472039944
2275,20208.84234964909
2276,17097.46601976847
2277,25680.05830432249
2278,17410.151663190816
2279,65292.979534098966
2280,17062.207578586815
2281,22166.513665039864
2282,24501.8671741731
2283,26808.22903305345
2284,20763.03271507462
2285,25592.732531830363
2286,19452.76054140202
2287,21885.68209251138
2288,24848.82854448626
2289,16563.10318946345
2290,18323.233568535405
2291,21510.860855789713
2292,16832.835009548584
2293,21307.03928688301
2294,29034.45422405943
2295,20252.453313978567
2296,17061.44426466651
2297,24642.33578502625
2298,28440.19460775126
2299,24826.97978612374
2300,17589.405803396014
2301,18055.24513917575
2302,18801.917931742897
2303,17919.845737024636
2304,33665.34382908858
2305,26030.079249310216
2306,24498.88085820383
2307,32304.237002738126
2308,35210.606114854716
2309,26114.68609892284
2310,23525.99205145361
2311,17721.11504222208
2312,26137.429851513803
2313,22277.627706156487
2314,36738.38697960159
2315,23517.00894473926
2316,27303.117041948848
2317,36326.09970313328
2318,16326.493107153341
2319,41859.88086714742
2320,29721.397736984716
2321,28134.784120267068
2322,24450.069011196534
2323,28987.085432287804
2324,17417.228584862372
2325,16378.870465463162
2326,26644.075120093254
2327,19190.545209951102
2328,19695.308444788978
2329,35213.245721585175
2330,43124.052454574026
2331,15934.687072376877
2332,18180.89476315558
2333,44664.66007852942
2334,30878.643212527582
2335,32243.621217435517
2336,71502.51078618872
2337,17833.94343218083
2338,17876.61179993752
2339,39817.55218827658
2340,19978.903271412466
2341,28267.613115650198
2342,21466.953935434365
2343,18289.647839931815
2344,16681.07302362226
2345,20673.59797453828
2346,45591.671406013615
2347,16048.63585408814
2348,18550.934298444383
2349,17315.420700111226
2350,27202.578763117664
2351,16219.912411833386
2352,30132.420598685665
2353,75877.13622104656
2354,20486.12837776547
2355,22202.28495785246
2356,21628.56225155002
2357,20316.214376150587
2358,36057.95964486333
2359,16338.209735246255
2360,26374.787155825834
2361,24155.38425696594
2362,19076.559856113116
2363,16123.619863707381
2364,25781.481043915635
2365,37321.846631649365
2366,16855.321069803616
2367,16715.203944867175
2368,28037.910876198337
2369,25771.13425087634
2370,35546.10305693546
2371,16017.276263108357
2372,41097.359303834884
2373,27235.683950735358
2374,17331.004278745757
2375,25567.824563258113
2376,29176.046503356316
2377,32717.676647045017
2378,25422.334678493084
2379,26376.87973458339
2380,16100.479249722903
2381,35183.4698060228
2382,19137.786957295335
2383,16415.424229324373
2384,16920.60829735741
2385,22006.275199941127
2386,25573.6164680287
2387,18768.62297504885
2388,24009.266223045004
2389,33528.36321518843
2390,27816.21348168316
2391,31291.056874070033
2392,16808.806853115
2393,17244.44948662092
2394,20116.810562305807
2395,18323.55557553064
2396,16659.4005342312
2397,16628.16937060987
2398,32530.889797528125
2399,32193.75556695682
2400,21692.128099673537
2401,29947.361278134475
2402,21112.660871822005
2403,16598.398835119977
2404,28218.091339652226
2405,18899.742116244324
2406,19378.94913309356
2407,31148.851129785377
2408,18574.750015323316
2409,21331.317632330116
2410,38680.195287861774
2411,27582.356559913434
2412,26507.695822019225
2413,47094.77000793564
2414,19637.779041946043
2415,27464.661966476313
2416,17151.84978334766
2417,26808.001967270306
2418,17344.721572949882
2419,21339.480967613235
2420,20873.619072166046
2421,23377.116378164807
2422,19610.048272768137
2423,20181.148462779514
2424,17326.42569571486
2425,17234.281871794883
2426,24050.213086896452
2427,16428.78113274918
2428,16053.348071936392
2429,17259.790453882797
2430,16080.019656570774
2431,28554.641580474203
2432,20142.677748234153
2433,16891.364739731303
2434,28885.816361456407
2435,20740.365274225085
2436,20366.580338663778
2437,22915.17587044091
2438,37938.165285235875
2439,17783.123944176423
2440,20762.71230037629
2441,20240.971824199314
2442,28958.90970666295
2443,54652.67699827699
2444,32523.02226621332
2445,36423.709814319605
2446,28428.044653094563
2447,82147.81582489851
2448,21173.092315520295
2449,16990.82591703787
2450,16234.628300907445
2451,22973.545732819966
2452,16876.760759777724
2453,32126.26030490552
2454,19452.452438632263
2455,26935.13614923338
2456,19564.7600684645
2457,18322.32389834157
2458,19238.422907309417
2459,19978.63941588856
2460,25056.95577618074
2461,21119.80336243444
2462,18392.946868832318
2463,16066.013883690259
2464,26079.247502438076
2465,31155.651097021524
2466,39433.57987657388
2467,21465.552676472573
2468,19624.485409216675
2469,32307.300046084292
2470,29705.066961799268
2471,39225.7410235938
2472,16192.580809311637
2473,17393.297117663224
2474,31131.169178240387
2475,20613.25326582766
2476,29046.30190193711
2477,16815.144696707466
2478,26328.415879605793
2479,17848.85843755135
2480,23844.229683376943
2481,25010.44475418338
2482,27446.073112394337
2483,29569.57677038327
2484,19513.726826135822
2485,27438.501062123778
2486,18998.698901998363
2487,32537.040590424753
2488,40820.730572472945
2489,23568.998187003992
2490,32157.61894568526
2491,59791.83645993206
2492,20737.155345176434
2493,84238.09798113767
2494,16225.403572095194
2495,44895.87852645092
2496,23298.945095551233
2497,22367.531921138925
2498,18212.554874424583
2499,18550.710476493296
2500,27391.62012452981
2501,22819.84375660835
2502,15929.15263729536
2503,37031.196151402306
2504,19394.94928567806
2505,16061.357396729125
2506,21280.002136585626
2507,15948.27949609609
2508,18066.8321529075
2509,56173.38596321911
2510,20206.590988509946
2511,19430.74842953385
2512,31226.76245850148
2513,18091.207913113813
2514,28112.651272901418
2515,17671.78375135276
2516,39268.161319005616
2517,16411.05825351579
2518,24283.16536801418
2519,17943.332264489487
2520,30774.148679006703
2521,27438.883633553476
2522,18657.03074149813
2523,27249.191116471357
2524,42210.37274534001
2525,35939.99957933934
2526,18654.09264478139
2527,36708.31936260917
2528,27709.078702701736
2529,20080.73090245945
2530,39816.134299807796
2531,20053.67882825377
2532,16725.515083238406
2533,16867.360384217693
2534,17065.560862991508
2535,19442.711643187595
2536,25504.334667965144
2537,37297.829240203406
2538,17584.424628158096
2539,59942.295289662434
2540,24548.941338693607
2541,26658.115662770797
2542,16735.6010171807
2543,26064.790374128723
2544,17659.905722488533
2545,16031.124867902077
2546,15946.639886959034
2547,16884.513809218
2548,34913.18573881015
2549,20510.907960829136
2550,61816.64158039827
2551,20385.73590503425
2552,24813.389551120137
2553,29167.85536634165
2554,16558.997838547875
2555,17839.414407086668
2556,19261.50348239872
2557,16346.7388435247
2558,17116.878649654558
2559,19058.502380002734
2560,17208.27586744345
2561,31024.266250880966
2562,40650.278220261775
2563,22602.884899592867
2564,19016.394903959852
2565,20296.67677850937
2566,16255.592973888855
2567,18628.457673633737
2568,29684.753773441378
2569,19631.857821740083
2570,20882.46483022614
2571,23272.606944309966
2572,16800.951090879065
2573,17304.596647582868
2574,33827.61111688469
2575,21927.147874831517
2576,27642.617668165316
2577,21465.701943632102
2578,25093.575396807028
2579,16251.915622560562
2580,33523.77513932107
2581,18637.99292721612
2582,26638.817516770083
2583,19452.76054140202
2584,26543.523617589675
2585,18745.488818055685
2586,20929.503428680644
2587,28346.865050494107
2588,26182.09666757703
2589,16722.04501926679
2590,16990.82591703787
2591,21798.231817720985
2592,22921.02622239948
2593,25638.228367354448
2594,19548.04688404807
2595,22570.40966208816
2596,27093.809583970444
2597,17818.539528821704
2598,16550.759069321204
2599,18128.598304102165
2600,21995.354831627188
2601,18858.14633579655
2602,20107.735407440097
2603,16221.256230947623
2604,21163.964264888116
2605,18151.122081243284
2606,17793.77703266738
2607,19242.624311739342
2608,23988.079802678174
2609,21311.121641251877
2610,30212.79346206264
2611,23850.45812046991
2612,17048.975804707126
2613,16548.53185274202
2614,17205.768708010306
2615,18664.09386803482
2616,21067.332567208952
2617,23118.478297884743
2618,27453.896274946754
2619,55316.21908898933
2620,22735.129013597456
2621,22446.132004203508
2622,24306.588765066386
2623,16279.922153215692
2624,56088.15695107341
2625,18324.40901280755
2626,17803.85486453563
2627,21430.333720013477
2628,28145.285897043315
2629,29099.34543828202
2630,50998.847471691384
2631,16632.789929510785
2632,22262.362467984134
2633,16124.14975683152
2634,21362.093761478845
2635,22201.660014113993
2636,31564.43643258288
2637,18650.077732559545
2638,40244.83771162858
2639,29821.23515630932
2640,31215.803600106992
2641,32586.34450532273
2642,17312.975159828522
2643,20317.776030712143
2644,48482.0896498011
2645,18283.44040508969
2646,27587.25668458534
2647,16833.50622486915
2648,21888.204702714327
2649,32886.359187910806
2650,31166.00724780194
2651,28843.055476486832
2652,37257.57237912109
2653,26927.019744078116
2654,32563.561735623494
2655,17786.658227621796
2656,31699.660033607597
2657,27369.220647486098
2658,32098.452584456103
2659,15963.839852948255
2660,34607.032077117234
2661,45801.287604553596
2662,32039.015360414982
2663,40313.94470947295
2664,16430.56969812996
2665,49099.27837586903
2666,19429.015814226885
2667,20839.50699246214
2668,35730.215783879336
2669,29266.380892495978
2670,16748.86159403828
2671,18354.13533139348
2672,23988.223316688513
2673,16120.549218184964
2674,36646.88324372888
2675,30828.35772850174
2676,29915.822335694134
2677,20075.727887909423
2678,21391.086755036762
2679,36096.31362705344
2680,33884.200700561916
2681,16751.412904180797
2682,16353.102596549646
2683,26674.595703725474
2684,16832.835009548584
2685,16216.804934415613
2686,16512.576178206462
2687,16342.492359906437
2688,22499.59003057272
2689,24541.423198749086
2690,16964.49406944591
2691,21785.891082604197
2692,27107.54166744577
2693,16391.961572474804
2694,37808.68635223874
2695,21811.226172027582
2696,24450.23717729221
2697,27419.91533860442
2698,35522.965416460145
2699,16033.97619198661
2700,22895.694958659806
2701,20412.086490559934
2702,29635.24450324848
2703,31817.186132890365
2704,18822.86304218277
2705,26932.5252168601
2706,27793.412480675124
2707,31411.13521701615
2708,19597.566883993222
2709,16134.874622444246
2710,22195.040481497435
2711,19199.744387744337
2712,22563.308174682985
2713,19513.726826135822
2714,26896.956495902574
2715,20694.1871190271
2716,18023.690239877058
2717,24372.13889965936
2718,27796.2584455143
2719,19475.5495569371
2720,25589.70559202061
2721,33769.361534530784
2722,30691.652021246104
2723,36075.43605455844
2724,18337.913096954817
2725,27227.661422058587
2726,22015.077267118584
2727,25994.450240597107
2728,16625.87864195715
2729,18234.595173642454
2730,17625.139448096154
2731,16756.381963087497
2732,18524.952121122657
2733,15952.602695795533
2734,23533.746948051485
2735,23572.226306824745
2736,17354.689480099714
2737,24285.59506807873
2738,45585.3532825775
2739,17314.01334683443
2740,21431.17752670556
2741,18421.97651471619
2742,24565.314517060317
2743,35074.829586643755
2744,18319.3996310729
2745,26870.28841135856
2746,16991.988728938777
2747,16131.69972304105
2748,35814.703628680865
2749,35374.439050160596
2750,26516.21738400877
2751,17901.719559701578
2752,26419.193750446437
2753,36438.02359620303
2754,26827.98490252221
2755,16992.5871045417
2756,34639.483622467465
2757,17082.23894136975
2758,16486.92790401856
2759,31235.309629438674
2760,17267.19489895528
2761,26426.430393416824
2762,31561.849876635937
2763,41025.193612141644
2764,17282.401949818188
2765,25237.371165726996
2766,22381.606421735054
2767,19007.06594481855
2768,18854.719534036212
2769,24350.801704261932
2770,19007.465280626897
2771,25672.987055706402
2772,24197.175550998356
2773,32589.32090054849
2774,22836.341168700037
2775,19770.565648131076
2776,39588.02618612167
2777,17758.06790118619
2778,26012.47850244288
2779,39111.27528910553
2780,18439.724109373714
2781,17326.122702480312
2782,37912.428950308524
2783,18862.41483448888
2784,23392.35263941582
2785,55786.80044452838
2786,23247.631165810373
2787,21323.976984515462
2788,37876.24477612281
2789,56808.623704437836
2790,20975.514143367393
2791,18487.845457046686
2792,21479.998016804766
2793,16401.31193455527
2794,17329.10429937998
2795,26760.272871338402
2796,19137.932526880133
2797,30809.389450361956
2798,18145.47594449915
2799,28535.653414138582
2800,23055.39824095124
2801,21114.05346166613
2802,17155.85490628416
2803,26786.238298186865
2804,23425.358658846788
2805,26486.289270661902
2806,22461.87731111846
2807,17453.06891390252
2808,24117.789124268525
2809,24692.16240442907
2810,18522.444559289117
2811,16672.112856970576
2812,26330.419653383124
2813,16529.623171132425
2814,22406.668116532706
2815,20768.282506285093
2816,17320.000453785808
2817,16540.268982912872
2818,19904.966301204666
2819,16146.892844325379
2820,31681.14712096927
2821,18586.774703022875
2822,26745.2453209205
2823,24047.177899319428
2824,19487.637804317837
2825,26703.4252177873
2826,24018.425989168332
2827,34526.1383153762
2828,28643.21440444146
2829,16681.07302362226
2830,44366.37351291252
2831,36572.47280570157
2832,28702.11593625836
2833,26072.22570821835
2834,21466.953935434365
2835,36682.740254229335
2836,18264.2351409457
2837,17208.394285409984
2838,26546.587727070913
2839,31947.960718471586
2840,16682.40689562651
2841,30583.19788267191
2842,26639.27012386346
2843,17587.702465147006
2844,23803.233052653857
2845,38033.249645147174
2846,16832.835009548584
2847,16392.98497826683
2848,16442.50632991123
2849,23622.162557018928
2850,18400.37894659033
2851,17533.19339074213
2852,17500.897193365097
2853,18563.926878151462
2854,35216.16221297404
2855,44748.73323472222
2856,33897.081507337316
2857,27485.04771855144
2858,21382.75069894261
2859,24025.15493546606
2860,18966.528442544124
2861,29626.65579705984
2862,32345.8240849142
2863,16462.36226877335
2864,26640.770714498576
2865,56184.334016701636
2866,32344.46734684693
2867,38675.31979499748
2868,17272.807519614904
2869,24026.813065793558
2870,16531.735978131506
2871,17139.69183355441
2872,25144.430036281683
2873,22771.865584527524
2874,27091.520985451083
2875,19935.290197892875
2876,16866.745314990814
2877,30836.13421905024
2878,22858.420753708153
2879,24769.636104999314
2880,16551.137818766652
2881,27222.016137881707
2882,20366.287523727933
2883,22748.166284057428
2884,25422.286232541897
2885,31389.953578842054
2886,128802.47536071944
2887,27976.328230237945
2888,39816.25929738592
2889,24698.574955796394
2890,16825.354586920657
2891,17873.944018279937
2892,24994.344161116514
2893,19513.726826135822
2894,39613.85742815608
2895,24764.32959837693
2896,30767.576901846794
2897,32925.26170867519
2898,19894.967435384566
2899,18625.284319611455
2900,27169.75117433314
2901,28802.913609280873
2902,19166.929035584362
2903,17998.722241161413
2904,34611.3444587164
2905,28867.16912500652
2906,80470.71252613311
2907,19035.465097796314
2908,24706.864055327263
2909,17240.415648977367
2910,16400.16233165164
2911,17875.45007449001
2912,20199.01176268274
2913,17414.507283468953
2914,16269.713070110782
2915,29226.62654200574
2916,21593.58834535929
2917,20207.543526065278
2918,20751.866267400204
2919,20650.03903685823
2920,17000.85376284756
2921,25299.945998806004
2922,27635.21839735506
2923,17335.40396234414
2924,16997.139373864924
2925,25315.399843925952
2926,31781.152742621765
2927,40152.132196254024
2928,19651.501252496575
2929,17159.62731259702
2930,21322.544228831062
2931,23722.823920074185
2932,21139.60623018073
2933,20607.554628531463
2934,19104.828483771573
2935,18655.472632564954
2936,23363.229353862247
2937,27421.879926243404
2938,24190.398569234112
2939,16674.630639410923
2940,24617.0070269093
2941,29694.516036105346
2942,26952.06426979264
2943,21258.37370535264
2944,23058.70796147208
2945,44893.23347774546
2946,18037.750860634467
2947,28609.84433592337
2948,25047.68711421036
2949,16589.902543434964
2950,28076.509145286214
2951,29781.873682603906
2952,23595.08613939595
2953,37080.21066318097
2954,18623.046524222595
2955,17057.929617801972
2956,16681.07302362226
2957,27155.91637184503
2958,18359.849896058717
2959,16819.493204411698
2960,25354.570402673202
2961,26766.64746091867
2962,22300.36726595523
2963,16709.87196197181
2964,22735.129013597456
2965,23026.635709504317
2966,29132.275293309605
2967,28293.993230195305
2968,19791.209152499145
2969,20223.802309603234
2970,26708.39103342198
2971,20906.271096686312
2972,26510.688525959686
2973,18340.39293386891
2974,17340.244306794728
2975,24046.897065856752
2976,32507.56944963065
2977,28656.893526590473
2978,17418.170507608338
2979,23149.08119696115
2980,21039.450302481127
2981,16108.878529380008
2982,32099.121416904614
2983,28681.95248799486
2984,19671.5242176189
2985,25229.6054141148
2986,18678.246683066962
2987,20118.555695497154
2988,32801.330471577385
2989,17763.858930158385
2990,37449.48640797525
2991,19549.445098472144
2992,25203.44231143648
2993,16845.003476026435
2994,29163.992707978963
2995,31117.75523420973
2996,21563.17003240271
2997,19240.603269600757
2998,24758.412888134237
2999,26767.80353811777
3000,24297.445590063493
3001,16659.070791003687
3002,18015.646828505458
3003,25997.052981500303
3004,22636.783878613875
3005,30484.601356536426
3006,17599.302189590315
3007,41092.7889613587
3008,16437.975927979125
3009,32577.712074957577
3010,31323.857550261404
3011,29279.049423956913
3012,16156.381507575728
3013,27717.119190858677
3014,19917.701756419276
3015,18829.163453825964
3016,20342.55033810888
3017,23521.80394945547
3018,16385.31333223024
3019,19899.416291387344
3020,20298.777167583106
3021,21466.953935434365
3022,17081.727369444594
3023,18708.967770077572
3024,17446.397696114265
3025,33876.27371771478
3026,17370.23075868743
3027,15893.323369170257
3028,30115.412485475816
3029,17401.685266032207
3030,20866.940664228954
3031,29363.030074214417
3032,23108.630117367506
3033,20088.110536143282
3034,17567.89693149007
3035,35726.575345105244
3036,22978.76970443519
3037,24273.850863132586
3038,17078.457103843433
3039,23572.226306824745
3040,19470.312541815405
3041,24816.892972900856
3042,17766.340821452384
3043,26216.144490533537
3044,19979.159886442114
3045,32317.223447874487
3046,17123.116634127964
3047,21085.96260787901
3048,24727.37139699602
3049,24516.29679528309
3050,16686.498312566502
3051,17017.9271968574
3052,21049.754750577795
3053,23775.247741259438
3054,21446.421424451895
3055,33147.90776030827
3056,26184.92950464415
3057,23118.196713005753
3058,16468.529384473914
3059,16116.127277309728
3060,37792.19676956259
3061,19124.417388142298
3062,17282.60057968375
3063,19709.3979612407
3064,43727.249283324265
3065,16833.282483455318
3066,34460.40387280443
3067,31909.665131037258
3068,21716.639036238994
3069,21289.222904670416
3070,16141.08340994065
3071,16163.213768045684
3072,26576.008673877528
3073,18430.68172482332
3074,23997.854110924443
3075,20808.58896025116
3076,20079.497512471928
3077,31066.883540114683
3078,35736.056446225775
3079,19457.121169988754
3080,25560.497779607096
3081,16042.690579176357
3082,20591.67857940346
3083,16904.73812986774
3084,17131.129331111544
3085,25084.62700502862
3086,21464.702084997534
3087,16301.155042960438
3088,21405.46081459215
3089,20774.888384875216
3090,29989.817725503777
3091,21005.170146688644
3092,22724.67520819465
3093,22332.35229175108
3094,16150.252724093138
3095,17264.491608358
3096,17717.951070328807
3097,24331.896657101755
3098,20354.338626628778
3099,41185.23868823554
3100,16222.398892132322
3101,22846.370202802027
3102,23565.931490762123
3103,29203.248689098262
3104,21869.038835444586
3105,20344.754346703077
3106,16681.07302362226
3107,20617.696338075406
3108,16998.549853764005
3109,31467.771956925597
3110,26286.060317257245
3111,16442.762226319024
3112,21432.53878132255
3113,25617.019121817495
3114,16096.038468184912
3115,21074.876978588476
3116,18674.966517243476
3117,16593.32081169072
3118,25255.813929581098
3119,52671.33523710612
3120,16885.13271696394
3121,18852.091167529208
3122,31268.221145472933
3123,45099.519010878554
3124,17439.710301970466
3125,17045.02080149602
3126,16589.902543434964
3127,51808.766174144
3128,16520.629100041897
3129,17430.115554431555
3130,19630.388772014267
3131,32199.677836794395
3132,44557.03235889962
3133,19894.96437587467
3134,23574.481808464134
3135,44286.83615231796
3136,19627.621176859415
3137,19007.53858334141
3138,18610.16269719694
3139,16595.863329794705
3140,18391.48924224019
3141,24805.19534853761
3142,30827.919615542643
3143,32283.248355863365
3144,39403.93858322411
3145,33871.552617640045
3146,25809.349040100074
3147,18495.838141068776
3148,25957.70619405525
3149,17016.982055652843
3150,37441.59385578763
3151,19143.695283417426
3152,17168.65109099656
3153,75161.90814497793
3154,32588.643950940004
3155,20926.060465717004
3156,34298.99402479937
3157,19834.683905120408
3158,27139.537007513118
3159,16134.685225191286
3160,16638.160451297066
3161,18899.742116244324
3162,17917.359396615382
3163,19093.38904388797
3164,26994.824985679275
3165,26189.54882817213
3166,42696.229514964405
3167,27786.291037218994
3168,24447.070253791713
3169,16448.67746416082
3170,49615.57515610986
3171,20421.533283765188
3172,19936.831484607603
3173,59516.0419825971
3174,23832.436284406693
3175,19145.05800026315
3176,88283.70618268628
3177,19022.042237122892
3178,19679.19390408648
3179,36487.72967174497
3180,25242.635561799187
3181,29099.984848579457
3182,23522.167964897293
3183,16101.19054772714
3184,20785.162125706036
3185,17019.828451633355
3186,17822.462685905386
3187,19910.867613562456
3188,26633.570548825654
3189,19663.909095433064
3190,18416.725042990365
3191,19768.570168901475
3192,22680.051496954788
3193,37460.39710610429
3194,22974.742544171084
3195,34668.09158430384
3196,18646.357070090784
3197,22720.808266330227
3198,19588.198712752746
3199,16299.00794595473
3200,23375.213626097433
3201,18351.171452899074
3202,17847.210864557404
3203,23976.824205039116
3204,38093.154447130466
3205,24015.587280720898
3206,20858.569281538057
3207,19712.572635533106
3208,20817.026908023927
3209,33875.60098018148
3210,19452.14434074211
3211,23226.97169528283
3212,37350.99795936412
3213,24440.853799640878
3214,20302.065187596854
3215,16321.278948204425
3216,25188.096839808004
3217,24588.192982142536
3218,31877.538475518322
3219,27308.31591271137
3220,20142.740634150003
3221,22787.88718648921
3222,21158.420120621635
3223,25132.91023654195
3224,18234.788574798768
3225,43706.19028315868
3226,20595.345852622435
3227,50950.949633412994
3228,24417.936742294245
3229,30744.031136158974
3230,45452.8049685045
3231,16836.897701120102
3232,20322.931212400246
3233,16867.85859209226
3234,21192.844848963265
3235,17338.12669285594
3236,23898.787811777373
3237,18801.917931742897
3238,23298.986330331707
3239,31638.606963128113
3240,38062.943983595535
3241,42628.37894565195
3242,16748.884509115484
3243,17879.49587462342
3244,21599.63139751912
3245,25931.663479778163
3246,23688.85616596486
3247,28203.857826656546
3248,20838.41458365695
3249,27670.48747184637
3250,17462.445590007876
3251,24042.696393571816
3252,19205.884345632534
3253,21118.76473497338
3254,16501.843190200903
3255,25894.801221077825
3256,26621.032121685024
3257,23320.90814659585
3258,18167.24813086518
3259,71478.29413853142
3260,24730.0947230657
3261,17261.15968406607
3262,23878.940712291038
3263,16438.477525967657
3264,39407.35240120327
3265,26978.963614665325
3266,24995.328639134772
3267,16560.284439748193
3268,17848.814113787535
3269,20527.498360216334
3270,16873.93037648479
3271,31260.75561804294
3272,22596.785043278698
3273,32009.976003390948
3274,28546.98044239843
3275,16967.430857408897
3276,18036.46984825319
3277,18735.14544622147
3278,23757.18741667179
3279,27246.751674334333
3280,16893.432942179377
3281,18470.51227771161
3282,38562.42652643834
3283,17841.698659398808
3284,20266.69283238163
3285,33271.15308293582
3286,41232.7758115179
3287,16870.91553049784
3288,16453.98468219693
3289,19616.455412438925
3290,17751.763158536567
3291,27925.208392970333
3292,39943.27068279805
3293,29783.155996653997
3294,17521.97684302293
3295,16960.814758639925
3296,33567.344020490396
3297,35472.88304220393
3298,30235.451670277223
3299,23014.116624412523
3300,20681.30510130641
3301,20873.02243616832
3302,17165.332951496363
3303,29438.794920636927
3304,25215.388778839297
3305,27128.26202183599
3306,26008.92421354757
3307,24299.60684368555
3308,28502.698126306685
3309,21069.820991049637
3310,17242.714346231427
3311,24736.002310920816
3312,17053.725451314105
3313,17022.251346122623
3314,17157.08711971787
3315,16584.919394829227
3316,25296.32099912136
3317,18802.937781150802
3318,27066.423749835052
3319,22016.52487314614
3320,21572.889906887987
3321,16268.278207835816
3322,24051.50656228412
3323,22146.702803028325
3324,24135.089107279477
3325,16990.82591703787
3326,17201.692887272646
3327,50650.791572936905
3328,16129.495492987688
3329,17240.428310222786
3330,27754.874635749056
3331,17548.000259915316
3332,16834.359113170427
3333,19099.38710737303
3334,16028.416414103747
3335,16272.663375114327
3336,16846.953219488445
3337,24647.921115535904
3338,56683.22915507694
3339,24130.803312625398
3340,16596.981063509153
3341,15934.721351070744
3342,26131.84893455361
3343,19093.89718316097
3344,26564.12110744341
3345,19145.63899797658
3346,16156.48067172173
3347,29192.238316081686
3348,22345.646933834712
3349,27187.29804399876
3350,22767.625895119894
3351,18053.301903286498
3352,16411.590782450898
3353,16538.79643017348
3354,18928.76439464312
3355,38062.943983595535
3356,16760.072897728824
3357,27203.726032977647
3358,25989.37806052128
3359,25671.616332549107
3360,25749.728107258397
3361,29800.263807162602
3362,24332.39777442766
3363,21992.68895793009
3364,23293.11936669546
3365,23093.693112178316
3366,17212.29411247764
3367,21085.393656335913
3368,19644.08762545336
3369,18534.486335730453
3370,22704.462780821315
3371,16748.884509115484
3372,30597.63942408455
3373,30405.46102431142
3374,37544.51445553457
3375,18685.975201211906
3376,23157.65184919739
3377,16033.577352040233
3378,16298.283302364815
3379,22297.79492972152
3380,21506.626719591794
3381,16128.20001733071
3382,19715.833288920945
3383,16555.186637214563
3384,15873.138933509812
3385,21902.206157899287
3386,20925.391756565747
3387,18899.742116244324
3388,17553.23412123577
3389,38429.19867191499
3390,22368.414650741284
3391,31008.809387626483
3392,24112.400383088952
3393,27029.817667334388
3394,19532.32924071315
3395,30991.949693482824
3396,16307.096383714832
3397,22025.245242027257
3398,16613.70887833903
3399,17417.79797524462
3400,23787.734279000328
3401,29435.586829624164
3402,18801.917931742897
3403,20947.67488215771
3404,23095.77348405246
3405,15974.3775916755
3406,45052.2807668575
3407,28456.14886048292
3408,20079.011748141525
3409,18126.164511134983
3410,26116.034751327003
3411,27908.92253659431
3412,17968.737820726998
3413,21980.443039560454
3414,18787.851439734415
3415,26835.986179435484
3416,24655.821265226106
3417,25463.88474708001
3418,18916.99379990407
3419,18810.693232945992
3420,18155.20546091459
3421,35940.30102786772
3422,25758.270449760945
3423,18237.04140132995
3424,16068.47818022002
3425,45106.991902889255
3426,17718.065777357337
3427,25640.291892854148
3428,22724.891553023164
3429,30516.68537347926
3430,18801.917931742897
3431,23659.466717686744
3432,16199.738481289327
3433,17980.015554822166
3434,23338.354759222653
3435,29049.322611140105
3436,22084.57154803542
3437,29472.89211050002
3438,35410.434040916654
3439,19016.394903959852
3440,17191.753801347913
3441,27307.93260907563
3442,16193.263347301423
3443,18121.264569318548
3444,35098.49521949232
3445,23971.427371870475
3446,26567.052475684817
3447,22444.505912389162
3448,37927.13491070344
3449,17598.895195272555
3450,39925.12927071396
3451,26810.2419704902
3452,27725.632752273694
3453,29695.359696964642
3454,19095.77947374667
3455,45190.43379334377
3456,32010.546983468936
3457,16681.07302362226
3458,35538.728341866175
3459,27577.040184855105
3460,19154.036276977058
3461,18488.44945311237
3462,25019.369819209973
3463,20617.871714629735
3464,22671.36222475965
3465,55666.11524113282
3466,26986.515157107413
3467,16351.706086806545
3468,25592.604849027583
3469,16765.893464962686
3470,17666.109633144024
3471,27799.678689276494
3472,17436.29620784123
3473,27543.83450919841
3474,20144.36031863013
3475,41228.92572751109
3476,17151.55332173598
3477,37201.32330895888
3478,19569.8427142169
3479,16683.68097078781
3480,27859.90281315854
3481,16381.914147159681
3482,32177.247914841395
3483,20241.348154024174
3484,17207.533374332907
3485,16007.8180340288
3486,22297.470957682883
3487,40010.93422604012
3488,23970.651382453245
3489,18584.30457494166
3490,16728.04961509621
3491,49452.53411270601
3492,31084.76153341922
3493,25970.966893515833
3494,39315.738656524336
3495,16735.93204126092
3496,30903.01214072141
3497,26902.236665216944
3498,22025.99404852873
3499,16221.29303300816
3500,18878.590450399202
3501,17057.929617801972
3502,16807.857950421556
3503,18558.813081871373
3504,17842.032551447985
3505,17392.412632543404
3506,16623.780726927947
3507,20896.499400994682
3508,18355.007277115423
3509,28762.23328334684
3510,17059.355609137885
3511,18008.72892921819
3512,17380.481546045896
3513,28184.2743463089
3514,49067.48410773647
3515,25863.25847395375
3516,19160.19640406241
3517,16214.94922681625
3518,21754.554999721917
3519,17575.092539424808
3520,15922.206868928142
3521,16417.03344096162
3522,33068.63429656976
3523,44274.99084180745
3524,23570.612191653207
3525,24715.335449609905
3526,26784.242339621575
3527,35619.019367542
3528,24957.972404457683
3529,26155.125211080096
3530,21468.415261114078
3531,16620.366754886327
3532,18623.2376608165
3533,22323.85826027973
3534,19457.40314915029
3535,17249.471689996328
3536,15927.001902901975
3537,29278.20057231363
3538,23826.805979933535
3539,32563.41911062118
3540,17173.79926326212
3541,28872.878341292184
3542,18740.350682135853
3543,21252.29402084103
3544,15880.315031833014
3545,51336.40780409689
3546,39472.586016539564
3547,26775.564199555072
3548,19107.960537362032
3549,25594.007048109175
3550,17127.64715616832
3551,31168.619395431393
3552,15991.884931743267
3553,17420.90712687345
3554,37290.91536666457
3555,35723.47533284199
3556,50654.910861523575
3557,18019.651000365975
3558,19956.32872134968
3559,19568.4300820407
3560,22279.76461172597
3561,18622.139239415785
3562,36729.01647410794
3563,16707.68808659236
3564,27368.836087035663
3565,35958.86941507275
3566,19548.143979997163
3567,28868.536775665172
3568,17461.831026820346
3569,27144.78312782674
3570,16212.411715966722
3571,26000.697320355852
3572,18395.13367108621
3573,16389.3476615988
3574,16142.317551275997
3575,26792.60465430983
3576,19544.034238285214
3577,18286.26919520208
3578,23738.662760829484
3579,17192.816684753696
3580,24776.826452505597
3581,28854.032933753697
3582,17531.795322794682
3583,18609.078309291748
3584,31874.678376233445
3585,29775.42722551657
3586,18024.589771110423
3587,21943.579671756677
3588,17356.282096161613
3589,26389.31726044539
3590,23948.137952623154
3591,27259.57267726653
3592,23498.11567151732
3593,38377.465174553945
3594,34111.11942164205
3595,18801.917931742897
3596,20120.368472296203
3597,17722.30439529897
3598,27180.499905368357
3599,33626.05238110141
3600,16266.19842104719
3601,30092.157748531103
3602,17797.762817503193
3603,16663.123749051363
3604,27493.776638378855
3605,24424.457037687345
3606,18290.14732078465
3607,18801.917931742897
3608,39549.24568748002
3609,21363.4306237563
3610,31923.273924210163
3611,18403.714596619382
3612,20950.085578730617
3613,17981.63769828299
3614,17071.15401668337
3615,26053.99731070615
3616,22735.129013597456
3617,26373.404990883446
3618,16319.157802550853
3619,27320.847976161804
3620,90886.81774414875
3621,33347.30277599458
3622,74753.8253889281
3623,32528.64431561505
3624,17417.422308258407
3625,18008.660899385424
3626,26061.575256760723
3627,21231.492474010214
3628,18070.270956500437
3629,19934.197704909322
3630,21747.083985750225
3631,19812.579770408498
3632,19783.463750665003
3633,24873.72744921359
3634,29536.766327524
3635,31481.98810052785
3636,29012.347764611757
3637,18551.27804308439
3638,25749.067922900645
3639,24081.2918356449
3640,24221.986012261852
3641,29027.501952854866
3642,26257.123336886427
3643,17371.50062861279
3644,31226.646677149056
3645,18501.095332220917
3646,16280.663004940725
3647,16503.16908649926
3648,20988.82552258755
3649,17701.74729323101
3650,17085.592451755903
3651,26931.556753004686
3652,21420.048823556055
3653,34155.24846363202
3654,34070.01397178485
3655,16395.42190967559
3656,28630.07141302929
3657,16938.80892796424
3658,21179.869738461308
3659,19406.02646042616
3660,20632.72197077501
3661,27325.72126459508
3662,31586.345554642547
3663,16807.802616724057
3664,25682.354487442615
3665,34293.94830036089
3666,36793.413096441385
3667,46037.459174302
3668,30337.890064548224
3669,28550.138048485478
3670,18801.917931742897
3671,17120.86668031204
3672,16110.659784473464
3673,24322.688574976815
3674,28969.865514786914
3675,16590.145884462843
3676,23763.271969973248
3677,26587.43730799656
3678,18505.564921891844
3679,22271.13162662132
3680,48808.28307344115
3681,17046.954025642503
3682,31419.52108771779
3683,20560.24398942486
3684,31647.310096234196
3685,17727.126160283817
3686,31458.894045196812
3687,23017.75838535083
3688,16012.098159799056
3689,17964.5485592896
3690,34031.71089307861
3691,21045.47641353437
3692,27940.573277763368
3693,27853.68572669463
3694,23770.60983661748
3695,17896.533076416516
3696,16222.842707502301
3697,22012.03478220446
3698,27642.632375482797
3699,17330.334850038376
3700,25832.47715358989
3701,18967.815523158828
3702,58495.273814222644
3703,17718.065777357337
3704,35883.109667685305
3705,30939.828308904504
3706,33052.55868030353
3707,17707.630478012827
3708,17214.942478507888
3709,16899.57341149279
3710,27265.201564363204
3711,24590.48869549075
3712,25613.945893907956
3713,18150.243854459783
3714,36414.991800648255
3715,22703.523840483896
3716,17245.914261929418
3717,25226.588389831646
3718,27373.595564067935
3719,30636.049174902266
3720,32553.340562459347
3721,24559.480741982334
3722,38062.943983595535
3723,20441.94532552213
3724,20303.41957933196
3725,26877.094562667902
3726,25639.082263118027
3727,18699.272814075266
3728,24551.300803269638
3729,21157.889261485576
3730,23785.482914994285
3731,26812.375839375396
3732,28880.107430511463
3733,19616.72511679326
3734,16062.464692377864
3735,24858.946224727333
3736,17417.79797524462
3737,26620.36623352142
3738,23355.174246268438
3739,16214.656815491931
3740,21415.86876799391
3741,22647.80070581195
3742,71787.9206020861
3743,35228.86080806453
3744,86115.21582228449
3745,30994.285439516585
3746,16885.294030907837
3747,17037.738664484845
3748,16153.162556434314
3749,17138.798092104742
3750,23378.594863959464
3751,26061.575256760723
3752,16990.82591703787
3753,23974.0915713426
3754,23975.204072497803
3755,18204.680609999923
3756,22044.012852319596
3757,17303.839474074834
3758,17312.471681113966
3759,23572.226306824745
3760,26338.694730719162
3761,25160.284803893126
3762,16099.724668751798
3763,31312.216524354502
3764,17312.803416221675
3765,18296.317579232116
3766,17318.67122895279
3767,24040.39117984295
3768,47029.55515541924
3769,36999.97823437646
3770,16707.68808659236
3771,17523.055615554054
3772,24476.799301278046
3773,45585.3532825775
3774,26507.00033841156
3775,33244.06949717607
3776,17594.77479226135
3777,27113.080790106625
3778,27657.849337209325
3779,16726.304824779658
3780,18917.30590165546
3781,43703.404715997654
3782,16982.547956766724
3783,16248.583239088419
3784,25486.783242605838
3785,27751.11737144598
3786,16180.599071002973
3787,16018.277252531618
3788,24872.125132591937
3789,17676.287752936143
3790,43726.512328906654
3791,16495.14591551695
3792,20313.562912731333
3793,20629.759236068236
3794,36504.54500517016
3795,17159.717816489538
3796,19825.501766731002
3797,25691.748890329905
3798,37690.073287895975
3799,17750.876458844166
3800,18353.99541041604
3801,21346.3314339264
3802,16013.638295114977
3803,23494.66836079334
3804,36440.391900928655
3805,37267.09221488031
3806,26811.497126098147
3807,38378.49883776448
3808,24562.355944886353
3809,16672.368333563052
3810,29110.008023716
3811,16410.449629628918
3812,23043.068579103183
3813,19775.826339306397
3814,30388.72819849027
3815,16624.640328910515
3816,16597.8107656936
3817,32205.468938007656
3818,17068.765066655338
3819,20093.725252666
3820,45039.38042372316
3821,18093.14590062123
3822,16220.945773106485
3823,19557.18843802538
3824,16018.891932853498
3825,28428.564436238266
3826,16991.52150795606
3827,17589.869024358122
3828,27134.46066070011
3829,16557.064045064413
3830,35675.57467939618
3831,19663.97841787603
3832,36010.42489146546
3833,18031.040646954712
3834,33769.59251242231
3835,23704.913962083374
3836,19010.274284275685
3837,28060.05493743906
3838,30273.17839164683
3839,18615.444642351365
3840,18387.22606244503
3841,22163.495950949968
3842,37266.95032524755
3843,24844.455065474074
3844,31382.074169094718
3845,20577.722017633267
3846,16563.6966596998
3847,31150.59290437353
3848,26417.38277165324
3849,18133.621585264522
3850,21225.827134091393
3851,36377.904397691105
3852,17981.926790036
3853,19029.987304055743
3854,41405.70240982037
3855,16143.232787756062
3856,16163.213768045684
3857,28859.936053277062
3858,18473.612691270584
3859,16367.274216581347
3860,22034.117184782288
3861,17085.3133028136
3862,18217.656150661624
3863,17650.286162061977
3864,37583.98857962341
3865,32112.825323330882
3866,28152.793428515164
3867,25367.64614701118
3868,37803.30570838704
3869,15941.20447793148
3870,17283.071631418865
3871,18451.548199773264
3872,26268.0730024928
3873,34579.77186872568
3874,17309.71631211123
3875,16896.560822149266
3876,20142.054642040843
3877,17181.35654787004
3878,29608.574720593577
3879,34089.44988920395
3880,22216.37069409847
3881,26680.941869525945
3882,30890.616286798137
3883,26770.441252363176
3884,18292.578335211565
3885,23421.653663843917
3886,16163.244780976025
3887,58820.75479850619
3888,17208.27586744345
3889,18201.23945564945
3890,23602.425161939802
3891,39085.924744681346
3892,22692.10056748319
3893,50937.556665927536
3894,37516.27428500538
3895,17246.517566568888
3896,16557.60861147366
3897,28259.81765106347
3898,16040.503362184149
3899,24041.708775025898
3900,19029.73550702002
3901,26558.10917420499
3902,20397.19086869607
3903,27162.608149427997
3904,22981.022914576242
3905,20862.67392884522
3906,32445.608628460894
3907,18063.489727620457
3908,26515.72535897551
3909,28134.10402697649
3910,16840.042065276622
3911,21613.365645555514
3912,19349.332559465925
3913,16432.122157694554
3914,19635.097463734463
3915,17841.206632644935
3916,45590.86469180652
3917,20750.311409031307
3918,17715.710416483802
3919,16827.44480104036
3920,17638.67275701998
3921,16874.301752960575
3922,18278.116233532197
3923,20190.909119166838
3924,28653.741340477354
3925,17357.186914185295
3926,29946.931389149777
3927,16117.495593106776
3928,50532.71297255306
3929,25312.77176583053
3930,25165.44368308231
3931,30133.243596018718
3932,16431.31289666141
3933,18777.439158248886
3934,22201.545961265638
3935,37801.3735192224
3936,16852.31511213866
3937,33118.68211981061
3938,16990.82591703787
3939,29875.56839084232
3940,30846.64001450934
3941,17854.65933917369
3942,20275.92109118398
3943,16590.558674046195
3944,19244.989047147545
3945,25443.933239554524
3946,41401.27232105012
3947,80695.5284757099
3948,16245.810636092772
3949,30460.74687068704
3950,18005.10038305222
3951,26325.90325408816
3952,39366.99087455391
3953,24815.85647870933
3954,29258.181524434567
3955,19705.087979258962
3956,25599.724777224237
3957,18594.683909241077
3958,33951.792783561046
3959,28429.440771735342
3960,28540.369501062854
3961,28076.826755078317
3962,18004.89453098961
3963,16757.148348467894
3964,17311.550789472476
3965,15950.404883880672
3966,27501.5151550805
3967,25816.856523344268
3968,28504.9126857702
3969,16693.690907200435
3970,19639.04564558059
3971,29394.27650405821
3972,16317.593294812308
3973,25562.313477109084
3974,21639.739171804387
3975,16159.34492732707
3976,16990.82591703787
3977,23915.846771162192
3978,24548.27725844097
3979,16503.101731608742
3980,18767.73939807577
3981,90170.35918295695
3982,16219.539389059564
3983,23572.226306824745
3984,17063.409988640138
3985,19658.235755280635
3986,17761.12898283375
3987,30190.70331811715
3988,32127.79885504918
3989,16099.256540028497
3990,24813.728929698926
3991,26544.76961435603
3992,23627.226554161225
3993,20350.438514904134
3994,19184.795240151172
3995,19754.594172205
3996,22735.129013597456
3997,17106.2300894565
3998,25389.89206684444
3999,17659.921816488524
4000,20335.17544677211
4001,17216.739076408794
4002,43281.734039662224
4003,17322.361702144484
4004,25841.58005968037
4005,32493.89353335186
4006,15871.298461040678
4007,37717.2967272862
4008,22049.917343401365
4009,24080.52879440672
4010,21008.848717321274
4011,20106.555451119526
4012,28972.279622780192
4013,17310.42468393101
4014,23801.85293631728
4015,23794.570814937906
4016,23722.98244439694
4017,28581.655542785003
4018,17315.233397458414
4019,19645.659969184337
4020,18084.09770239969
4021,29693.888761951188
4022,36400.9572366637
4023,20818.070516672353
4024,17267.681528398403
4025,20973.161345694454
4026,26684.006175659088
4027,20874.473513452143
4028,18106.78704922502
4029,22940.147798196314
4030,24179.618287213532
4031,29586.481786795797
4032,25494.827178197975
4033,22989.00303513358
4034,24372.224857298133
4035,24986.330900463214
4036,24854.72926211033
4037,29579.82147069761
4038,16726.822799939026
4039,16744.997736166344
4040,22012.66579125642
4041,16011.993017319272
4042,17337.381568648478
4043,27228.234902336324
4044,16756.387784981795
4045,28597.09283612822
4046,17223.08144204474
4047,19421.773764585665
4048,16643.132549908783
4049,16540.465849095788
4050,18997.459977577284
4051,22274.3271837738
4052,24855.601063482536
4053,27550.678548767133
4054,19770.684132881343
4055,19572.82367894826
4056,21532.624913969263
4057,37682.13059649793
4058,18804.410412617053
4059,33586.740773851525
4060,30476.9978316798
4061,25581.796168947476
4062,33744.21079833596
4063,23526.325336697777
4064,26063.421069937824
4065,16825.14506200788
4066,16154.396779191728
4067,16819.414121078185
4068,16041.317191440656
4069,24250.336288215847
4070,44231.31769914928
4071,16672.26647182806
4072,31386.22867012503
4073,32816.77342404053
4074,22666.02275777771
4075,35262.345921053166
4076,33917.17854710102
4077,26369.750991739715
4078,21084.172315964825
4079,27572.798718922968
4080,17176.563297629604
4081,19513.726826135822
4082,18360.071785684024
4083,18595.510459273457
4084,23620.828888280874
4085,18149.19332451319
4086,16680.968779962157
4087,16650.284409809297
4088,24637.984832365808
4089,28047.79565080356
4090,22950.263456450983
4091,17434.750218321766
4092,16206.021674938394
4093,16127.739834254477
4094,20360.866253210603
4095,29159.020750657513
4096,53742.338680427296
4097,42536.22178588563
4098,35954.18156449467
4099,17848.741981957024
4100,18919.537204695138
4101,30675.689148319427
4102,24527.011051137433
4103,20758.673933860828
4104,20574.505568560373
4105,24829.250001412678
4106,21570.70830936184
4107,23655.28370104241
4108,17417.79797524462
4109,21650.970318761174
4110,24719.29724981298
4111,18144.710069374498
4112,16943.843450726614
4113,20617.592688066656
4114,26305.61104045978
4115,17464.504181063923
4116,15934.721351070744
4117,23743.52418528851
4118,17387.847527557296
4119,26891.594174414644
4120,16209.072929355822
4121,22869.357800672275
4122,31563.27477623585
4123,22708.324834514126
4124,30429.097598921064
4125,18899.742116244324
4126,35935.64841100127
4127,40647.01649970166
4128,18375.368060048084
4129,23927.829976521465
4130,19317.59552540127
4131,16331.44353343437
4132,16346.959121703087
4133,27076.159149657367
4134,23747.281598439207
4135,24814.247152152835
4136,18105.26043867073
4137,18832.063739375983
4138,18731.164560150595
4139,23334.666132764974
4140,23306.769730335112
4141,25749.58527659993
4142,88689.14528345877
4143,29498.606676582815
4144,31540.208492187925
4145,19115.71602901754
4146,23068.63691031654
4147,58276.56056960371
4148,29366.891144565747
4149,34727.87981743491
4150,21844.21046369467
4151,17327.930563543447
4152,25710.887326130094
4153,19633.748078010532
4154,23738.856791738643
4155,15946.578095910956
4156,18773.67273193109
4157,22926.637366283365
4158,27231.503189977328
4159,21205.635601701015
4160,24358.914993490383
4161,16100.82675993132
4162,69271.70878024065
4163,25647.83523954287
4164,27183.802921977353
4165,21884.982842354344
4166,18359.078547079705
4167,22903.644259542005
4168,24064.16948183427
4169,17159.588480630606
4170,17024.310931506636
4171,17422.02695669778
4172,23377.783481551367
4173,30974.107457727896
4174,18659.668020823
4175,15967.375962306376
4176,17855.44084079003
4177,21324.10088696548
4178,27557.39119526172
4179,28245.58622834503
4180,25980.76530042023
4181,31803.022447369753
4182,29609.128956859193
4183,15990.1721579884
4184,29717.479669121025
4185,37593.66763353913
4186,26623.620272059088
4187,23840.961894853706
4188,21466.059406900073
4189,28266.690357221258
4190,24418.850123711294
4191,22602.335209739344
4192,20363.244458967947
4193,18128.690660322463
4194,17551.507954549634
4195,16505.808900873144
4196,16283.473545748564
4197,22905.86925256626
4198,21281.957784256243
4199,31182.096766470542
4200,22728.430247664866
4201,26600.613570369653
4202,31011.602999293336
4203,40758.70524005558
4204,18132.23631711761
4205,27504.32866565167
4206,25738.50746996924
4207,23994.703830025246
4208,32856.66602129647
4209,27713.479074621206
4210,25355.064665783102
4211,24572.127101205842
4212,16204.179651481729
4213,37012.54830029954
4214,19574.841705917617
4215,25061.645848363285
4216,24343.940858615526
4217,25185.53351832677
4218,16462.581242134616
4219,33825.10451143216
4220,18568.514671343168
4221,19436.388319655285
4222,18607.70736783448
4223,20979.612784645356
4224,18292.269525457323
4225,17801.58384929147
4226,16563.079990001846
4227,16658.39820689465
4228,16602.46705015467
4229,23572.226306824745
4230,20873.200554736653
4231,28090.542286406453
4232,27238.72168619282
4233,33864.651255350196
4234,22060.15389535301
4235,18065.12998620856
4236,28383.01921076326
4237,28070.733201843424
4238,23794.048491276026
4239,17479.97188954429
4240,26953.53477222446
4241,23825.446385555686
4242,26965.409765391014
4243,17458.541008529184
4244,30143.29269886749
4245,17121.654345480554
4246,16163.455250792758
4247,85028.11628527971
4248,24211.69334194141
4249,18898.4385071478
4250,16337.447188073573
4251,20116.810562305807
4252,18292.076621636945
4253,26771.843224777742
4254,20405.569561660115
4255,36452.93102275265
4256,24211.798908956585
4257,22307.38862605983
4258,31512.17211537632
4259,16681.07302362226
4260,25178.444802278435
4261,41207.55163514146
4262,20116.810562305807
4263,25254.205374272868
4264,23189.494768736058
4265,34007.45689740647
4266,31587.082300532897
4267,22368.35622699417
4268,16898.786854032547
4269,26998.469218170525
4270,18918.41869574356
4271,16022.373937589316
4272,56723.574009957265
4273,24363.90486415617
4274,27298.783839716434
4275,25379.639615571745
4276,23580.698648705817
4277,43558.41643134264
4278,17422.527034960465
4279,27232.949229975824
4280,17587.44860608535
4281,22439.996139351886
4282,37407.84000532594
4283,18917.86523182802
4284,23677.544140471666
4285,25019.601717946854
4286,54639.60655892787
4287,16642.969777747487
4288,16792.62307236306
4289,16707.68808659236
4290,17159.62731259699
4291,24027.83537967158
4292,25262.04710507441
4293,19304.647454244878
4294,27735.733800272003
4295,25600.154797114646
4296,27810.591456308943
4297,17197.0663804485
4298,23053.3061749982
4299,27638.415956902074
4300,26261.581740787235
4301,21334.8849188894
4302,20846.257988281264
4303,17141.575531257462
4304,16990.82591703787
4305,18899.742116244324
4306,17675.64039607741
4307,31472.745818103045
4308,35909.50144306114
4309,24966.82773060558
4310,29292.646226954992
4311,31730.699572121717
4312,16253.713644525376
4313,17338.345228936985
4314,29001.392678690383
4315,22189.32391772133
4316,16554.183096071363
4317,28194.368255629237
4318,16286.560428976756
4319,16285.30222116022
4320,20329.192192408667
4321,37343.42921887573
4322,26918.773708069824
4323,23248.671152478313
4324,20670.721828033686
4325,16183.878450358694
4326,20036.626252088605
4327,32538.53984781847
4328,20166.547098472445
4329,20735.091338293063
4330,43755.865090872445
4331,24738.40865820772
4332,30283.833571779633
4333,19558.811072836095
4334,15934.721351070744
4335,20230.641559146665
4336,54577.44548384817
4337,19539.583850875682
4338,16481.17776061233
4339,18558.01701657416
4340,19016.81188438049
4341,29083.26136783721
4342,26013.14373573019
4343,19106.5293462779
4344,18889.582859166137
4345,25243.012916082665
4346,23542.76659355903
4347,19122.91707521641
4348,27263.206173201237
4349,35552.804162190725
4350,31693.439161574363
4351,24243.871451199946
4352,27311.110284728486
4353,27524.709442400224
4354,29256.442514479248
4355,26168.857805980548
4356,16730.437047790605
4357,16472.515342234332
4358,16199.738481289327
4359,23324.31002544449
4360,18834.623019670624
4361,16524.695210192414
4362,26628.185685707682
4363,16724.312862093175
4364,20978.46186791493
4365,17967.907817128085
4366,26585.148341109525
4367,15973.158668441587
4368,20640.26632691461
4369,27404.49974367236
4370,34033.139294333625
4371,24347.137599206737
4372,25235.258931634686
4373,44232.04720260402
4374,19205.40343982032
4375,27724.31013019853
4376,18689.2043989935
4377,21286.775314112583
4378,31700.96296238253
4379,26729.760634485927
4380,18031.376605271158
4381,23210.043043381484
4382,19187.195017533737
4383,39528.79078138016
4384,17371.18809904027
4385,26004.962395404018
4386,24374.667850780785
4387,16576.44121936519
4388,21219.964142341887
4389,18354.783232051526
4390,21975.652595088784
4391,19114.545440693582
4392,21472.259616504743
4393,16559.606379208315
4394,24152.288470139854
4395,16794.47362778462
4396,23954.186856242235
4397,17173.863081298376
4398,26190.48980027007
4399,16891.398865461913
4400,19362.907740571383
4401,28803.57117291836
4402,27035.136316756405
4403,17731.11817511536
4404,17483.76913070814
4405,26898.590658609424
4406,23460.47928999975
4407,16398.240915603088
4408,28475.405690176514
4409,26373.662957567132
4410,17484.60899811906
4411,28971.823742368786
4412,18474.21040888841
4413,21145.30432495459
4414,28797.857290434597
4415,17165.176907799145
4416,36881.548152378105
4417,16146.069523316937
4418,35206.35617844705
4419,39676.44392555347
4420,21933.49403324668
4421,19135.82129552433
4422,73756.05074264063
4423,22237.596667017075
4424,35979.870601269875
4425,32477.11949097612
4426,39499.03513083378
4427,18408.752431324207
4428,17245.794154043248
4429,18346.806965812008
4430,19108.21572370655
4431,37495.027826705984
4432,27484.544785385806
4433,26518.68065454976
4434,23493.345807856385
4435,21569.847065235033
4436,18977.614459718607
4437,16541.025617753858
4438,16782.007759320477
4439,26427.122178007437
4440,26743.579771484212
4441,26606.58477794416
4442,29256.454625804687
4443,19479.877099634905
4444,25150.690483061146
4445,24057.087928170542
4446,17531.4706389787
4447,41611.04669345361
4448,28874.39042710124
4449,20116.948090117952
4450,27799.53132503148
4451,31256.317163613458
4452,16681.07302362226
4453,17979.313147546716
4454,27384.899115916985
4455,15988.179733818439
4456,16295.080193469736
4457,25601.982765033667
4458,16498.53158194436
4459,18901.39746314928
4460,25349.95268782507
4461,17236.47610113018
4462,26730.77252427146
4463,24717.79555362535
4464,28028.68084184844
4465,17639.089104256527
4466,28273.365597978525
4467,22294.419178118656
4468,17018.161075408552
4469,26086.65252105343
4470,28045.634037846095
4471,23810.435459861383
4472,18167.738692168325
4473,19821.892790534264
4474,28662.46830602837
4475,23666.579201813922
4476,30588.87692349236
4477,27421.479726353413
4478,16163.455250792758
4479,23525.40850291566
4480,18670.44985265118
4481,18144.994522139317
4482,17474.346423720453
4483,17370.990694345568
4484,23762.749002280932
4485,19296.92399405512
4486,26381.902313845116
4487,34878.04525610826
4488,22145.678079002948
4489,26163.183490476033
4490,18850.9409761197
4491,16440.42975086047
4492,17160.280490240846
4493,19039.903700632145
4494,30745.13247531963
4495,16929.10187170304
4496,32126.307427909982
4497,16559.735959381338
4498,19028.343263510105
4499,17416.606726933787
4500,19404.071628224843
4501,50784.59252245541
4502,17604.965072872666
4503,18467.118247329756
4504,35167.101526290266
4505,16846.60091032353
4506,24268.228697523715
4507,18177.235305673068
4508,17515.625467222242
4509,28077.443260007094
4510,24374.999822737635
4511,24256.005944124325
4512,29642.831401149142
4513,18440.358345566412
4514,17544.777648726456
4515,16837.704721392165
4516,24460.618421759787
4517,16383.05123192773
4518,46230.61212901729
4519,30039.990523265504
4520,30961.37466893629
4521,17458.261870051923
4522,16662.389486662832
4523,31798.97924649368
4524,16098.022986018517
4525,23467.30506809771
4526,21690.821941071055
4527,16707.68808659236
4528,17306.842427474672
4529,25479.8893151433
4530,16667.814002724106
4531,32955.51836146635
4532,19355.31423973641
4533,24168.282946707204
4534,20975.867769077333
4535,22448.387681180997
4536,32731.77500096238
4537,120740.15654713525
4538,18112.002337581675
4539,17333.71180217261
4540,18746.59064901169
4541,17056.62695646046
4542,36428.50211824393
4543,16770.76939344738
4544,15872.958392455941
4545,71216.28045311863
4546,16485.169211311957
4547,31548.12900351799
4548,22305.186335208917
4549,25205.390713738547
4550,24623.16947153222
4551,16261.889225195515
4552,27969.090646286488
4553,17782.428752165994
4554,16669.49971624589
4555,19314.190584089272
4556,19826.92714532776
4557,16514.285062445386
4558,33861.097868495606
4559,18290.146141195142
4560,23677.138162861906
4561,25999.146546722528
4562,34532.134617787706
4563,27027.961584696714
4564,27446.218163244677
4565,20224.496235004735
4566,22263.451554698808
4567,23683.01717132834
4568,23915.563007950517
4569,23524.098903795344
4570,16681.09917695022
4571,20049.994208150456
4572,19220.56244906431
4573,16544.13345913719
4574,25483.574904809062
4575,43494.067454314565
4576,19349.21800557932
4577,16672.975767235745
4578,22727.671192647595
4579,16990.82591703787
4580,19878.09683889566
4581,16157.584722616786
4582,26137.618430012237
4583,27326.62456023179
4584,18327.383451041012
4585,28141.24077758209
4586,19338.41575955061
4587,18406.68942337795
4588,26436.484361957468
4589,17552.95470284923
4590,16455.5884656301
4591,16295.995560617832
4592,16882.809006692212
4593,18157.350428939266
4594,16195.216589584361
4595,25942.994621656748
4596,18735.334056969925
4597,24117.013473116705
4598,20642.38733706565
4599,18852.309311118202
4600,19417.212026129346
4601,18501.36700859446
4602,28176.762999460072
4603,18309.798936443596
4604,23173.875656808632
4605,50615.361796964076
4606,44688.61682532499
4607,27101.23162196795
4608,17883.56639834838
4609,19193.318513562448
4610,16832.835009548584
4611,17552.477000631457
4612,16428.75892616131
4613,19076.13169717865
4614,27675.9420735702
4615,28817.375314327797
4616,17666.451363324857
4617,17016.06604561684
4618,18612.02565699617
4619,22810.42505933738
4620,23240.954944448516
4621,21252.25486776585
4622,29535.423749482154
4623,20014.185929132695
4624,23079.36952019393
4625,16256.994473265664
4626,18838.445690518696
4627,18592.146564393137
4628,26634.21905839223
4629,37048.65305307824
4630,23749.395837261658
4631,22764.053680929155
4632,16920.35685852133
4633,34259.116379487816
4634,29190.429438039133
4635,18305.724999041748
4636,17623.3923912296
4637,40645.97577506047
4638,20008.03967249146
4639,20079.011748141525
4640,32712.399733325088
4641,23272.475430631148
4642,84711.34297223034
4643,36425.35656875442
4644,16246.070904751738
4645,26092.95041232748
4646,19513.726826135822
4647,19577.71487946446
4648,36249.01117379387
4649,27429.057416365577
4650,17749.912257024047
4651,27774.135941919372
4652,37789.83446141967
4653,22457.198678792793
4654,24669.851249326253
4655,33294.84804703607
4656,16039.143331609503
4657,36615.686510248386
4658,28606.28503433852
4659,21554.623726791575
4660,19560.601328843273
4661,31371.45663257535
4662,17667.20266834241
4663,18992.03129564648
4664,16987.441550036037
4665,28665.158740017563
4666,21389.239115683486
4667,19837.04658135429
4668,17020.534015178786
4669,37964.89298082413
4670,19452.14434074211
4671,28954.515471653882
4672,29828.873791333852
4673,22974.334958380223
4674,27146.739415084525
4675,26652.257669838404
4676,21714.13095558817
4677,29629.38187961169
4678,24094.055391096896
4679,21909.95816525454
4680,16201.96500360472
4681,19003.64516784288
4682,30974.75941274241
4683,35875.213417366016
4684,16581.322422296813
4685,18559.639273649824
4686,21529.15426673114
4687,27076.17493865761
4688,24606.458508163974
4689,16496.067011011564
4690,17978.844603959595
4691,27731.95641835512
4692,35429.57091007334
4693,17272.76829645481
4694,18899.742116244324
4695,57721.40438764289
4696,22064.924318859343
4697,35559.92477271692
4698,17800.77285970088
4699,20105.714422556404
4700,17198.781957284988
4701,22352.95889661147
4702,28443.592198004546
4703,18040.072362059003
4704,27113.35985698563
4705,16929.10187170304
4706,39625.40776163691
4707,20587.45138195256
4708,32051.287961889997
4709,25350.13094921117
4710,26008.116660717256
4711,16388.575807899066
4712,16021.330414197462
4713,16054.913333755252
4714,22136.407213763825
4715,16516.124554726364
4716,17568.779277964768
4717,42747.55821015135
4718,43505.47427239411
4719,32435.1791284669
4720,18360.689954930982
4721,26086.47327882381
4722,32525.070644838044
4723,18513.43442116775
4724,28254.5412011202
4725,16878.24758007707
4726,36485.93917807519
4727,27341.81032066671
4728,17417.90323635997
4729,42435.81522848528
4730,20128.685309448756
4731,16702.807387787427
4732,18600.899643082044
4733,25894.819006738904
4734,17455.922222469282
4735,16485.572323814125
4736,18678.122294944285
4737,22214.1322619061
4738,19452.965945959546
4739,16808.70164905053
4740,105424.15389007096
4741,21606.74277468054
4742,23619.89391012743
4743,22849.60332174028
4744,26639.15636914413
4745,22677.329943291916
4746,17423.9098716633
4747,23790.836038131165
4748,30845.543670060157
4749,18937.52565580383
4750,18222.242392787808
4751,16489.4327328238
4752,33947.98947633343
4753,16611.918334967875
4754,19499.174104639416
4755,23376.517475488716
4756,16307.21110018314
4757,19229.05971435235
4758,17903.6527413538
4759,16157.23930238268
4760,16350.857262775799
4761,21675.924532435998
4762,17078.457103843433
4763,26362.665876461782
4764,21376.93941838741
4765,23618.659480146693
4766,23483.521884917
4767,25784.598202515874
4768,18854.33890805409
4769,16866.365905054197
4770,16006.895152551231
4771,16945.08309502595
4772,24183.95280682877
4773,25813.142631341827
4774,16699.8574464379
4775,22205.593715577783
4776,19634.83833121888
4777,23676.139465257183
4778,24437.11191415557
4779,34198.21903992439
4780,28687.57184148966
4781,25381.802623875774
4782,25219.51214179267
4783,17493.576219856284
4784,22184.82094218324
4785,25654.751322511427
4786,24177.477612111925
4787,17333.23834410297
4788,17168.21637215673
4789,18893.204071181808
4790,18077.571064472206
4791,33187.09702507532
4792,17523.429034795303
4793,23259.50106350331
4794,19142.91930787102
4795,16052.202384025539
4796,18848.530529221418
4797,19277.056303073197
4798,16964.49406944591
4799,18121.571963104863
4800,18087.368881765527
4801,16756.387784981795
4802,26870.990785048067
4803,27629.779527096707
4804,31693.316217758682
4805,16231.1484116567
4806,23168.945690779194
4807,20647.81995226437
4808,19514.468872829304
4809,32693.740520495565
4810,16404.28860355146
4811,16799.111870711964
4812,17674.27481263887
4813,32701.9016141299
4814,41934.58442068867
4815,21463.706126936497
4816,23964.034654669904
4817,21876.800591076677
4818,26437.080218274663
4819,17554.695246693598
4820,16940.383512941724
4821,17442.32908238002
4822,26770.663620156633
4823,18976.502216977096
4824,18742.180637881334
4825,18024.46255067322
4826,17666.62932524978
4827,28092.6297392272
4828,39836.92642208803
4829,19264.958289200713
4830,17273.246280321622
4831,20701.69248989662
4832,19427.654246416358
4833,20659.139177247085
4834,36872.66681087749
4835,23071.931081330364
4836,20682.45265817244
4837,16316.096123537951
4838,17573.097573641768
4839,27660.265963234953
4840,29913.082511623605
4841,31718.568512520604
4842,27696.056641393694
4843,22118.300869547427
4844,17363.290471312102
4845,18445.30057411324
4846,35331.07740386153
4847,20286.01698325419
4848,17548.000259915316
4849,16195.598059327976
4850,29891.73953726738
4851,23568.48805914275
4852,21126.97343866164
4853,17058.0454656958
4854,37211.92358857481
4855,19665.595330050874
4856,16808.060371603642
4857,16003.89738125345
4858,23449.55210601444
4859,18472.42487307139
4860,17368.683168074247
4861,36588.81884533282
4862,16014.072796662029
4863,21742.2322711543
4864,24576.190884554988
4865,27273.685473501042
4866,27182.16232201473
4867,39752.26580242343
4868,39711.077513598706
4869,16183.633667517353
4870,18621.206085514874
4871,22168.534916812547
4872,25780.18510898666
4873,16770.197723611
4874,24816.256782338518
4875,39382.09272501832
4876,40536.26203943601
4877,25198.203030904253
4878,40003.61070112582
4879,34455.976204241124
4880,35422.45793685217
4881,32706.822169401294
4882,27942.75810872117
4883,39832.960596192366
4884,82689.79691675228
4885,16963.752486966874
4886,22382.510874204912
4887,26477.113504267843
4888,22678.822860619483
4889,19187.47800560377
4890,17561.06107021372
4891,36522.60435721177
4892,20285.47510203672
4893,18875.843023639445
4894,28352.95640104745
4895,18385.38486495399
4896,17008.447425758633
4897,22644.54027113732
4898,36095.04814926336
4899,16617.085097174117
4900,20119.29432497416
4901,20745.693564014364
4902,21800.504537407647
4903,19984.17419696756
4904,23098.217092551295
4905,30803.221045565115
4906,19588.247379265023
4907,16990.55286975145
4908,17656.942065092182
4909,16136.740278385449
4910,16107.450065594403
4911,24182.4484159075
4912,18919.718626243604
4913,18803.009914072154
4914,16961.8200391483
4915,34183.07916497895
4916,24811.673000303184
4917,22846.634506276863
4918,42167.0956450915
4919,39704.08974641163
4920,20691.599789237138
4921,17007.766340536833
4922,18883.59204253979
4923,21500.385547315094
4924,31390.679129110384
4925,21284.553976235686
4926,17096.594786086913
4927,32233.965642105755
4928,16395.707964387842
4929,22165.282396326234
4930,24241.999129933625
4931,23572.226306824745
4932,33285.87055640136
4933,20598.127714846007
4934,17730.599250369945
4935,23707.57100721167
4936,23787.18499261943
4937,16761.403605790354
4938,25638.477420403895
4939,28432.24002910783
4940,24432.11640815279
4941,15944.333991267351
4942,17991.747809858043
4943,39829.659210426835
4944,39373.853242880155
4945,17985.940508595497
4946,31741.049632856044
4947,18771.67633048137
4948,17703.3758345727
4949,30355.43736449523
4950,17784.010963791312
4951,24379.546484064755
4952,16783.550781143
4953,17496.49150597223
4954,29049.514216402174
4955,18411.801382617858
4956,29354.12783969918
4957,16799.992123053966
4958,22635.95956962679
4959,17416.267719307463
4960,21745.076588445107
4961,29949.79115699559
4962,17632.7756891168
4963,17566.264327937275
4964,17562.07245112299
4965,40810.8985622853
4966,16728.061143386156
4967,19313.304220492828
4968,28029.71890627186
4969,24458.752193746994
4970,16246.153677819271
4971,15920.825412639295
4972,28515.675731662985
4973,34445.549513630984
4974,16759.130218486996
4975,18284.000578590647
4976,16200.810899391901
4977,35936.945329669266
4978,23471.684450647423
4979,16990.82591703787
4980,29491.924986125323
4981,20917.56174800796
4982,24570.146020582208
4983,38476.022931519896
4984,16827.79184626999
4985,23746.26498040506
4986,17281.934156213436
4987,26012.993640222256
4988,16725.204135354954
4989,20901.991997881196
4990,24535.02680684214
4991,27762.455993431908
4992,22187.154186173095
4993,36586.05910677244
4994,18774.844516715206
4995,27767.801270998138
4996,26491.227572783748
4997,46417.672378780735
4998,17819.90595753754
4999,22616.049065469157
5000,19753.487667477282
5001,19572.571001689434
5002,27438.671746872853
5003,28150.48667540597
5004,38197.06570430665
5005,25195.708513055335
5006,18548.019683428593
5007,25847.346598865366
5008,25584.060717258093
5009,26040.17877777227
5010,20167.749702784244
5011,16147.08443348449
5012,20124.216326122325
5013,16680.38978151886
5014,30745.01546786422
5015,17371.670918954514
5016,23840.772784875553
5017,17141.39311215449
5018,26702.297991431762
5019,21080.546472976006
5020,23713.62071153562
5021,22584.059133654522
5022,19284.786090749665
5023,24041.230568813484
5024,28236.513628650795
5025,16307.716908344943
5026,43706.33289885279
5027,17991.196065559896
5028,18400.719912871653
5029,28564.150783996065
5030,17119.070492170486
5031,30226.089815792217
5032,22409.618984947694
5033,21686.701875164916
5034,19688.17317966426
5035,16597.282275010522
5036,17612.985173709447
5037,33857.950262577564
5038,26975.772366191748
5039,21341.095717083877
5040,16569.73683402946
5041,20392.32604837986
5042,20091.567415113306
5043,28191.36764994815
5044,25498.338823933045
5045,18996.65631784993
5046,26444.492780389734
5047,17476.005688712547
5048,18750.800537793966
5049,23528.681572097074
5050,16425.798360124347
5051,17721.351023537325
5052,19384.55374485405
5053,24316.532243607733
5054,18843.954788605715
5055,17347.477527124232
5056,16306.660896483658
5057,16326.906644808727
5058,23097.306657358575
5059,17809.06313712597
5060,16928.5245395961
5061,17283.95435918226
5062,22201.88229306653
5063,68799.50974899807
5064,17460.736464170426
5065,39024.90912000227
5066,18339.03225631577
5067,21358.659446676927
5068,28334.2995671827
5069,17775.115166555424
5070,30909.250083224928
5071,25927.251928550064
5072,56808.720523932716
5073,31825.49871952571
5074,29101.514952368292
5075,50892.68674850937
5076,32037.355881601667
5077,23761.054469857856
5078,17017.201858681015
5079,35067.32845005346
5080,28096.565603568346
5081,24649.77142853697
5082,17701.62378070755
5083,28085.357667844743
5084,25026.919083968503
5085,18832.72737215528
5086,23582.33279654513
5087,28965.020581639135
5088,27245.0901901796
5089,20044.027863928623
5090,31274.35883993886
5091,49914.41846043707
5092,24134.98255592073
5093,33338.36308522614
5094,24770.505928835835
5095,16432.123153951157
5096,16180.57051238235
5097,24975.576412276587
5098,16967.557939870243
5099,20240.27494435798
5100,27314.64521363898
5101,19849.528428638005
5102,19344.867811870085
5103,23316.28111970779
5104,18304.777908083423
5105,18738.520787511257
5106,23645.398874179864
5107,32914.3959317411
5108,30493.276795803493
5109,17620.920733605944
5110,33223.07895443049
5111,21386.623810123416
5112,25646.64004145462
5113,19250.582570930826
5114,17117.924375127954
5115,30544.218577544467
5116,17299.11460293199
5117,23273.07944348189
5118,20587.63611861417
5119,19470.225946864997
5120,18044.177968971875
5121,24727.787147670206
5122,41579.878411076155
5123,27163.44208378723
5124,23196.33768389247
5125,37274.33701850807
5126,23741.039393200525
5127,41408.72043578989
5128,23810.442459759885
5129,38483.24395689441
5130,31853.321960345762
5131,22105.000140794953
5132,21287.14299248011
5133,26427.152586742635
5134,27047.699128528584
5135,24704.54834096048
5136,25572.77678938517
5137,19430.13007062122
5138,18354.84409395321
5139,28409.500286354494
5140,17417.963369993406
5141,29100.23138898734
5142,16794.051363867948
5143,23131.981871505162
5144,19081.381445733437
5145,31283.21007517424
5146,17780.6249966181
5147,28109.265167283385
5148,16708.333662422374
5149,23979.642440070274
5150,27713.48987104989
5151,36703.05206056702
5152,24145.40390147587
5153,18883.051011765754
5154,33362.87699841557
5155,41970.071559049975
5156,23131.687196703104
5157,21548.741134608543
5158,28649.35211376308
5159,37667.37054151586
5160,22877.947673891318
5161,25336.602904140833
5162,16331.990919251688
5163,26012.63050154294
5164,27658.68655908603
5165,20236.7116066896
5166,30416.870525035207
5167,15877.236006261146
5168,16081.122025892195
5169,19394.920281973555
5170,30220.0925145266
5171,16306.685042904448
5172,26188.083054191095
5173,17057.758381269312
5174,19478.2847967074
5175,86673.489467731
5176,36269.22173565821
5177,16258.846475127497
5178,18308.799184583793
5179,25345.94801389046
5180,24770.07932253279
5181,17277.87612960479
5182,17981.046742225473
5183,16907.671395578127
5184,20574.238630210108
5185,24993.809479124924
5186,20364.829104027678
5187,17755.83714933262
5188,17538.893458063787
5189,16419.049870567655
5190,17527.849261925334
5191,19586.84694712515
5192,16717.43954923886
5193,16768.62291181872
5194,23447.653193612787
5195,27967.54946692854
5196,17234.686875723008
5197,34525.80949375733
5198,19385.365811846852
5199,16623.21224964118
5200,15902.931553650875
5201,22209.26017888301
5202,16065.699124250372
5203,20827.138320419683
5204,35066.706552305295
5205,16029.85383469128
5206,17790.746100534805
5207,30377.852833648398
5208,23737.317006126235
5209,26481.330799871233
5210,26273.578983519576
5211,16511.08158606407
5212,25105.246008413986
5213,26505.170969019175
5214,25237.00111605555
5215,24773.104857074642
5216,27857.227395577487
5217,16548.77890207015
5218,19986.321093426595
5219,29431.26154581561
5220,26080.871911271115
5221,17163.12260312149
5222,25167.208480160196
5223,29433.099672720156
5224,18659.41782224666
5225,31981.4737000438
5226,16681.07302362226
5227,20914.71310387381
5228,17968.642871598946
5229,20321.48375466345
5230,16432.27171513597
5231,16416.74859839881
5232,18133.960904941134
5233,17252.00311677192
5234,22197.153701667383
5235,25591.152091641085
5236,26129.700922507083
5237,18281.806237446905
5238,23656.00757118237
5239,34627.4985908341
5240,16228.169194192198
5241,21377.87005231216
5242,38062.943983595535
5243,43897.65706959866
5244,29770.95340163075
5245,21885.9055184922
5246,25625.00556624106
5247,16806.435523844877
5248,15944.348001887513
5249,21686.915564210798
5250,17812.929559178858
5251,22332.64137310595
5252,19844.962156739213
5253,47746.125498632966
5254,17102.127771946034
5255,23217.330381100415
5256,25977.41441656608
5257,17661.82919785188
5258,23159.831231764758
5259,33572.35756081178
5260,16066.739744399494
5261,36155.71016081726
5262,28279.67809489715
5263,17856.463275077986
5264,22365.916369438895
5265,18717.67732452186
5266,19401.837614122556
5267,19196.20514827298
5268,23896.968407068638
5269,25072.222012485323
5270,37568.40049045168
5271,17557.896101627022
5272,27568.436110090257
5273,38062.943983595535
5274,27715.79046482821
5275,19259.06392152357
5276,22734.9571173773
5277,27151.554463248416
5278,19759.257699734826
5279,28569.32697986152
5280,48240.27231446912
5281,17639.35260353961
5282,23371.96934375207
5283,17106.758448262466
5284,24028.043824095515
5285,22269.742431508075
5286,17607.766453207005
5287,18229.045732557
5288,37721.10742010634
5289,16707.487152953185
5290,19732.678803441817
5291,18282.908316942205
5292,19894.991931385273
5293,37993.06525104605
5294,17273.367055018196
5295,81961.89062303942
5296,17256.41895225936
5297,30622.8187940595
5298,23875.29370708639
5299,16892.121030244012
5300,20060.92319728766
5301,71994.53081828184
5302,17460.21242885749
5303,19992.229725665762
5304,25166.8987912879
5305,29840.79662896793
5306,18157.24736895692
5307,17417.79797524462
5308,19048.06400365897
5309,26958.364647684964
5310,31252.625038291317
5311,17660.06297649244
5312,21724.25126949357
5313,18843.71016263133
5314,27629.311628414776
5315,22885.620377529205
5316,26901.497566975242
5317,37880.48236736412
5318,22817.531123351007
5319,17813.59286623437
5320,42218.63226809431
5321,21526.89147910881
5322,17363.028807758106
5323,20679.358450092004
5324,26685.493793536825
5325,18895.770923340588
5326,34472.72033386399
5327,23525.55447369296
5328,18274.1295848189
5329,23657.4056755336
5330,18632.454168477463
5331,23777.06784287303
5332,16556.318443002823
5333,34663.95372501389
5334,94434.9478324175
5335,51645.20589558727
5336,20401.91436935553
5337,18289.665241203296
5338,23780.60156390557
5339,16749.280047425957
5340,16776.382724693634
5341,20490.24507454075
5342,22541.473479994776
5343,28288.381024448914
5344,76755.69923211416
5345,25227.108854364036
5346,17235.06944789518
5347,19036.952926072514
5348,23480.96255041996
5349,24102.950122836846
5350,17379.138178135425
5351,22000.256055653048
5352,23911.795569728572
5353,16724.82077045166
5354,17188.047248653656
5355,16661.789279547538
5356,26540.59690154884
5357,35561.6665306886
5358,32944.84880856487
5359,21460.189547889542
5360,23650.453123243897
5361,24873.54307696598
5362,16990.090463248274
5363,22818.394666582557
5364,23808.23613698854
5365,24556.709952821886
5366,27904.754633467855
5367,16312.062125169585
5368,34044.81224737006
5369,17692.66566070198
5370,23558.830308800454
5371,39827.212249006625
5372,33654.29986489494
5373,17642.714601203028
5374,18715.65651960553
5375,52451.92137927322
5376,18953.081749006426
5377,24295.34789570478
5378,35784.0005432323
5379,18803.707633483526
5380,33003.096971136445
5381,50056.5622344437
5382,16636.198117639673
5383,17879.03157910365
5384,26067.04531826256
5385,28430.273804733668
5386,57691.19839077739
5387,89938.99377881864
5388,38394.75158109727
5389,20543.846474967773
5390,25282.52342030109
5391,15990.933164549566
5392,18899.742116244324
5393,16411.00765778299
5394,17592.501018425377
5395,25642.02329673697
5396,17718.299251104218
5397,26239.767413708345
5398,24618.4391729079
5399,25254.588365733205
5400,17369.32338618949
5401,25709.00958385175
5402,28437.857072304716
5403,19347.842662412273
5404,22065.465286494327
5405,21239.188847428148
5406,24330.04932283691
5407,77469.2858183063
5408,21141.927073509247
5409,33536.63457150396
5410,16083.003319908545
5411,25166.843539793797
5412,17881.261268922186
5413,23717.108151630073
5414,20799.31989924529
5415,21257.59526483527
5416,26713.999983883994
5417,18404.800280409625
5418,17662.697143946585
5419,18855.427349079204
5420,26025.41973278202
5421,31018.694699797416
5422,24872.570655600448
5423,17669.143261289253
5424,18992.211620736158
5425,21956.250289845822
5426,17208.27586744345
5427,16275.98845741468
5428,25754.350044550098
5429,24349.291236117537
5430,33771.68508173158
5431,20198.967803543004
5432,28446.81829936349
5433,28815.80261272389
5434,22626.96716867695
5435,20647.162317948303
5436,20463.077908110434
5437,17567.70749149674
5438,23765.688254394634
5439,16024.954415970324
5440,18534.001842595677
5441,39919.709684768204
5442,26061.575256760723
5443,17310.10496049564
5444,18500.848555213837
5445,30452.71985126833
5446,20305.94672019202
5447,38062.943983595535
5448,16149.472851290482
5449,32362.58165824234
5450,17553.29104419262
5451,25419.01748244201
5452,36036.664682755036
5453,26617.398900534627
5454,22820.72514200833
5455,24786.253827110046
5456,24564.920205183575
5457,17791.977892553572
5458,19428.422425727626
5459,20428.55127073473
5460,23117.17052360693
5461,19536.997054752235
5462,23459.431652663392
5463,32541.18742769538
5464,26355.066171607497
5465,25080.85601434406
5466,38008.084351871745
5467,27508.63763107244
5468,16830.359676795528
5469,19125.578415776516
5470,25837.487852010905
5471,19905.67470818192
5472,25585.18307461888
5473,28090.825191297667
5474,26471.07710336569
5475,25469.087116725983
5476,27858.513513855552
5477,18468.709845494443
5478,28229.59221252796
5479,17885.10241282514
5480,26157.32418013392
5481,33518.77490879104
5482,28065.5319929684
5483,22694.828492675748
5484,17787.85613743972
5485,19355.963498133675
5486,41121.05519002586
5487,16395.684825291693
5488,16688.063135402972
5489,22193.513177337343
5490,19350.43005254876
5491,22839.58281669647
5492,20314.032892215542
5493,16748.70952439303
5494,30758.962189500944
5495,25779.733576101145
5496,58836.85022386481
5497,19715.519402483667
5498,24963.422384704314
5499,16859.995708578404
5500,34103.83344233718
5501,17311.392584348276
5502,16397.565195457013
5503,31101.176763264055
5504,32764.029970719483
5505,39817.23568466977
5506,31112.717584790345
5507,17615.666055802023
5508,21380.058875084072
5509,17159.680174602916
5510,45174.03909419037
5511,18130.864649489282
5512,19970.318900541246
5513,16465.41782460018
5514,35051.692431070966
5515,30172.33794025281
5516,33643.489818070186
5517,22149.48477211101
5518,37373.6535077774
5519,27920.2301355772
5520,36868.20096390327
5521,16098.94958782306
5522,22443.761633183938
5523,28909.548007265457
5524,27783.466870369146
5525,46977.94915824337
5526,29268.49483645441
5527,42372.671321502916
5528,18280.045445604414
5529,23242.225282710933
5530,16280.288517567964
5531,17056.208273249413
5532,38062.943983595535
5533,18316.679655504453
5534,35574.22324078485
5535,17637.95082806553
5536,18825.862160449138
5537,32435.355109614782
5538,25868.18908630528
5539,27343.162337091926
5540,31309.686631925775
5541,19197.27571759526
5542,17313.600590849786
5543,26066.961983235404
5544,24665.551307014823
5545,16162.610725948527
5546,22970.76041349198
5547,19945.417043998452
5548,17370.23075868743
5549,19447.211900142294
5550,38817.10045502335
5551,17323.80478002904
5552,29086.15919066068
5553,30427.09503758034
5554,23055.178303640154
5555,23286.599541058593
5556,18873.78380916724
5557,35199.2155813749
5558,19141.421781509445
5559,15981.564322518552
5560,29095.951874658647
5561,28623.0703129688
5562,25637.151614136674
5563,27045.475832764994
5564,32142.63400342402
5565,21360.66076419427
5566,16016.837383969269
5567,31923.764080270506
5568,41052.11495513975
5569,23996.74006536404
5570,26905.21157462123
5571,29460.08146035623
5572,17718.065777357337
5573,20811.726335522126
5574,23754.64950370581
5575,18354.06050785136
5576,20606.306011572728
5577,34901.3687113056
5578,17787.041401083578
5579,24818.56728023738
5580,17358.50504009719
5581,20567.052677801505
5582,31565.00705170426
5583,43668.28780305076
5584,29048.882099138515
5585,26072.349823062155
5586,33628.521110683716
5587,21243.875476472665
5588,25007.71836059366
5589,26537.95212802737
5590,23403.580257578822
5591,41463.60820591495
5592,16398.681715980747
5593,30974.91045251486
5594,35534.17351524929
5595,29592.141933416853
5596,39466.018015916015
5597,28558.757388703372
5598,17752.413177683648
5599,19622.73718107304
5600,31385.215363663032
5601,19466.268562535075
5602,24806.58310144614
5603,19305.07162551154
5604,23848.565150149097
5605,31468.360966778608
5606,33408.99950187036
5607,19358.326368066882
5608,16966.02389602569
5609,16397.323118957458
5610,17867.429933901134
5611,20079.441522923004
5612,19665.211920257032
5613,18728.29032865619
5614,17188.00208239296
5615,18801.917931742897
5616,15877.649727978502
5617,24354.55734740157
5618,24088.906905944816
5619,17603.823756282283
5620,26266.460414415473
5621,19322.930488944363
5622,31104.648711868558
5623,43388.82957885464
5624,24417.493883656876
5625,20867.69257319085
5626,18604.64368618173
5627,16590.76201385566
5628,31587.07137533968
5629,34184.50511215842
5630,23572.226306824745
5631,25491.662628833514
5632,29027.58919937899
5633,24538.1644118467
5634,22789.088619208334
5635,21557.18369449464
5636,17857.55259876293
5637,18597.10744911216
5638,24733.64513359809
5639,23131.992707205274
5640,24496.317265716334
5641,24875.37108546512
5642,18899.742116244324
5643,23174.389238947213
5644,20096.318857939383
5645,28086.29211338046
5646,18166.92256963701
5647,17662.047551618707
5648,41999.27356341957
5649,16561.557155392362
5650,45032.49908455729
5651,25046.81185022342
5652,18938.440826574762
5653,16756.333582607986
5654,16411.180236892396
5655,27763.537667602184
5656,17243.668085839305
5657,19480.30413694105
5658,16809.196597474835
5659,26471.94304210746
5660,25361.728356223324
5661,37710.68742422138
5662,21072.159918939837
5663,23572.226306824745
5664,16131.678897018759
5665,16538.610787728896
5666,23386.84381329182
5667,21843.640460277507
5668,30712.09773871638
5669,22273.415276141284
5670,27254.811647500926
5671,45106.991902889255
5672,19990.624367125973
5673,29095.761388732935
5674,21274.02886871764
5675,20950.154595285036
5676,17693.746903653086
5677,23530.35682133315
5678,28715.446857155584
5679,21867.119638813067
5680,27347.299237936302
5681,19880.69959748696
5682,41087.76174681999
5683,16084.244731806913
5684,26920.314559762424
5685,23890.658485737316
5686,17419.35248169458
5687,21092.000313542878
5688,18292.710495986023
5689,27679.274668643553
5690,17584.331933893773
5691,20575.30487039924
5692,18863.549924292187
5693,69225.86544001308
5694,21135.482084275092
5695,18284.94690653421
5696,23411.373931423877
5697,26484.856764039003
5698,17334.54825371065
5699,35457.30895035954
5700,18252.705148090525
5701,20143.539779921935
5702,29385.447684559957
5703,17899.00793522546
5704,19200.095148327477
5705,26037.794683126973
5706,36456.44213423598
5707,16239.86785292466
5708,23210.40166841152
5709,26196.24654758835
5710,24144.583381869135
5711,18832.34074712571
5712,17458.33722586367
5713,21466.953935434365
5714,31389.740390342515
5715,25362.006967346693
5716,35270.911733151755
5717,16088.313525974752
5718,25148.81126201135
5719,18463.4250381801
5720,17456.770697937034
5721,27330.210374581722
5722,18633.89129604326
5723,23578.281658312142
5724,17113.620991940155
5725,23124.104073332033
5726,26441.869638428103
5727,17187.23325113065
5728,31419.52139255782
5729,33319.18980968963
5730,25784.90204668835
5731,34524.49372419764
5732,28109.179804470157
5733,40969.99050889947
5734,19539.444726757338
5735,27379.163907099868
5736,33872.4764602965
5737,25804.42744842343
5738,35231.41694867963
5739,40498.6992068774
5740,18508.193080908484
5741,25908.713550807923
5742,44034.035000624935
5743,27647.221971213443
5744,16784.245770420333
5745,25115.844256214154
5746,22761.797028607885
5747,17785.952388131267
5748,23381.552679349134
5749,16312.965654466116
5750,24282.264956069695
5751,20599.820978692107
5752,17159.717816489538
5753,24471.304039569335
5754,19513.726826135822
5755,23765.391989213786
5756,31534.29266040552
5757,31606.766398933356
5758,23817.1917857874
5759,23778.03286035454
5760,17442.928515764936
5761,24051.530288549777
5762,22574.86153167123
5763,21330.8533898442
5764,19824.941459147845
5765,18478.352063416063
5766,32611.86986589689
5767,28377.017432250483
5768,24555.743467981432
5769,18619.818615957684
5770,29917.56473525327
5771,24190.20952115818
5772,26540.257639735646
5773,16810.48151566933
5774,17340.5731545709
5775,17153.248063645944
5776,23669.638487478936
5777,22915.74273832931
5778,17874.373470606046
5779,42713.347327917014
5780,22874.20835405418
5781,18041.106995538285
5782,23766.848980328694
5783,17901.204416844066
5784,19229.89315098826
5785,17810.05735569594
5786,20727.18406841703
5787,23239.59380367217
5788,26064.248970820066
5789,16558.031350039942
5790,26609.99984429629
5791,17436.874434250476
5792,16855.43602178113
5793,20263.166171074798
5794,17958.479872496257
5795,18061.511791851113
5796,54753.74987420469
5797,25562.82899350295
5798,19133.066817967312
5799,29897.94430182582
5800,27024.049865348035
5801,20091.579766636067
5802,23210.812765040293
5803,34638.695476674344
5804,24534.40912740493
5805,44364.782615926466
5806,16047.844707106513
5807,36702.19825628961
5808,20078.935920410066
5809,32358.84042339686
5810,24500.27595639017
5811,17538.85938957346
5812,24048.997650572644
5813,16601.282547322113
5814,20079.011748141525
5815,18549.73157567537
5816,23929.564379347616
5817,23843.449019929423
5818,20028.879917047518
5819,15962.044130003342
5820,28170.196034130167
5821,37388.826315244056
5822,16686.654424693785
5823,43928.67846195122
5824,21315.73443725292
5825,32537.955714068208
5826,16890.142516118776
5827,16820.734747911607
5828,17472.32639284097
5829,18108.51315370973
5830,24030.80743494258
5831,19103.91243523353
5832,16136.434550389047
5833,17078.457103843433
5834,17635.978834811533
5835,27216.366428176352
5836,28284.493347373238
5837,19134.065977991802
5838,26755.502278508484
5839,43893.22659088564
5840,26978.08294717872
5841,16369.979811959472
5842,23685.56849690915
5843,25764.71192350062
5844,20942.2968121284
5845,39663.15257302935
5846,30739.670961583764
5847,22949.87594081799
5848,32052.10332333202
5849,65100.38758475407
5850,25406.665918140923
5851,37812.818995117974
5852,17507.16574564281
5853,54511.596256409546
5854,28041.508991995128
5855,29241.38555261625
5856,19383.8391802793
5857,20755.964406560564
5858,26283.129259020483
5859,17653.934370726878
5860,16532.355260828364
5861,18031.098201229735
5862,26436.691225326602
5863,16807.302314965786
5864,16879.819720940563
5865,35945.71989160718
5866,23339.88125989448
5867,32357.544991702973
5868,24513.573812704522
5869,17690.530517088428
5870,17786.013890413207
5871,21680.962568118513
5872,16015.979675515897
5873,18327.446209897626
5874,17242.68398950779
5875,36756.10931785621
5876,16909.16165468455
5877,23722.268192172924
5878,23746.62956047404
5879,20757.911785364005
5880,19157.121254445432
5881,17595.218964392483
5882,25919.671887983335
5883,23219.355908267164
5884,17696.610294940107
5885,19153.616595662486
5886,33637.258807334496
5887,16620.503101577724
5888,21604.084472203438
5889,17065.218478674335
5890,18899.742116244324
5891,23709.30747890006
5892,30120.960471231556
5893,18810.966498687772
5894,19525.841463374596
5895,17589.041147958895
5896,18056.67923458424
5897,16736.952657819063
5898,30012.66781889541
5899,16478.3964387431
5900,28254.3042912088
5901,17649.022106689525
5902,18487.699739011303
5903,50504.19197894147
5904,31585.305591689757
5905,33289.215533631716
5906,23572.226306824745
5907,17221.301400405915
5908,17078.682294251154
5909,19884.37618949908
5910,27497.89245455774
5911,32272.03456909665
5912,19487.30000281544
5913,27640.36205650051
5914,16954.38840815566
5915,17620.005672354873
5916,30126.79302542687
5917,33610.21813800634
5918,17169.30179494442
5919,26457.706432798295
5920,23502.465472072476
5921,18595.510459273457
5922,37477.66308570363
5923,34395.25817613334
5924,31387.230975843337
5925,27711.84346365503
5926,18801.91793174286
5927,19691.953528625436
5928,25401.37343775288
5929,34140.6480331075
5930,24185.40449492907
5931,19524.411596600243
5932,24696.65419366533
5933,16746.49998132549
5934,21690.823268088207
5935,31170.034548420066
5936,19127.211400874123
5937,21935.09917076028
5938,24902.51097075454
5939,24140.383410111946
5940,41111.594891315246
5941,35785.19484581806
5942,19432.821028526185
5943,16844.45387323671
5944,27169.437402470765
5945,23801.564400986295
5946,23846.108342700216
5947,17243.668085839305
5948,24649.94387754942
5949,23877.0300025035
5950,26989.039473959056
5951,31473.035943256848
5952,19688.277291579634
5953,33740.048211261164
5954,29208.18385460673
5955,15980.9242285119
5956,18769.17873742524
5957,25596.815474841496
5958,20136.42538112621
5959,27065.758570881244
5960,21956.33576818622
5961,18671.998446549336
5962,19388.370229607528
5963,23637.5988744221
5964,15962.044130003342
5965,28291.910496160206
5966,16482.548196844284
5967,30313.801240543744
5968,28994.470446487638
5969,51713.514893709056
5970,28001.493028671415
5971,17759.969902574932
5972,17839.71038828592
5973,25101.928677699943
5974,16622.319696355906
5975,17771.851585038377
5976,25590.989012295187
5977,22226.01662108072
5978,27563.972887624364
5979,25107.254855560688
5980,31248.729597326543
5981,17974.0921453786
5982,42670.729687892395
5983,36790.8393143832
5984,22929.276900083216
5985,23764.335333695264
5986,16479.90957298984
5987,22653.919324049744
5988,69560.01479666382
5989,26989.924298631955
5990,25424.846963668788
5991,34963.05497965776
5992,17606.692234897517
5993,17897.454961526186
5994,16423.392568760464
5995,27278.170809217052
5996,17907.995918653964
5997,23511.41777507473
5998,18986.039528823672
5999,17570.7494779741
6000,29241.34841650815
6001,28453.238712917606
6002,27834.881582761198
6003,22449.3929045382
6004,23354.922319961297
6005,34024.84384386108
6006,18350.85242936126
6007,17968.832770356687
6008,36689.70912862083
6009,17171.51248659423
6010,24823.44813527513
6011,17395.3249891414
6012,19979.178624151977
6013,18148.80470398763
6014,20990.434422804636
6015,16619.002881909873
6016,24536.257390404782
6017,17570.456041184632
6018,36173.138996314345
6019,16411.590782450898
6020,31174.419940142056
6021,35042.54914548009
6022,18384.36826995765
6023,16708.312021862213
6024,17282.822327724258
6025,35592.58451417712
6026,16165.132588064944
6027,23712.906042952112
6028,19398.16715042592
6029,19046.358631916766
6030,16148.898262496083
6031,18713.2923739101
6032,23917.517142698915
6033,17369.35637242791
6034,24113.742348561744
6035,18354.243605669562
6036,19117.104149736897
6037,20715.886811559154
6038,16411.856366880693
6039,16821.41490076633
6040,46600.097977776706
6041,23632.736485652833
6042,16286.993396392963
6043,22743.155229237374
6044,16411.544770345692
6045,21878.823871295994
6046,54189.46975554731
6047,26661.523537068377
6048,23829.278923419584
6049,23135.01790348754
6050,26856.885046510837
6051,27482.42776765993
6052,16372.168044461081
6053,23399.44609284248
6054,25082.267162294553
6055,25591.613082645035
6056,23775.948382226758
6057,26085.21799010829
6058,28088.394585851114
6059,28830.929027977014
6060,17398.094057922157
6061,37373.8425838295
6062,18899.742116244324
6063,28125.758588128894
6064,22193.513177337343
6065,26192.809756046754
6066,20415.52627264588
6067,24079.41719870164
6068,20383.473395665576
6069,23835.523240844384
6070,26480.838124388905
6071,16055.926612399384
6072,16103.417635897293
6073,43785.39747198063
6074,22190.06746008891
6075,16150.052456744435
6076,20421.1226737819
6077,17139.835289992174
6078,23602.14634664245
6079,17015.518715779588
6080,28260.488376727248
6081,18036.46974817148
6082,24214.275509778403
6083,24225.173657112387
6084,25656.358552648635
6085,25767.135523924248
6086,15979.881054563113
6087,16411.05825351579
6088,27359.747212856302
6089,29252.234217070876
6090,22644.904135851102
6091,25564.503410670502
6092,34807.154031992635
6093,19581.348310359837
6094,19935.908969223616
6095,19916.559601510544
6096,16831.695196762485
6097,16990.667293691622
6098,16640.994024869084
6099,23859.64748033266
6100,37976.2941216086
6101,18806.74135564241
6102,21802.101868252113
6103,18085.827991213377
6104,20085.541484894147
6105,26952.738502890825
6106,24682.56771107999
6107,16717.46128074817
6108,22975.354208894187
6109,29595.684069257513
6110,22523.559846223056
6111,24302.29819494434
6112,29197.442683616882
6113,27313.17648982685
6114,22527.318838590745
6115,17640.529402475513
6116,28533.208179761634
6117,26796.019917793717
6118,17688.79327416277
6119,17243.668085839305
6120,24437.235084445965
6121,20820.97719116918
6122,19173.938349163345
6123,26741.66631083277
6124,23941.216885098176
6125,18660.226850257168
6126,19869.807631925665
6127,18603.91875411967
6128,17953.981314364148
6129,21909.31383787718
6130,23170.891658629185
6131,24714.98063822046
6132,18576.091046461836
6133,24412.863226468035
6134,21529.933819384103
6135,18107.816344262847
6136,21097.378818125417
6137,21563.52176625786
6138,24485.237773091467
6139,39816.134299807796
6140,23728.116975517074
6141,26814.875200583807
6142,16390.697556093342
6143,20754.712222980812
6144,16175.183489684216
6145,31470.30064143803
6146,23188.340834555165
6147,16624.501715837792
6148,25102.921409732626
6149,29795.71669210292
6150,21686.57608508159
6151,17547.093528234316
6152,16111.116226332717
6153,22693.15174654161
6154,25679.18619253735
6155,19978.63941588856
6156,32141.951488759507
6157,25065.441509273915
6158,24733.000457042217
6159,19779.566527075993
6160,27710.340359816175
6161,24873.447347336467
6162,19795.486494398392
6163,42348.243237737974
6164,18991.330167854965
6165,24171.47524235926
6166,20020.30706936547
6167,22864.80506405081
6168,18146.9128165854
6169,20210.914719921348
6170,26241.30800973488
6171,18024.26497296007
6172,23722.21762840919
6173,27724.31013019853
6174,22695.040003496295
6175,40066.03028646896
6176,17078.457103843433
6177,26768.712387194584
6178,25058.7827457536
6179,37860.076606668015
6180,23796.56711136026
6181,22561.116685311168
6182,20538.468055032165
6183,20073.675072444963
6184,17981.73060821499
6185,17860.00848008349
6186,15871.499130710308
6187,19551.225225661732
6188,28454.577366429297
6189,16745.91164945685
6190,17385.0713566812
6191,26828.607463463137
6192,25941.421946803483
6193,32018.446826064188
6194,32129.609170624874
6195,27419.43859834207
6196,29942.13243881068
6197,40021.85064741746
6198,34593.051348812645
6199,16612.819744485954
6200,42631.80265211932
6201,26000.20676340658
6202,39913.12436165701
6203,63771.675640105575
6204,21775.019368909845
6205,22604.019933481144
6206,42241.24871221855
6207,20758.688626491898
6208,16539.18134814172
6209,17233.610980171565
6210,16153.054243720058
6211,29717.14359513074
6212,24554.800959403092
6213,38016.653402806995
6214,17240.516939201058
6215,24643.28399612585
6216,32623.439084952122
6217,23511.860582901656
6218,16608.66968398191
6219,17849.16131646945
6220,19573.38857843509
6221,20249.11741430002
6222,25412.76061838989
6223,17674.02423138942
6224,18975.722449038374
6225,53914.73065641332
6226,19681.234693608483
6227,22516.738930270152
6228,16518.23090161243
6229,20866.960136990834
6230,24367.99879336274
6231,27449.234843415346
6232,18604.468958069687
6233,20619.6600616336
6234,16655.142568344796
6235,18718.55187798433
6236,16808.98896404994
6237,21515.157598228838
6238,16940.04875718297
6239,16721.269261861184
6240,23114.822294442667
6241,17001.22368490243
6242,27553.08341109852
6243,39832.960596192366
6244,19089.489210292748
6245,28797.669226627237
6246,24389.673092927278
6247,29231.971169626813
6248,24356.30647786801
6249,23462.93843861894
6250,28657.201438845383
6251,19050.17340504473
6252,24907.634211626402
6253,16263.390883602653
6254,17825.461234248676
6255,16560.284439748193
6256,16606.808009584765
6257,23193.421807039223
6258,18801.917931742897
6259,27310.17727129436
6260,19638.959570877676
6261,25428.357429061234
6262,32053.72640306517
6263,26598.11443597523
6264,33326.314362019395
6265,34000.16410609151
6266,25331.55127809615
6267,19058.091443372603
6268,21928.7363907593
6269,21897.703355984504
6270,25645.819293998713
6271,29088.06197765197
6272,24483.745051852056
6273,36684.176435249006
6274,24615.28360123815
6275,20010.160743772085
6276,16256.06848575304
6277,16732.30790237724
6278,28042.72223512395
6279,43719.05910643857
6280,28378.15844016105
6281,16035.132007334292
6282,20952.70810750564
6283,17707.290610717697
6284,17785.533111631154
6285,23723.83647222234
6286,24744.319706098264
6287,17176.450880684504
6288,27641.196109088036
6289,25910.16170984186
6290,35922.755380832416
6291,17528.525051190692
6292,23565.04500680624
6293,24448.27843269152
6294,26480.828688584086
6295,77395.83955442082
6296,20116.62425391083
6297,18380.914611106466
6298,19732.26428287611
6299,27380.98217675724
6300,28614.806775777266
6301,18027.48781380809
6302,27512.06119789322
6303,25129.166578269527
6304,29610.99447738345
6305,17251.07852872202
6306,26838.8308240474
6307,21199.713374291394
6308,25768.98049589246
6309,17729.906462958104
6310,26264.486146971027
6311,23031.40968677145
6312,18110.801440298423
6313,24545.57073393981
6314,16431.659083883183
6315,28005.19335351128
6316,22594.3008483717
6317,18065.292635582697
6318,16456.359207402238
6319,20523.69296591693
6320,17296.424138741513
6321,16607.820145054677
6322,27968.442025961398
6323,17084.850228320083
6324,19543.019886321308
6325,41222.499836707546
6326,19752.337492439798
6327,16173.240444001372
6328,23558.413774918947
6329,17601.882264977903
6330,34025.72972665274
6331,26071.858260079705
6332,22396.537009510583
6333,30670.574230706276
6334,34106.59592600653
6335,27047.345868449614
6336,30240.47218603895
6337,23630.704455842035
6338,21830.829549783495
6339,35147.18791774249
6340,24683.967592658115
6341,17176.962887505484
6342,16269.934910994709
6343,16832.835009548584
6344,39914.86146853828
6345,24347.20772572121
6346,24990.596172336394
6347,27035.31201306528
6348,18407.168783162877
6349,29536.182829513356
6350,23974.249820323002
6351,24211.69334194141
6352,22785.483959209654
6353,34324.99461672579
6354,15934.721351070744
6355,19883.870624493113
6356,18929.390135315076
6357,17243.668085839305
6358,17532.45847798136
6359,27742.651089542727
6360,27640.84873569743
6361,22384.26961712862
6362,16980.361602837984
6363,17652.576808029524
6364,29682.24726493499
6365,32838.605119281114
6366,20253.662446013444
6367,20866.940664228954
6368,26032.332987477927
6369,20949.852023032192
6370,17151.789961870112
6371,49180.225493919985
6372,25294.20483165161
6373,16123.267877353708
6374,17841.922529008578
6375,37675.851824219884
6376,34915.7011447429
6377,16390.45677222988
6378,43750.90277110764
6379,21347.467405200052
6380,31740.328969879945
6381,18074.940497351763
6382,24062.232129525528
6383,26793.129289835233
6384,16287.165215238778
6385,21388.309711834507
6386,31610.237749413955
6387,17805.80122704393
6388,27551.313536760237
6389,21289.814494741746
6390,55130.656853438195
6391,32673.83161455758
6392,28477.871706259102
6393,16990.82591703787
6394,17277.020070107206
6395,19484.76761468137
6396,24430.800762482664
6397,26309.546707005393
6398,16067.338478355026
6399,17850.745802938585
6400,80062.69820269602
6401,40047.98704795697
6402,16139.580012242764
6403,17637.33131879545
6404,18572.69997882907
6405,19993.183903264126
6406,27779.820857400842
6407,53867.3345434361
6408,22295.118925847713
6409,30656.933968859335
6410,17659.562842176605
6411,25055.65953483614
6412,24963.981760260627
6413,17356.431324683585
6414,18096.722826835754
6415,30962.546426968296
6416,30846.90498959562
6417,16604.524480566834
6418,21027.49245387763
6419,17864.31909332986
6420,37466.99607096642
6421,29301.12760078175
6422,18841.502042488202
6423,34700.92345749995
6424,20702.305477907954
6425,19633.886626417712
6426,18117.354132832046
6427,16838.35109599461
6428,26787.585416524034
6429,19130.2680300846
6430,16923.010047894386
6431,21150.757278056855
6432,36605.31137046729
6433,16129.062989849224
6434,18392.94140398005
6435,16978.308667260953
6436,29588.852510329634
6437,30287.012200238696
6438,22546.622634113468
6439,18307.030068111773
6440,16966.836672193283
6441,17267.549337297096
6442,20648.87703734658
6443,17040.404079908203
6444,16990.82591703787
6445,16695.468165609214
6446,25945.869405854617
6447,30851.944887893424
6448,24138.234996202937
6449,16458.310328683692
6450,27582.592320319483
6451,16383.891574638928
6452,26147.547251587806
6453,25770.828758269054
6454,23389.572126061415
6455,16328.915204246145
6456,22669.621421805077
6457,28291.9167901252
6458,17660.855987558778
6459,19522.916572484966
6460,19777.583698439
6461,18824.788555793806
6462,27210.053412496312
6463,24368.80247103957
6464,26176.264145738503
6465,19269.656614511132
6466,25195.451344391884
6467,21452.36483545379
6468,30905.350820861215
6469,17229.272198302595
6470,26954.40019824073
6471,16164.3455118329
6472,17716.28912792138
6473,23449.572594482157
6474,18836.121779751797
6475,17687.645723471476
6476,18730.017204161217
6477,16459.365032449787
6478,16136.564343760461
6479,27798.264112103403
6480,16025.71641636719
6481,17267.429548486452
6482,36387.99872362768
6483,28090.30641907695
6484,25907.741299795336
6485,31643.0177870716
6486,37847.9359198771
6487,16478.279004715703
6488,16396.141316474706
6489,24292.97973509344
6490,27208.53905324201
6491,30900.369596357283
6492,20731.721908645384
6493,15918.762388200683
6494,20348.601134463544
6495,28581.484544486153
6496,18158.656184512827
6497,18220.15830427759
6498,17737.769084937514
6499,22218.56460419297
6500,16893.48599291139
6501,17708.787518065634
6502,17178.323157003226
6503,22259.875182053507
6504,23103.609153616362
6505,17732.854088408214
6506,16483.035650479665
6507,20328.428962164024
6508,28488.409509419766
6509,27736.02635922389
6510,27457.61378345815
6511,25140.12770536533
6512,28093.390181307725
6513,20334.210458442667
6514,23469.81479106113
6515,17110.25936294005
6516,17842.48893397079
6517,31733.67796140363
6518,19884.40409173865
6519,21397.144877065686
6520,19442.72384542067
6521,21181.67332424456
6522,27424.750799082198
6523,23153.7179795288
6524,16465.70047670559
6525,21558.510888923996
6526,29632.26237008123
6527,21942.44568149754
6528,17608.051698158422
6529,16756.387784981795
6530,35209.42235388906
6531,16808.529624401363
6532,17210.223927040304
6533,29916.775790575397
6534,18905.834312764604
6535,16681.07302362226
6536,27449.168465064897
6537,56364.5231270475
6538,39870.25732755825
6539,16199.738481289327
6540,19258.984818168014
6541,35144.29043133231
6542,17278.991016681248
6543,103712.73518537462
6544,23467.2370327977
6545,17550.10177259001
6546,30577.918769592165
6547,24806.87154846585
6548,16136.59448884051
6549,21285.46280608279
6550,15930.228062056294
6551,16573.010820811465
6552,28142.008271082388
6553,32533.35515692354
6554,18968.080529073446
6555,28033.68697959206
6556,16571.814897912023
6557,16641.564784252852
6558,37936.650262936426
6559,24791.982440891767
6560,16474.008368316983
6561,41798.00509717325
6562,17431.32918385911
6563,18728.063156591594
6564,18284.428360004487
6565,26759.86990253898
6566,20864.41205382558
6567,23508.272597559087
6568,16085.172203241298
6569,37711.77297782975
6570,18604.451802329728
6571,18230.61941041456
6572,27647.21087564911
6573,22208.43377384556
6574,27583.245606010216
6575,24478.59058262858
6576,31280.350291599847
6577,51241.35549768318
6578,17113.65920231295
6579,20921.324863421665
6580,20961.828132152124
6581,33404.613492542674
6582,33625.03538455737
6583,24372.627427138817
6584,19474.417938128623
6585,23212.757803281034
6586,23284.47571035407
6587,74990.23818937012
6588,19438.125429925454
6589,17208.27586744345
6590,16406.2798614077
6591,33415.16568184223
6592,26809.40199589987
6593,18477.43187070708
6594,26457.660582677636
6595,46440.37664844507
6596,25908.550077495798
6597,22389.505728566754
6598,17144.66085944806
6599,30848.326080207466
6600,16874.551170783
6601,36359.25055172167
6602,16441.958660918976
6603,16703.846845126973
6604,18748.286794815715
6605,21360.12621245976
6606,26596.825097782108
6607,22365.191052887676
6608,17421.879439251086
6609,28153.68311277766
6610,34315.44105532788
6611,23559.334475982232
6612,17864.03685967494
6613,20950.085578730617
6614,24424.181994436298
6615,19849.528428638005
6616,42723.407755634944
6617,23686.38081491576
6618,16077.127707856687
6619,17842.694973754707
6620,22598.93951255721
6621,23923.984456142025
6622,23967.486746084865
6623,24002.893021526987
6624,29383.072361938503
6625,34749.923375458675
6626,27942.751234240855
6627,27557.07159735432
6628,16367.603595929988
6629,17279.671877696077
6630,16458.979774233932
6631,16237.525188610198
6632,35970.05506454306
6633,24809.373224369265
6634,16643.35757173993
6635,25469.779889564874
6636,29856.304093036768
6637,28029.3825407254
6638,22745.85504860376
6639,31090.570704568505
6640,21556.800101679462
6641,16811.38483196066
6642,16228.03713653825
6643,18770.978683667185
6644,26499.802377071457
6645,26891.594174414644
6646,26951.154403859844
6647,19674.899344104193
6648,21982.355808773893
6649,16166.996503295544
6650,28457.490349181877
6651,25588.63877147618
6652,26485.37667970615
6653,29120.567381923407
6654,17174.54710195394
6655,20241.367126894613
6656,19761.548215602954
6657,37390.40238434941
6658,26989.951580111105
6659,23449.96767176098
6660,32539.249342801875
6661,31170.1156147599
6662,21689.23046842548
6663,23928.108243733812
6664,19903.07615604833
6665,28833.744174942014
6666,16313.163058788436
6667,17968.832770356687
6668,68013.28968187285
6669,24371.661291009423
6670,27876.333228203715
6671,16199.738481289327
6672,17016.591450472282
6673,17575.68399867806
6674,16145.521052959606
6675,36409.73154351308
6676,25850.42170522586
6677,17643.300193986714
6678,27225.698996783605
6679,27017.110055406854
6680,25375.969063841443
6681,17310.368176201995
6682,18171.35682001761
6683,29696.47387827282
6684,16423.836562386914
6685,39427.174530104814
6686,31226.46671178642
6687,18339.55846220768
6688,25361.220471592893
6689,17584.424628158096
6690,25583.174866530393
6691,18813.995947247677
6692,45106.83046755035
6693,19266.89297979717
6694,25052.532354836167
6695,18354.951465466955
6696,19513.704153706032
6697,25748.30457872675
6698,19142.227996533227
6699,19364.633821047788
6700,16244.40996677314
6701,23207.775802680713
6702,20308.9542323706
6703,23230.84792284176
6704,16337.773597426973
6705,32474.117161678303
6706,16455.29700055139
6707,29321.756953575386
6708,16296.088873095961
6709,25856.782031588496
6710,22135.48615113811
6711,22122.051530814097
6712,16484.677369104087
6713,28773.88347812764
6714,16390.03170312283
6715,28014.67118952815
6716,17078.457103843433
6717,23831.094730061825
6718,33952.30498202928
6719,23837.760725579523
6720,17456.62351819041
6721,102304.62319187396
6722,15939.974867687262
6723,17425.419310169087
6724,24450.069011196534
6725,21970.85301454344
6726,35156.136784898175
6727,17672.260730632803
6728,22033.49776130461
6729,17456.8059346578
6730,24631.205435338143
6731,32624.04807329578
6732,17051.751485372573
6733,47485.47718066789
6734,17267.19430728431
6735,17266.40648192185
6736,16420.989833361687
6737,26061.575256760723
6738,27298.184131074217
6739,23042.329637807034
6740,16155.590057601477
6741,36858.15191414658
6742,30046.30680633441
6743,16519.121353656952
6744,16707.68808659236
6745,30197.584419654697
6746,25369.20630170468
6747,44895.7335394729
6748,19419.78619536109
6749,27011.673169115453
6750,17695.477744401738
6751,18167.57742084851
6752,27280.310023287908
6753,28326.807548466302
6754,16043.164644985709
6755,17651.94316869142
6756,23544.87227282304
6757,16437.65467304183
6758,27291.690998955353
6759,19596.118441857183
6760,24458.101714398577
6761,19549.689089295964
6762,23940.523644924197
6763,19143.88329534523
6764,17665.89327356633
6765,19018.91449840649
6766,20597.19203552329
6767,30617.15900167996
6768,19838.905468257257
6769,31634.149259638925
6770,19452.057984062165
6771,19543.194370698428
6772,17366.332946493992
6773,18585.191657153737
6774,40494.592379138056
6775,26457.485044276415
6776,18044.84665594396
6777,23021.12429931848
6778,28314.795159729794
6779,16200.524911221062
6780,32732.9677621046
6781,36422.693546394956
6782,25750.10042925358
6783,19513.205327375817
6784,31347.71028125674
6785,33177.25306408539
6786,23428.276130370603
6787,26228.584988977178
6788,17621.433531747083
6789,19823.903649855034
6790,17176.01801777375
6791,15934.721351070744
6792,23764.69939062433
6793,17208.27586744345
6794,16741.620295890745
6795,16252.198602034021
6796,21626.00967129668
6797,32387.244534688052
6798,16554.38832889917
6799,57605.41347306219
6800,19327.424311079143
6801,21565.666506787
6802,26941.231705358554
6803,27185.34313626936
6804,18511.73074276118
6805,32009.57422191324
6806,21980.092924304172
6807,19137.75954762353
6808,27282.561809556228
6809,17979.27497773064
6810,33496.96198133628
6811,18276.55858618863
6812,23839.3363661509
6813,28053.416893795496
6814,20847.272993089387
6815,19584.40141023011
6816,19687.63610327584
6817,28972.91119862243
6818,28918.972554071053
6819,23912.93706165125
6820,18236.25075014516
6821,33504.58312550085
6822,28372.64875674292
6823,16016.266018251314
6824,27287.540844985095
6825,17957.849218947093
6826,34949.79109961006
6827,20371.688002947423
6828,17593.48257339683
6829,24246.029043618037
6830,26326.488084518347
6831,16898.117616579373
6832,33664.77499943812
6833,24626.54765952424
6834,23904.89602292638
6835,19168.647760355943
6836,23291.92549588903
6837,17738.248782211293
6838,19884.998454296958
6839,19554.07696991775
6840,26102.5162042181
6841,17305.960674468763
6842,18486.038976936594
6843,21575.44932735893
6844,28443.442933728962
6845,39211.65620124075
6846,27787.90515277249
6847,16053.460270871588
6848,28337.6685838526
6849,20621.854763333875
6850,16308.124208971034
6851,19074.695226676617
6852,20639.463373738407
6853,26788.494885063363
6854,25436.44902423851
6855,24348.159461688305
6856,21993.122395092363
6857,18001.87333191234
6858,23190.417424628293
6859,28502.356703959987
6860,19037.376439031323
6861,31178.435496728398
6862,19587.15374605901
6863,49817.91169759575
6864,16466.854871314434
6865,30024.1634480892
6866,28075.77369117712
6867,29514.660346737448
6868,17896.24074205965
6869,26714.84461478283
6870,26710.61008513909
6871,90966.28087736206
6872,23691.04653813995
6873,50878.97683357752
6874,22852.252084976568
6875,30589.220196880367
6876,26262.56315940266
6877,17584.424628158096
6878,18885.94875934682
6879,26813.468593263075
6880,17639.54192157908
6881,19572.494157336692
6882,17984.955477690015
6883,22051.417222290784
6884,16590.285157759787
6885,27988.75380363958
6886,20257.82511961582
6887,28278.345287903743
6888,37473.440896882494
6889,23467.9375718791
6890,16938.524106178964
6891,24622.346328490763
6892,19905.774792064818
6893,20511.943146160815
6894,25682.042993595387
6895,16214.62754361758
6896,27795.579026155454
6897,17076.608617130387
6898,26447.16519196093
6899,20550.92039697862
6900,39131.087526621974
6901,17128.056907767434
6902,27620.145570100558
6903,27138.80075018046
6904,16497.423609753743
6905,19970.247165410372
6906,20981.36042458562
6907,18840.895409893303
6908,16044.764657412208
6909,17919.039435511226
6910,42814.83244007408
6911,24575.17414117566
6912,22082.509497842402
6913,23602.45425861646
6914,18896.030933071033
6915,43456.881907992254
6916,23349.037429747885
6917,17757.922996855163
6918,32861.56605817796
6919,37866.33102729855
6920,24898.56312928533
6921,20433.1957216482
6922,17582.997498591434
6923,30826.512936002473
6924,39922.36099185212
6925,20331.33671075658
6926,17017.630646075904
6927,69570.48826465734
6928,19017.091114135543
6929,18548.455809101884
6930,17525.708842438522
6931,18713.676297669514
6932,32901.17621404384
6933,26683.5462691757
6934,28433.793794579513
6935,30177.45265066003
6936,20071.967852045105
6937,17068.913301090797
6938,19041.85027396689
6939,16628.741093736888
6940,22995.45081606533
6941,28911.526951591804
6942,18955.902777380124
6943,19902.044988121885
6944,22321.98866557737
6945,30715.061034370778
6946,27892.725057746735
6947,127886.26658796288
6948,24898.815702643024
6949,26966.595388304017
6950,28513.73668656555
6951,16687.056987760767
6952,23376.401319954068
6953,18175.61265268926
6954,18703.318446205983
6955,22622.93050137089
6956,21293.18590721548
6957,21951.618825223846
6958,25652.589427299255
6959,18326.10307807095
6960,19807.76657270824
6961,19151.616361060467
6962,37808.00559603671
6963,19186.29926379725
6964,16336.560415680873
6965,21175.37342437235
6966,28091.25052962881
6967,25078.741412316154
6968,18835.212412097542
6969,17720.17989132885
6970,20155.45696926125
6971,31389.21796668117
6972,29319.430160737298
6973,16241.320068470008
6974,18515.848442880764
6975,18307.832427534664
6976,27756.82580897966
6977,17782.753129788416
6978,28483.443594205048
6979,29228.472076376413
6980,18836.766220416746
6981,21806.24882770691
6982,17280.462082298516
6983,21348.323239698377
6984,16250.505161496876
6985,20867.69257319085
6986,27208.815438178648
6987,22310.03457636798
6988,16089.449433004545
6989,51940.29040467779
6990,17583.81047116054
6991,23793.83042289051
6992,53025.31326672405
6993,31101.037489262948
6994,22735.129013597456
6995,31121.195261804445
6996,31510.0548704332
6997,16605.86392495457
6998,19480.659510546946
6999,35592.95545962647
7000,18911.837430382286
7001,27001.220934987192
7002,26186.57582910299
7003,21311.83238977482
7004,35413.45181567389
7005,21567.593472215816
7006,25674.393088644643
7007,19300.602246613846
7008,18445.528877865607
7009,17871.91778705811
7010,20269.844508703492
7011,16625.40540250526
7012,21207.46982571162
7013,30917.010919863656
7014,19457.75160747734
7015,18172.567000685103
7016,29595.070269561893
7017,28750.88411694086
7018,37281.6289404495
7019,52781.64346272433
7020,20763.10211975238
7021,16707.68808659236
7022,16748.865761586323
7023,20864.812578614692
7024,22599.227765258624
7025,28615.870284901008
7026,28089.65506273132
7027,35974.20608780411
7028,32940.747548324485
7029,40506.67374709871
7030,23572.367350020442
7031,16577.07705842168
7032,18660.06605077321
7033,21468.432832656817
7034,24786.426715743775
7035,20504.733141058252
7036,18323.723834175893
7037,17159.717816489538
7038,28528.15415320543
7039,26060.955089463303
7040,22547.57652504505
7041,31477.0674207699
7042,24449.014675290648
7043,19826.598481785473
7044,31599.05092053115
7045,19136.369166283464
7046,20378.544369192798
7047,126900.65941094463
7048,51304.51653694091
7049,25984.932466155682
7050,18618.17359752273
7051,32187.225241186694
7052,38797.726272242486
7053,17375.52827004825
7054,20627.850741907496
7055,32372.44709351587
7056,16998.11964658855
7057,20368.92260708961
7058,23297.37085322272
7059,31472.077286043983
7060,32135.211136529564
7061,27922.108351425162
7062,21023.048817224808
7063,16510.40080314085
7064,24826.74265219299
7065,16162.718493596863
7066,20755.714693359932
7067,22764.860702619888
7068,25593.1288828451
7069,18897.065064380757
7070,24542.25967713873
7071,16257.059168996651
7072,27680.326012236426
7073,23420.930589591717
7074,22965.568454078955
7075,29038.3997302703
7076,18399.927855170798
7077,18217.804398294298
7078,26113.0701947708
7079,18370.931066549158
7080,23304.932232958792
7081,43495.774474566424
7082,15943.052313369508
7083,16464.47274936157
7084,18354.43094731766
7085,16263.761601249387
7086,20275.729252282923
7087,16577.660345620614
7088,19638.25119432453
7089,19256.155469662684
7090,16662.85645649512
7091,17055.245901494116
7092,30118.377819910285
7093,20034.629467263003
7094,18370.68628508626
7095,20697.072617740992
7096,30066.130422940387
7097,16433.521249692287
7098,18490.642675964613
7099,21051.860411640104
7100,24125.77226912395
7101,16247.600029465266
7102,29171.86922505002
7103,23227.6173114351
7104,21241.88950744512
7105,19986.973501274675
7106,26332.027567717567
7107,28938.83601883105
7108,86967.9795485498
7109,18813.83005809478
7110,17906.264624189393
7111,23018.834927521635
7112,22759.555941699637
7113,17838.467139406
7114,26531.700576417046
7115,25682.302346720622
7116,27791.372416362425
7117,23591.097353426016
7118,17214.23783836016
7119,25169.472404632783
7120,18185.303329211747
7121,19915.820987606017
7122,17667.643519331636
7123,19873.766474107902
7124,23726.010182812897
7125,23117.730200445312
7126,23728.34582367118
7127,31636.47541482563
7128,16565.934618841635
7129,37119.33175300786
7130,17243.938943356952
7131,18334.80702946027
7132,28906.375991473196
7133,23358.494917437365
7134,31470.047896647335
7135,33572.134679278875
7136,33401.233120485595
7137,22383.649367561873
7138,37799.50070541571
7139,37444.711980287655
7140,25829.888967427927
7141,23826.143966775802
7142,28635.091323804536
7143,23734.915419089604
7144,28305.798720306822
7145,19858.041326042843
7146,15885.853589676115
7147,19097.6222260091
7148,18611.391290394924
7149,17214.222727222023
7150,16229.865605384492
7151,16891.910714653193
7152,23930.98632549275
7153,18801.917931742897
7154,20059.34229102681
7155,35036.15785637521
7156,27565.425490305613
7157,31004.28963214995
7158,58260.38406420209
7159,20802.557444498347
7160,16355.616281361812
7161,18896.845663321892
7162,24432.745864950903
7163,23885.105445782792
7164,31714.352134150926
7165,24171.158322565956
7166,23295.802883260778
7167,35725.517593241144
7168,16543.185039492277
7169,32627.62741773255
7170,16812.74189879949
7171,29115.509908472195
7172,17484.75877883186
7173,18816.713933286996
7174,18367.074691200352
7175,24282.21224662322
7176,22798.99556436534
7177,29706.631333741796
7178,24450.23717729221
7179,21669.861847180127
7180,21394.56131366417
7181,16578.87089403134
7182,26394.29931031313
7183,27307.16298548518
7184,26749.690671508615
7185,23780.520153245878
7186,19116.564787653995
7187,69419.07538347685
7188,21465.745987304013
7189,32226.82070229384
7190,20827.020191919775
7191,16187.500869977179
7192,27047.64700274595
7193,23933.498274141963
7194,29808.660240624107
7195,17100.55357699825
7196,22736.89920805689
7197,31055.709815952636
7198,21185.18136907199
7199,24221.045146657234
7200,36860.73079856184
7201,23164.41070894408
7202,17335.5979211855
7203,31283.33387858178
7204,16169.393677474014
7205,15949.826606361654
7206,18712.292839734873
7207,23496.8383598304
7208,18696.212899448412
7209,18778.017785185668
7210,42424.12020833536
7211,16041.597823751163
7212,22310.427471448675
7213,21509.693953754366
7214,16704.906249267875
7215,17233.443232922433
7216,26727.274078665294
7217,18596.013415931167
7218,23474.363285836258
7219,23983.432275605435
7220,16411.76395371575
7221,16813.69482199414
7222,24459.76924200434
7223,26130.550463777206
7224,18836.433603798352
7225,17241.0695722273
7226,22083.92738456201
7227,31651.727735030534
7228,16560.970297343905
7229,27817.31706062812
7230,23240.343983132323
7231,18893.868799108746
7232,24727.417775925678
7233,22383.14774571231
7234,19195.278789791646
7235,21915.692671941528
7236,17240.284035974717
7237,18605.477446675985
7238,44289.09395952477
7239,16640.29619762959
7240,37739.94642217753
7241,19361.41279339787
7242,37729.78492356119
7243,16990.82591703787
7244,31776.21903753693
7245,24597.272739836055
7246,18587.83933512229
7247,16863.38387151344
7248,26925.395971246417
7249,25290.41279482456
7250,20079.011748141525
7251,16410.779313102106
7252,23377.664012443096
7253,18594.427260090753
7254,26270.292794339046
7255,29997.11322797414
7256,19086.087499985748
7257,26396.00864018169
7258,27223.628611975662
7259,39221.40610837774
7260,22275.0519544698
7261,34316.31125395026
7262,16438.831461195678
7263,20020.02198251931
7264,16235.389744057333
7265,16163.305631226698
7266,42709.02014901149
7267,22215.12582277634
7268,16679.22202933799
7269,17981.529852973632
7270,28989.344627741433
7271,46492.5969833353
7272,25078.929204598688
7273,29948.275294979612
7274,26062.272469138286
7275,28815.25684712571
7276,23993.566978870465
7277,16254.452848296592
7278,28288.727012642128
7279,23867.212810132864
7280,23476.9053876639
7281,24885.36753870531
7282,19221.740053988222
7283,17852.493416030877
7284,38062.943983595535
7285,30819.14166183958
7286,23572.226306824745
7287,20821.595725053445
7288,23325.71778530648
7289,48790.34974710691
7290,16990.82591703787
7291,19281.024586945394
7292,17198.831223543722
7293,17386.02889169822
7294,32372.245868261467
7295,16544.598362819863
7296,23763.84450602796
7297,20007.781256287188
7298,16986.22262098433
7299,16496.15340696426
7300,27897.004635947873
7301,16382.01870174614
7302,28026.71959549229
7303,26915.19497184179
7304,36979.59988133315
7305,24648.37558474339
7306,16567.486845881696
7307,16411.945721404085
7308,26828.665968388406
7309,16656.51138335045
7310,17788.024922599016
7311,18899.742116244324
7312,28724.625830180776
7313,23800.43663406375
7314,39463.74444101461
7315,17210.862672101423
7316,18858.565564592307
7317,27798.948351472056
7318,27230.075479793115
7319,16566.943704586567
7320,24448.65636898857
7321,18066.66420168883
7322,18815.912239648755
7323,37850.02176120418
7324,41214.73030051331
7325,20775.253557614236
7326,43377.79340069223
7327,19886.432016803494
7328,27295.60710091395
7329,21562.849960525495
7330,17606.11574705447
7331,31765.579960563617
7332,18768.283213315663
7333,22878.102604995926
7334,17411.429782769093
7335,18876.970215185866
7336,20511.164826520697
7337,19392.555031302058
7338,18967.393919177168
7339,25622.4854559394
7340,28818.600304865555
7341,50582.25371747543
7342,26213.85161172741
7343,40123.61543011007
7344,19466.528802270954
7345,23764.627473314802
7346,51354.29185541108
7347,26375.805063813445
7348,23512.75383682995
7349,21543.35955879351
7350,27563.577830283448
7351,16254.128066443234
7352,16723.379791989315
7353,16803.413347903846
7354,17028.982548741147
7355,16343.973138586885
7356,27388.066344952527
7357,30702.95814839426
7358,28089.60830911679
7359,17856.862094613265
7360,22050.78029683592
7361,22206.808366518733
7362,16574.666400276936
7363,27186.98063755437
7364,20021.295319127734
7365,19611.818357959626
7366,18290.094538027373
7367,16269.136248811588
7368,17159.355803783204
7369,21010.719571236616
7370,17809.535779577687
7371,20917.122752699168
7372,23120.80349931442
7373,20397.92663076374
7374,26061.864042577592
7375,18024.849184606966
7376,16808.060371603642
7377,18209.36377124628
7378,21919.84006363011
7379,26946.86195508834
7380,31143.956408690137
7381,16488.851123599055
7382,16707.68808659236
7383,16611.225401490472
7384,24766.679075479304
7385,16287.139975298289
7386,25635.725654511876
7387,26785.196778377693
7388,44188.645419596
7389,26915.91573623167
7390,17699.720204231504
7391,17487.21098863085
7392,32220.466830413217
7393,17273.174453628002
7394,35389.66636487565
7395,16535.27762805874
7396,19547.277957634455
7397,19224.221698244586
7398,18899.742116244324
7399,16235.086821429664
7400,28314.18369977867
7401,21830.708039402845
7402,31896.943301879634
7403,16496.566605300566
7404,27678.129317821837
7405,22333.039815600136
7406,17604.104995827736
7407,25798.155619093362
7408,27024.40201571907
7409,19184.83236295349
7410,24365.407781103197
7411,16940.964164114936
7412,28687.76380176675
7413,19957.704326313335
7414,33407.3827117674
7415,17569.26036910084
7416,25422.061965355417
7417,16420.618238644547
7418,16968.40646248101
7419,35250.07341414692
7420,35756.52373095819
7421,17596.416122695853
7422,19900.57689451661
7423,16589.902543434964
7424,18005.522840949154
7425,28925.438124053773
7426,34119.24154199666
7427,18240.77062235629
7428,19617.211874906123
7429,44524.61715961181
7430,18058.803133662735
7431,22512.30402250871
7432,28604.127756334285
7433,17243.668085839305
7434,29650.00617054135
7435,16411.005664009135
7436,46853.56908810671
7437,30890.884140449678
7438,23603.48133580141
7439,17741.098960817
7440,31925.12778900645
7441,21745.572732637498
7442,16749.316359219036
7443,22776.140656532196
7444,27639.32536676957
7445,30451.217005593113
7446,16179.781668108852
7447,24346.27351537221
7448,29304.294930180673
7449,17572.75953272743
7450,20249.39705367009
7451,39228.87026563839
7452,22598.93951255721
7453,17078.457103843433
7454,25873.082936629635
7455,19502.88149137452
7456,26617.516790054455
7457,23314.411223788356
7458,21230.695702649544
7459,17037.753425893
7460,16410.980571789467
7461,20188.442460336933
7462,24326.367525331312
7463,30294.167313794085
7464,20898.71388884434
7465,19310.964860192908
7466,30297.887127707378
7467,26817.28877341625
7468,19388.78744521355
7469,18174.02773932208
7470,29156.914762860775
7471,18760.03410899457
7472,22367.02614886065
7473,16914.919470483263
7474,24835.785835394414
7475,18393.5293490495
7476,21131.01816560668
