id,salary_mean_net
46224201,109143.90242971735
42119402,49652.80154014481
45716401,25871.99560317608
43716203,20565.174423168326
47109602,45241.74885309816
45507200,31715.486281190475
41123802,58887.75051823302
49155602,38096.74979163144
41169603,26085.757076498227
48041400,76070.1584235226
44627400,82427.87974597224
41904800,33534.57441983893
49037402,51141.434571582424
46778401,33110.57966373119
49970601,23909.62714317483
46875401,58224.6609460798
43416200,25410.86569996538
41717000,38068.11687486925
47784201,45470.850569308626
48823400,33654.66697996343
46711002,41027.89589792921
45307201,22235.652505454153
44298402,32406.5523675108
46487402,61895.1524367393
47184800,84668.00331607829
44145003,73073.64461259313
49904402,67573.47528763145
44032600,42341.88151476395
44374402,21010.861806330697
44402003,61730.31105363916
42970002,67502.25918628706
43892802,43569.135533478555
49155400,37032.567204152656
48131602,60893.92212615394
47830601,32210.354360929836
40956402,83083.52757745395
41839203,91845.42782865906
43643803,32336.91858620439
48574401,41172.42288653223
45808400,25788.271624021236
45119403,124762.07317208692
44271402,37856.728323953896
44880601,47004.35834005063
42208202,56948.797567792106
44322800,46485.710342449616
42892600,25382.77042358069
46480801,44242.88560535546
49197202,40671.278947682695
46631001,67421.30449661304
41294803,19336.305965300275
48400801,51648.37623145839
49960000,36095.72908323323
44190402,58691.9950126088
47235200,30685.485674273204
49190402,46904.30048114968
48081202,64714.42240433412
45428802,29086.18443922473
49733402,45364.2939989754
47551801,28930.73690637916
49141202,22056.4522562934
46583000,41245.415646226385
44898201,50649.33779591048
44255802,32197.609787413796
44659000,21329.302871352684
40826602,47513.60807005991
41268203,18270.942808791697
45078001,20507.57196906268
41368002,14485.243914077962
46702600,23302.4932852682
48921201,71054.26289234606
42480800,35766.113545017855
41982003,69178.55544137208
49052200,64869.73822997402
47522802,50131.21323550712
45581000,36121.58312215965
45919600,60500.653732454295
44522603,68083.30308730347
41337402,19187.834246961495
45155202,21738.20554620674
41238800,17047.08684488248
45261402,32614.837645016643
44986003,27039.63284059047
42474603,46902.40766623762
41699802,58994.58755056318
45672802,46554.19853810102
49818601,32155.594934969708
47142202,23162.791513894183
46217400,47211.52790577175
44279201,33510.30968309895
49418400,39565.9839698789
42452603,65104.676523192036
46243002,27558.90027278263
43363403,45631.615035860224
44945201,56027.443204857766
43750202,45407.40832131729
48944200,38715.929258012744
41822202,101191.64563627017
43997600,31948.192599674985
48834200,60836.93229494731
47010601,31808.0456763729
45556602,64857.49317250596
49398201,39066.53670432936
41385400,23423.948432040954
45586802,32910.83753047519
45942801,58642.857986880525
44666203,51010.45928679171
45663201,87298.1483600306
44327002,36881.07007379694
44225603,73649.30880386542
41747002,46357.01774307765
42447202,35478.065777532494
41094202,39590.73948918476
46445202,59525.29269970378
43980600,63255.2551588722
47902401,30466.969486249985
42464202,20611.48613283064
44950601,73415.48521506035
48139402,95963.28432330802
45203603,112851.91638728383
46815002,22178.425266181417
42797000,64099.98142991469
42130800,52501.011278438724
43836402,17121.69951964678
42298200,55830.26662942613
42293203,31990.766275913193
44361002,66361.53861016566
44638600,64181.64530980151
49456000,51343.36197749509
44419601,49306.78744187714
43997601,32081.906744119824
40927202,44559.22682384908
41503802,53788.39389783448
47476801,51883.304793050884
45488203,81492.58348518428
44266801,36610.062041698984
48837000,54648.81022761884
43807800,28283.882835550787
47106802,22379.467281179393
41391802,38362.28808642233
44343000,46696.378905906444
42489602,29235.509052804948
47035800,35893.84655825903
46356201,59077.15405885346
49235401,43555.50501369024
43106603,87055.37478250549
48584002,46317.39856786642
45466402,35672.44508975954
42252403,45037.63459674671
47639000,33042.190975304205
45906001,64204.514387087285
49722200,28166.58635402475
41518003,90543.97289816721
42385403,36828.07002007805
45510201,56171.79822622618
49860200,39744.73841935646
47748201,39183.84915236909
43503002,59095.628794546996
49121201,42468.86251038362
41278802,35449.05549779246
46488201,34574.07296490466
44357601,32570.147709836314
45329003,47246.33055578247
46121201,87086.83439160754
44534403,23584.110483389275
47439200,20701.102504146886
41439802,58659.95678728499
43174802,83696.19437802573
46571201,27827.29432788649
44396601,54052.0907419163
42916803,87227.19124371142
46556402,37359.248842213565
49299802,41624.77781335862
46320401,38844.40040024801
41349003,15770.343990673831
44385800,25629.1912405034
46565000,61814.654236773065
49856402,39164.68856073796
47026802,50800.81126648317
47281400,35121.446018100774
43571000,80557.74043592754
47264400,87677.32669616435
49762201,66463.41255275249
49539601,35577.20822309771
47023001,74483.23482509128
47805400,39412.995932646205
42503802,20236.944022461696
44903800,65676.7888947513
45184201,37616.31480816748
46244802,63415.40705182553
44987603,64845.14458453065
48334202,49651.82297004511
46710602,40994.29172444412
46103000,36247.20366652237
49332202,35469.375863715904
49018201,84039.5234679935
46759001,43923.703081753454
43486802,28748.88575866986
47335801,85767.65260333994
45229202,61039.73947190192
42649803,58105.91107533572
49143000,32840.80925654053
48893000,35231.7431357955
46859202,75783.57335389835
42136803,32061.29147627518
41181002,39800.8120685857
44475001,70578.76101506945
44348603,49481.47858119803
47003402,71405.60286023266
43618002,53434.51331664248
48296600,48910.097428067435
47038401,38459.78189464384
49145602,54686.85575025881
45244600,62476.536024828485
47963001,52025.074138909586
49631202,65579.14838288432
42867802,61978.600351230074
46826401,26764.76399238982
49336801,32902.13557893112
41301202,34253.60936547969
45697401,61406.25591452446
46021400,49744.15432694773
44352203,29386.17593457602
43840000,37600.24876993502
41874200,71882.50167872218
45129202,34154.00271766952
43415203,35698.54752259829
45648801,91572.11810763426
43103800,62050.40843236656
46788401,61533.766130604774
42085403,46002.29793277498
45373603,25896.44127944372
43082003,40460.939747695855
46171601,40373.54823169063
42831203,67179.23843247262
46689201,71758.85434749513
44785201,60339.7470259634
46367001,64898.623970189285
44117600,43401.41042675564
45338002,33890.08116043861
47507602,90405.25890789951
43644400,86451.98970700725
41405403,51554.47800731608
45093403,38079.97027241699
45870402,65995.71793961151
49833800,56569.88001848778
48925600,26095.94985049227
42474402,37686.04422263768
45784603,42431.36614429004
49955802,43551.355090468096
42199400,34536.46744790688
49847402,43738.58871907475
45968402,111044.31041945523
42683200,31465.210689517764
47870200,86501.2261361204
44719001,59036.59016215108
45330402,74311.18016221462
47201802,33383.51910486082
49925802,47138.79071867454
40996602,51634.39216902432
49929802,26019.961435334095
47711002,76997.57596939555
46575200,59894.01920233168
41815802,39963.424010624294
45048400,82069.22315983464
47075802,27954.86654050273
46943401,49123.58855823781
47565000,37393.462323670035
45462803,56941.88183413284
49623200,64201.53566237052
45962201,62607.01873358499
45931001,52741.87711874818
43517803,49366.93709419217
43553400,27793.644451301934
48184802,43318.78553960286
46683802,42183.254486272956
44930800,46878.58210843755
44074202,52506.549159999966
48191602,18898.947884445377
45958800,33231.82135616286
48842400,78393.71105206938
45414801,111177.07420474663
45767602,70313.82435155427
41082600,42347.46977636919
49807800,38292.61868136039
42515600,136278.33617654274
47980600,67457.9964445628
48467400,26460.062007219123
44733603,39306.590996178114
49775800,72872.10099888449
45906601,32686.74458714552
48172401,54627.92193960134
46388400,41190.889724844536
48566601,36250.940362090376
43549203,27020.38865027173
47680001,49562.95490848447
49464600,44468.141806856525
46357200,76829.02452801826
41941600,21989.94271675695
47069602,61988.70473470786
48789002,48306.5790562044
42849403,134842.886099063
42421000,55922.96566042702
45538402,75005.19589594718
47932802,34953.186137433084
46972800,36138.74254107158
42018803,35786.07556951885
44280401,101253.62133395203
47428400,53592.76642150849
46006402,178975.5199743484
46784202,32776.47495242326
48568000,42181.863608398315
44073803,71880.54029078463
43262800,26719.188341425743
49901800,88435.54428640369
45261202,37681.45014446893
49168400,38353.71158501209
49770601,33253.83360713999
45477602,36797.94052420064
47297802,79590.72982636145
46899401,82982.6438328144
45612003,65009.08790524091
48756602,61467.93937879232
42776803,33030.76830126437
49858600,43974.23785876568
49174401,40111.224210567656
42772402,31891.171638411655
43129802,30748.34684224668
49519001,37299.65649717662
43622800,76956.50992768283
49482602,63156.63685258083
49972202,102966.98786270186
42459600,63296.321375041174
43603602,51416.62474276023
41775400,77692.63281871984
42630203,83241.86996550679
45166601,61981.39773980719
43040403,35665.732207212764
43630403,74092.65781071752
44806001,66303.95289975722
44696202,30842.945015018555
43512202,30507.211387763968
41634202,18009.085147133374
42960803,71535.28322385675
46327600,50578.74635712419
45595800,40943.27949640211
46498200,60776.19285244536
42406803,45222.87320340276
41110200,37954.08600015995
45393001,36714.21155135838
42895403,29910.351090633005
49837601,24295.96282844064
40857003,56946.922747959004
42935402,71494.1302445084
41923002,27054.226113399123
42208402,46718.315122763765
46974201,36409.019854037506
43269800,58926.27264270115
40997000,79938.39798298504
46979200,48048.67138675825
47270400,68039.59752018967
45927400,24988.040435837327
48557001,102660.90851942409
44972200,62011.64814401556
41119602,33676.80163624468
47353000,31296.444821992944
46813602,38238.0603432337
47997201,60373.076715950905
46946601,122435.48386131448
46387800,32093.50319473081
48712201,46692.23612919305
48221002,43673.89104265123
41053403,55141.40258229774
42243003,30912.120235623748
44636400,28423.093742319274
49100802,46266.07746385262
47920600,33634.8688893369
48827002,32357.35566577375
45698201,37560.40034551075
45879600,51505.1010503148
43425000,39152.312905866
47525202,43138.81980296044
41924200,47145.46608253168
48105401,58775.84303596293
41100603,93610.62111294408
46949600,45240.366275175795
41726802,59086.00714456845
49039600,27908.14352651986
49592600,19535.217604100882
45134402,30242.539271057973
41508200,27591.43612889994
49893200,25870.08404078795
45114200,51517.87248993321
44794003,70051.07239672284
44670402,31535.529382452936
48034601,44118.629013193444
43512000,50602.76714202854
44770200,30403.290705992396
43404200,56923.727742821015
49891801,72085.97603272484
46197002,21791.140964441445
48430400,34960.32134239805
45153002,23013.888835555947
49878400,56729.04713781956
41876403,49693.45065336393
41257200,29562.344775584526
41403402,34334.50100298258
43593803,35985.17170007029
49852200,31846.582714957083
48647001,56334.15625210478
42543003,40015.34615559589
45240801,26517.697219615016
41310003,15545.396089093494
42596000,42692.36676880307
45554201,44773.99401639715
46384401,51510.5771505913
42649602,72816.40827413416
49974000,33114.532965100414
47498802,21976.621785111074
41617200,29278.47379134871
44663201,34965.464856378145
46568402,53586.52404107753
43820000,60223.027703341686
47515200,57589.6542434444
48349800,30154.02356808081
47560400,40220.65142552642
46774201,27648.23080903599
48445000,64125.78166336243
47955400,75284.05739293371
45667002,76743.14603813704
44907201,44310.36011813205
47835802,31678.414634864774
41844603,30921.336097419393
48019001,29252.229357308115
42241200,78861.2747384354
46798201,36367.744783273876
46867800,36259.86260350814
49782401,36368.24561119888
41250603,21770.427734906996
48238801,89317.44766029253
49831001,43731.84443447705
44175601,67017.65402425913
46667601,47822.4890503131
46697000,42559.07804989779
41899403,30608.72498485122
47280002,70690.32272563549
45433000,104737.62992872062
44357202,21688.069042775438
44313203,21895.24745387786
43894800,39774.88165976737
47863202,51807.34423149112
43935203,38858.636602651706
43069600,45366.35302425383
42568202,32546.018082341947
49973400,91420.3632374124
44006200,26663.62602237794
46531201,43297.17434622112
43988802,56484.21380306057
44991003,70558.91422840393
46315801,43606.615514838144
45611401,56600.918801805026
45983200,52974.869521405264
49894800,90203.51288056604
41254600,20793.55332634379
45797803,44680.10313986218
43599603,68975.39542434673
42079800,33224.834384040754
45481000,41423.80232052337
46734201,33821.493694938144
43726402,47437.70363244799
49077401,28361.26844955102
43064200,113547.65541393148
46705400,63733.03796127375
44253800,24877.950125595748
46599200,21930.17316474144
45723401,42583.40947428663
48338000,38724.87948776574
41681203,45713.826741987265
42197600,36540.57206224559
41713202,25347.045393467146
44136801,49271.61691334383
40885603,20490.429810226597
43643600,34714.583812101955
44897401,97137.95917582746
45800002,34717.50482050063
46858601,81176.66660127742
44228800,33071.77376156406
47747800,89723.01474392119
49766802,22037.895673115185
48276802,55931.568243878195
44972602,27699.595674121567
46142800,40642.08078805088
41561803,40910.498108364074
45886602,145641.110441387
49359602,63139.1752992418
45062002,30818.741702886713
47485402,34071.5542465982
48614002,26424.405233452097
45887000,69234.16925491922
46830001,41700.74147002769
47032201,34199.019252280996
44652002,126306.13936632736
48781000,25803.120724768265
46265800,21330.328660014235
41408802,61631.90658402615
46269400,32995.05237999471
49027002,34968.42783540259
48777802,93755.15713096187
49095402,109719.63797702079
42455803,71675.04545051578
45099203,30832.529001482657
44972801,51271.96918985034
46798601,77470.52301490802
49685401,65492.56787986063
45298401,37785.958340876474
44207203,44171.09095487225
44020803,25011.794808144834
43347800,63708.89244424459
48842001,80616.115539609
47034201,67407.51800058989
41771403,44387.93325569106
42797803,60684.08039295445
45625802,38588.30279600963
41526600,35866.293129557984
45397003,57283.841265015784
42679802,41255.84188710481
44974800,35836.21951258533
49884200,49646.581763637005
45406802,65179.8016168102
41286203,100017.5654035178
49211002,47226.89646544646
47718402,53944.50813450856
45161402,48241.246749878956
46942800,109664.82794916196
46194800,40775.05821090685
41640803,68130.24656597897
48859602,43840.129155381124
44882401,44058.415853024504
42448603,28302.1609494868
46715200,38256.44077030882
44656800,26712.199871877314
49129600,26792.61972826522
48133602,44000.97759254683
45639803,21655.951371911815
44116200,26677.101518392417
40980802,34878.254938423146
46394000,24323.37704266826
45708002,26002.007630367985
45033403,61344.786100805526
42260200,57120.90060409017
49251202,40425.34350222581
45283001,67987.15792670494
47012400,67269.98478816974
42827203,145867.92326920963
49633602,67097.38178235508
46699402,32585.807188371513
47166402,83537.98384289976
45770403,27135.143145558515
48768202,45023.301333853866
49316200,35171.49518596255
45117002,22040.08529748787
47899001,26986.80170249962
40923600,81999.58621872148
44942403,54426.73301751628
44572003,59591.38184538903
49758801,70764.85160190992
46076200,72828.76729546968
43220003,48305.46317671559
42229003,45397.76644689859
43815402,42569.049613900606
46833201,72615.42316080765
41043802,70270.25276707453
40862200,70280.83643111742
43330800,61139.21633825527
44864200,45652.359438402586
45662600,39512.10699315775
46196000,59504.71389701294
42740200,46270.91989188015
46670600,82309.81459059677
48132400,30222.143516589684
48445002,66161.5704355633
46667202,48705.1141465492
42547800,31251.82007933221
45013402,33938.27155654283
41186003,25301.98512301537
44603601,49125.485837346074
44326001,25048.255204753288
41390603,20431.528413741875
42696002,52412.45008463753
40863000,45954.59828398042
48898401,44344.65705811118
44251200,30003.279231149834
49927000,32939.41044266818
47307601,92385.16620623058
46382402,22730.26378026727
47713800,55358.70516779318
41177803,21456.564135513203
46083802,48480.01680309145
45404003,61654.11525960835
49572201,45942.13494607189
45703203,59712.46673025224
48645600,54351.0623117981
42866602,47729.419165191764
42968402,69737.18091527124
48734400,29988.082607278677
47279602,39894.17235971646
45585603,50573.14242419479
44665001,41434.05787767242
46262802,68115.6921373353
46574401,26995.367614120132
48900801,76090.83315273101
47072400,97380.6951585097
41145003,60253.27886147323
45486001,29003.9806804916
45427402,59512.18988179935
42317200,50084.37319297624
45294403,38190.76235463599
49324402,88529.1081647072
43509003,28356.70295115341
45988400,68073.94858992589
46888201,28698.938672697233
42311403,68417.96421440842
48167402,31115.778862248666
46678001,46272.96073834233
46414201,40335.98432708544
42248602,29563.41096501405
43523202,39121.547114227295
47160200,48404.094224138185
45732600,20636.41989917944
47102400,28946.207294065614
43377402,55911.93647818095
41163800,34116.97159192356
46040002,30816.677068517663
46022800,62085.06226625199
46607202,36723.40401564888
41000402,62802.77703676939
41253003,32295.02291447501
45796002,32855.27965602923
45144003,29780.761946284107
47704600,29260.01000131592
47753201,118800.55820617091
45664802,35623.714382020895
40929602,26429.629950418912
44968403,32684.615409692073
43822403,58811.87448365976
46825200,38042.46094589324
45883801,42723.52080241646
45137002,33421.80500354867
45167601,31376.092322774508
46581401,72546.4170304513
44931202,47138.56036543508
48246402,55635.84231373608
49285602,90134.11642472055
45497600,74088.84511361722
47760402,20093.399799266896
42606403,13469.552927882321
49527000,52956.84869800666
48161600,25562.17663119053
46903200,94293.73778755729
49915001,34535.35993999645
43992003,33508.18755487524
46250401,83598.74224549286
46418600,41331.37167468029
41710203,76563.97537894911
42495803,32011.78278460169
46955201,80885.89402997377
48209600,27779.136544727884
45196801,51804.64276796796
43508002,54283.16921887119
43489603,66071.10405830368
45733203,24150.890019911432
44572801,51192.31446162727
44925000,74839.5620492586
44506802,31962.653672281212
42947402,43746.17023159466
43970800,50460.586657427186
44176600,76657.7061326718
41178600,26892.488278174053
42627202,37276.54441198517
42629600,48741.53248901978
48501802,96348.2495924376
49517002,45155.01277689428
41589200,32691.08174382672
41725602,35403.52633900844
49675201,37833.580411704184
47546201,33138.06510432348
49823000,17606.30019587286
48242602,89380.07768060516
42241203,30988.49741772305
42259203,24136.69780850776
42445600,37054.629144441846
41267603,23860.06808413015
47808400,23743.11510000907
46390800,64902.34800663928
43826401,41258.67112005496
41837803,31846.30947426627
42959402,48803.95037198477
47284402,53721.286357214616
45448401,64704.83708945245
44605803,50781.751864503334
48264401,38010.49690714608
41130003,45691.50505707456
49036601,47643.94436755824
42499403,53572.48952433235
49741400,40802.709141994244
45539403,54076.101959419815
41424203,59938.84636212143
41046202,73011.53130444961
49188001,40261.292327305404
40890003,28638.931658936282
43129200,37274.49214879352
48212800,41697.20999545497
42644002,32104.727779561315
44136603,29980.34884192157
45628802,34077.87242168365
45919400,33575.659933399504
45300603,47934.15678611914
46883401,33837.741438888705
48569002,32552.10972903014
42019003,104295.98653769708
47617600,54611.63934876817
45497403,56976.878003697086
42698402,99846.93777634697
49192601,27811.705215689846
47320000,61777.79262615128
47534400,115697.87187819094
49945000,46010.65847665471
49997402,64113.21798273208
47616400,50958.616991280665
44827600,50890.79161397752
46955800,69053.16088111622
43684802,22451.817942275055
45120802,44578.500198744805
43338402,59516.58037297359
44974203,70926.22486974558
47147400,47545.47280414857
45644201,88307.64815710766
45864801,27530.660813782102
48713200,48223.619835371035
44391201,48793.55525250625
48501201,26826.466430251527
46869601,99790.1459385418
49709200,80452.01881135379
47687402,51594.79141352333
47090200,89199.55596012915
46103401,83910.91772927121
44782400,55545.39716001007
43758003,25480.76490748376
45005601,27767.303113922182
48629602,42893.372097825
41904400,40551.30650917642
41209800,39474.582558699665
44292000,63033.94375971841
44936601,61171.25368831526
49657201,61528.17241073445
48127401,40987.37607864632
46344800,32558.96748347983
47757001,23818.029831669814
44046802,45543.69403365775
44134002,38134.572117333984
48867401,43203.081329438886
44100003,38506.42631875406
45627801,83062.2169897251
41580600,65119.6839074859
46415601,36386.514847371545
45308600,40948.34258065912
44188003,37284.90365911348
45173202,76808.69728389564
45138203,48201.13362259859
41549802,28888.680707933927
40912403,36980.915910151794
45220203,29497.58181422618
42392403,63813.43850350657
44730003,35934.82943432091
47550400,74202.11271038951
48794402,45138.685123930205
41738803,30087.86029243441
42416203,33845.20927824067
43123202,34096.14601750026
44532402,35463.84250801971
47891202,54154.163290215736
41353003,31810.995052965256
47081801,36485.162340787945
46793800,81195.10303079433
42794202,69722.1367380103
49430202,31195.1764343932
45806000,75150.04289034882
43474003,93650.99942277654
48226401,82216.17927617788
46697802,130316.58903010293
47896400,51499.39575120213
43648203,35486.27329433773
46820401,68118.22103626243
44588000,41712.49471680573
45542400,62576.277840095034
41302003,39864.8871396038
48323402,68222.36039778954
41221403,35372.001776481746
48795601,43500.20422330882
40816803,49128.942129284704
44353403,47790.56272522226
45492203,35089.773903319954
43145003,50192.541914873465
41285400,15418.267229905008
44522003,26402.58107164344
44636800,90256.29674831674
43719002,36916.38385607313
47288000,36575.19150484714
43879603,27335.449469327923
44743201,12642.968114558154
45438801,30606.734540727426
45360400,45921.704668515085
49265600,33359.90589357331
49484402,32887.35400825295
47297402,77968.68468636247
42513603,43698.00501200178
46776002,51082.71925625389
44142602,33438.000158656345
45136603,75475.9940626982
43355802,23230.030816886854
45052601,35794.27369049561
46098400,46157.490156384076
49290401,38991.02269344228
42104400,78361.79649619787
45067801,57963.48345341156
45695401,43866.45125940858
45815402,66682.05331460074
47391200,31239.058811374984
48750602,50800.64295160496
45406801,34188.53398838146
45140600,87807.30030222419
46732001,31396.292387763468
42286203,31782.093125769352
46713401,100342.91078290308
44132602,47275.99538228587
49411600,36372.41000528838
47822400,25558.993596852302
45203803,32692.08393288612
41958800,51305.9556693792
42942803,29678.171441474253
49453400,35333.91432760323
40949402,43701.44170994827
41343802,18146.081896142437
44935801,47292.78787126193
41436400,26527.564551264997
44545801,56014.579897450305
47184402,28411.4092766678
48363800,36500.32609098169
42736802,38614.48753174303
45455002,53529.90280904676
41260002,39939.260237964045
43306800,29231.156436344052
49524001,109155.40502251223
49257202,79059.51252805804
45850401,36502.98304705923
47278202,31691.775145355794
46545800,31324.47771490497
49629000,37502.0281683182
47588000,61255.54779035611
49859200,107845.30598286481
44058001,48978.825694352025
48181602,33847.0216256316
46620402,52770.37823215357
48764400,55032.815407049035
44786603,23134.530642839563
48293201,32594.223986593242
42609003,55094.56748629805
47758601,57936.493667799936
44581201,37583.41823071589
48861202,54794.285931927894
42629402,35091.42442943528
43781202,58117.915223855154
48263602,55154.91410080636
44236802,25886.647435116545
45311002,31988.626452107823
46323800,77050.37038534318
43843000,41182.32169706731
47123002,37345.5724287826
44839603,46863.41151121365
46551200,35537.28457930628
42659202,93257.57200315395
42903003,87274.72860046478
46286001,63707.32635800204
47406802,92880.81266098758
49747200,57443.998968961154
48512001,37787.63289749187
49915802,78753.49875424022
44305602,42249.05350809536
41192400,44385.239798437215
49971402,71066.54837096736
47676800,25721.78529514519
44261600,31747.460900048794
46523800,47673.882603774066
42539002,72550.79522671267
45673401,57028.06070934821
41587402,35776.80711039363
41135600,51415.14804942822
49868000,49935.01247180044
41634203,18009.085147133374
46978801,68232.5315327215
41659803,31173.785235527874
44954603,80945.7506046512
44439001,33005.57164146301
42804602,86985.43666616223
45692002,52776.31916474924
44091200,38665.80447228044
49860402,78897.85563434327
49359002,120326.89864676032
44632603,48976.60590184516
41738600,44304.58376907937
47476000,28851.03886276666
44176801,24511.745186922923
42801403,40685.02373962509
47077802,24865.550836320253
46097002,27614.176385255992
41651800,17514.598788233732
42165203,53847.49523629471
47272202,47684.474460918296
49814200,47341.62016064607
42521403,39046.72796311145
45303600,48417.641009528175
42265000,64104.348285577384
41938402,23104.47622161168
49604400,47169.90405169086
43055000,93674.5147254952
45209203,33995.328708448425
43341603,47460.10386777085
48083601,28581.42567376349
47216000,39869.48132083622
41192603,80943.26153832335
48447601,53955.89600018675
46755402,46626.709863771
43656403,40096.19596279171
43609600,51626.80560521493
47011000,27873.353726122106
40966400,117355.68651228296
45806803,37651.857170228046
49394202,57463.725728418074
44796801,79304.63036560678
41722000,16804.171506263192
49311602,38063.160932574945
48840600,57483.12518915011
44083001,22998.79606061481
41299003,40052.93001426007
45519600,28178.600990038973
47868400,70610.19697628962
43960802,22761.35709229433
41426800,46394.64463207523
44648600,51123.651141434035
48433000,76565.47627915282
46100002,40490.83420543103
47094602,34915.93263930658
42811203,23216.996996121015
49834600,46109.89906939914
48392400,54455.62787677731
43720002,27579.105531848552
46525600,26327.9238947402
44558201,34691.817671178964
48369402,38519.08534250242
44450603,34855.72942910983
47441000,45564.648497528426
42151600,47685.360800061
45652801,31197.663778504146
49834202,124816.53198715909
45543400,59241.53514606467
42621003,92522.28486055539
43296202,109775.89283052993
42313803,30109.846812523916
49888200,36764.98149767607
41082003,36932.54789377231
44379603,44679.8342624539
46671200,24146.48861086909
42666802,24215.853883440428
42185002,29646.497377364623
48317602,80345.7629669111
41288600,30183.438377385526
48605200,145909.4278102469
47986200,47925.82858376107
44869602,49105.313771866495
46924400,24026.742580755148
46461401,21364.860001087294
41007200,41213.34265166504
47041002,26943.26274086144
41257600,17587.79856863094
47690401,62336.70423592264
43915401,17794.71726617661
43058000,48821.773399865306
42151000,45395.554732813776
46215801,40601.884710149454
45145802,46300.080848251004
47817400,31317.332043257058
48035801,25998.26392570071
45351200,40743.200687582954
44244202,79783.6710182056
44296602,31690.837393407997
46474802,103493.96261322549
45086802,33660.15874814009
42443402,51109.73817412843
41371800,36974.89862062342
42999403,34180.9503694812
45403802,83485.64810886866
45805403,90835.27252931905
41585602,27855.152459319153
49161002,20287.63182694927
49780200,35418.23175157443
49707602,26114.907370031644
44141203,106402.88945270688
42437600,54207.24171409152
44621002,41638.00755231418
45091600,28466.48457952397
48147002,78806.91609066847
42484200,33029.63090806551
48081001,33276.133961286105
49552200,41176.90676176385
43887000,24137.647756696686
45885601,67187.79120857152
46352800,80564.58322397179
48846200,51344.16154449418
42476000,42793.922658567266
45538800,43893.09160852614
47471600,36129.86876356987
44948600,26996.308033261976
46787802,33184.99433264093
44071001,48720.898673929725
45837002,58616.89146276425
47187401,63631.28429195931
49802200,48324.516343401505
44084202,41573.61958730972
45631602,25543.36054316773
46323802,23167.293883758866
45582002,38937.89726482367
49771801,52136.94410053605
44842400,35733.587239651155
47196800,25989.65714400043
48404401,100565.00233880016
46258400,37154.82884100776
41781400,45458.851531305685
43798202,47773.278763738395
46289201,21382.127368159494
45811802,33752.382514884426
42029600,30924.846091554893
42161803,29411.176006522615
43686803,45422.04590924623
47435001,36420.88238316518
42821202,66354.53967843993
44460402,22545.513480883812
44378201,31889.041977057
41088003,25373.838609090133
46041201,32234.598571694078
41939802,23136.277634319948
45515602,23628.94239760683
48263800,28019.60943143399
49884400,42096.92319111914
42690803,55165.289256610085
42437802,23394.531832606273
43186600,25697.65384278383
49528200,78801.94144323602
45637601,24980.631056334165
41769000,74181.46364332175
41043002,31008.8009304565
49619600,27087.71020024621
47736801,34085.21788151143
48920802,35320.31281013387
46738001,41006.742131454004
41973003,89234.04330758723
46663601,54510.90142541965
48690802,50537.459118046085
49120401,69025.4603763228
47028202,77372.24047199663
49897001,28766.62984817864
48527800,75281.54959239662
48058202,36904.66099920695
41107402,78683.11496653552
41478203,51078.070290280135
48448602,95156.56513722183
45528800,52385.29667368552
48765002,82565.34987023567
47360602,75331.38947268431
42985403,48928.38576801955
48613402,20749.027716177483
41403400,45139.3225427097
42380000,41454.05485896549
40962803,35251.748822331
43676603,78119.1048281739
45718802,31905.198414765015
42941400,73558.93881211893
41956800,39878.39889174577
43834603,60738.822357362355
42806000,37253.125472138956
42500800,48572.54592762009
48240800,43706.11365146304
43132200,40612.61060934628
48911202,30966.269819042067
41394802,50778.805987409
47927202,19910.549774127918
44614802,47156.78775687948
45363403,82190.71263095543
43284200,31855.301608816033
49863202,26623.037829717814
45478402,144740.50033296284
43462003,54914.58751687294
42714200,55173.633116917095
41723203,60343.63803316125
49447402,56158.11186656532
40970202,72215.51455100681
47445200,25947.08883079839
49946401,82131.19853695673
43524403,28959.657376935822
47511800,89516.38254527986
44564202,30155.507387616763
42545200,27397.915243355852
43090402,57610.53027472697
40957403,50016.80840176609
41046000,54867.96280372801
47478400,46209.99702851513
49897200,31273.57645075662
46425401,87793.02118739072
47759202,56061.14731825209
44208202,28026.19796465037
49207600,43256.68995842977
42943200,35424.36084998365
47425800,41236.77976278956
48028802,30390.46554918351
46154202,46553.72568177955
46294602,44689.50329321697
49041200,90342.49915885743
49039000,33008.426989643885
46415402,38607.43429961706
47245802,43770.414328952094
43217000,63243.06775054349
47508601,36093.60218666209
49674001,54060.10503304651
47332802,50903.537914936016
43885402,51435.191980732
44309603,86357.43336177322
48337402,57213.39227366751
46687602,48411.417295315354
47076202,43158.60605576283
46997000,102191.70900721764
43275803,65395.6325465251
41349600,35027.39024897157
41222400,38271.430877014725
42442400,48167.754231555744
49844801,37858.762461654354
42300400,83859.74254149573
41856400,31154.74304573404
49540400,84871.25176946599
42224200,26198.108644180465
47603801,25768.316501819598
43105400,36606.85625537284
49739202,55665.42181544349
43086803,92702.48476910865
44114400,44513.581915240844
48034401,90193.62195374361
42032400,33604.47679151632
48493002,30659.50872202677
43072400,20354.258251603605
44942001,52122.677678988395
44282202,31613.88114816863
47009402,76158.46813014972
45510603,28159.53250143266
45811401,67974.33365703707
46072402,24935.3444250849
43883003,43259.13102321829
47169600,82596.40374762812
45779001,32054.871568844785
45692201,90214.49699117444
43936800,48768.363352069915
45670402,93747.02663425554
44566800,25900.800519848057
43697600,85163.53726001184
47004001,72114.50416814264
46221000,28389.796593432533
47482000,60268.32314013691
42433200,43334.25030204066
41080602,26635.333026514774
43986802,60976.34334826454
42234602,30775.447527966655
44839802,42566.95422472298
48326200,85344.78468663454
48391402,31896.162727048202
44757200,22724.096861145234
47845401,80690.36728089055
48062802,52184.68877545451
47086002,27264.78995658859
45502203,24136.688190390385
46389602,38817.81454377851
42378002,45008.073581426055
45131203,31423.253746467668
46006802,32240.08028417073
44883801,121660.21106543684
43968202,39287.29765651902
44782200,111885.07620659651
41637603,32618.069744846627
44882203,59543.61261581486
43261803,52410.743936685976
48691602,48081.88123016435
46940801,32992.32136940772
49288200,74773.34324072015
41057603,38608.896075199125
46588600,35947.86061331648
42417003,32100.86698251726
45328402,55206.14918236222
49124402,34187.264744899534
44152003,36233.87226574602
44871002,34360.94424655831
46598801,74833.5062222617
43636403,49908.19613919106
43542800,42612.86174526293
41656403,68649.39905557809
47095000,27611.593048581515
45997800,54482.574088225076
45226802,20998.093111630795
43872002,148349.2801408268
45050803,47989.06141396359
46410602,39339.31810165618
47920000,40207.957969699644
41123003,66900.88120325284
45829803,63516.62604157796
44698400,47917.75989965708
43228202,67559.31309159346
46856800,28228.090384941137
44983402,57154.236381141905
44769400,40734.76480162404
42119203,87772.57686052416
48104402,63342.273533878055
45674800,24898.45002766406
42699802,31460.326003785027
42599400,50149.980237415126
48310802,26700.286222158218
42812400,63121.92134894901
44243600,33397.83582725347
41651803,17514.598788233732
41764800,59370.988453003825
47646802,53158.0856403086
45598000,42213.74204405203
45669403,37405.88852304256
46071000,45041.428960785124
43304202,92659.48389734788
45800800,46230.90450872684
44912403,36033.33886361722
45955601,49787.25893211844
48142600,32352.94465970837
45142002,81391.025128228
41177000,88177.38688645387
43462200,49746.19647812609
49956402,72778.00920231521
47468800,34037.09954294095
42057800,16771.846265306885
46722601,83848.76326387156
46228201,31191.14062722461
46308402,47142.97975946032
45663202,22416.301133552057
47209402,26644.983726470735
48127201,45161.47262049819
44274000,45323.3786133769
45581803,33922.43097936028
42159002,84656.1653657391
49694601,43907.89673425824
45226202,45308.885028097255
42249202,25429.403964558158
49796000,119783.60278673259
49902401,40254.89614343797
44705603,53650.86378258124
45043403,46430.23549371541
44392403,79269.28809211339
43874602,44753.543815563775
45744800,35717.86438348185
42958002,43608.08398506833
46268201,100323.14617178211
44740401,62553.72126350901
41557203,46389.664023757585
47534600,59615.62225953363
44314802,55845.741856865
47088401,25856.320571311513
46641002,86505.23115054476
40953203,83173.95377466592
44286202,56835.59586877966
47892601,23174.685368028815
47574400,26557.18916571605
46620802,83806.20671827892
48202601,35405.49446829589
43754003,57896.41396544716
41895203,36689.554896574824
43147203,31530.682952816634
42735002,64187.451401655846
48142402,47603.38947333592
42811002,53517.119535496146
41642803,29938.937583854273
44418602,34593.41666599449
44915802,63503.835472250576
47088002,36582.44946563577
46370601,46445.03073280713
44715600,32064.379322957335
46313001,41428.28234244817
46118400,29422.986836481497
49058001,59124.18177414169
48008002,53641.62792531499
49677400,29783.809634034485
46323202,41219.46592081018
45614402,47950.23762107815
42669402,19278.36917042557
48780400,59249.509140655966
49069801,26017.292277455523
45538603,21653.616476198087
41765600,67504.41515922717
49448200,73252.02472807562
46203802,27138.58426423789
46248602,58322.56973593217
45170801,35468.118386554714
41110003,61592.4580910978
48817001,45681.60770402616
42430002,90901.27242565884
45586202,44120.3062817365
42235602,52150.90370401416
45429203,82003.18454402468
45745200,52448.83723105876
44731403,63796.47397022203
43272400,48882.960649343855
47350402,33011.00987944565
45564400,41712.58978359335
49550201,24584.071212860752
49240602,118232.65653321675
47875400,26804.67371161124
44313002,139978.94686473985
43028002,33379.402376992526
49952602,117389.08182271155
45782602,61242.69347020615
49017600,25279.683083808093
47900602,33489.40015741763
45712200,53466.30069088626
44214801,58730.04960898304
46116602,76396.1433429671
46651601,23964.70470945716
42858003,48441.66184841309
42338403,33763.85859615727
45606401,34628.012213426715
46585400,80443.02483329522
49569002,39215.30677358297
48177600,33790.06302900552
46505000,57092.641138706706
44597802,31744.588331989104
47561600,34402.512528042076
49942802,50263.466330630574
42261400,43804.57484633638
42684200,60978.276228248425
44967802,39859.43210000807
41604803,92002.06613905793
44702401,70103.07234716843
46404402,33409.122261314835
47145202,82949.36028524835
42966200,29914.064145914406
42364002,52117.703922848916
41571003,41101.127885433045
45100000,34020.24430639273
45500400,57102.39585571986
41711000,24975.406529211497
42384802,64926.593466376406
47203002,40520.30766244349
45829600,62941.42398366637
47791801,89132.44627668097
46624800,46758.14083245546
48183002,54368.4877787414
48831600,29909.491900350047
47360802,83533.47169021654
47856400,58303.514415403275
43925203,49953.56249895555
47227401,64356.90854093496
47931401,49021.254885599374
46158601,35740.32538475567
45468003,42811.964864767695
46121401,38330.48924882482
44352201,72732.60988997987
48212802,46776.320811123616
41759602,49645.35374493217
44158400,40543.71723713603
41563403,20652.421967661554
49208002,55305.95802046788
45470603,33187.81926268981
45697603,91771.33697995592
44908001,35801.49440698042
44813602,80969.71336671867
46787400,40823.52532826361
46240200,40145.91756128824
45146200,63940.44843331655
49715001,59314.70848459397
42746800,32455.023633487443
40948400,27048.14262980779
45281001,56320.029536255046
45049003,32165.53768674489
44858801,64201.90905114661
44487203,34703.47456167212
41157003,87498.53486787231
46591400,26661.882041509194
41836402,67157.2198697704
45223601,26072.35098167598
49539201,123890.99620543228
49954002,28283.560446864296
45292200,52622.26133681273
42930600,56063.0915947019
49171600,23585.107588717445
45970201,22136.197525373515
46897402,36044.284449876934
46350001,71028.74028073279
49835801,41646.712261375586
44517003,76087.8633301857
44597803,35904.55390530976
42884603,89921.94652342275
47740002,28805.16292166771
47797802,112567.85455873887
44381203,64755.99781319971
47110002,67907.64168898998
45059801,46319.65898800867
45997801,52782.96646398883
46039400,53077.80709359941
43887203,47051.438782700345
43127400,62611.588926359495
46639001,84944.95854042693
42979803,30530.62544992872
44326002,23675.717936584184
43454403,80002.13899510396
42445802,53055.61630443232
46178801,79962.1680275846
42896802,23815.25808833455
44543200,47183.12124584842
46472602,35024.89984472832
44176601,42748.74438831277
48368801,81759.43370732114
48321402,38779.208490986566
49660002,45571.595871594225
42065003,25059.010562453434
48558800,134117.3155469853
42293000,20749.456153480864
49640000,34492.26176510973
43246602,72027.19896944633
47521600,48524.93989341726
42858203,51758.22780909205
49439801,49838.20609101083
43155400,56991.164720664536
42717800,45613.12866097579
44941401,19042.933008300664
46151200,30249.526211236385
44074000,68288.62965564217
45231202,24299.089139707532
41636002,21798.126279863398
44474801,53562.10754094954
44243402,39176.09964821745
48450400,45319.89635000414
49013800,22311.97636477275
42551800,40569.71478588801
43829602,28060.436064540292
46752801,26503.128735914957
45887202,45177.04291104492
41437803,54444.68829713646
40967002,35376.50543667986
49767002,32017.08712863286
41839603,35226.219080957875
42371200,47209.68068226554
45328000,69398.61050308468
49099802,29296.840959072575
49739800,29415.724092029843
42041603,44683.91513678212
47377800,42643.693123320634
49789200,38240.27567314149
43001800,83785.07824750656
46740200,70957.12269073239
45372203,49512.26461840148
48133200,117954.35964805256
43753802,61145.00115036351
48357400,117787.73483949203
48835602,33551.72960553268
46754600,39372.43552543868
45587801,30261.075691089925
49957402,61414.10197269515
41341200,22030.1439249706
49678801,41135.277711465584
45050202,77708.34317815168
44673200,83895.94557024803
45602601,34300.75754230613
42657402,39798.674853552206
40839403,40227.347502591874
45089200,36958.24401015111
44009403,66106.17167433968
42954800,54686.40969460207
44037602,29082.28776263313
49592801,95532.74619563136
48277802,29288.037913000746
47038000,25807.99873562353
43775003,46310.86814447745
40806002,39738.90560809167
47721602,30943.350771397287
49564601,41569.214980322955
48059002,47172.27859563185
45871601,35993.32783747653
46069800,32198.706929763797
44226602,39590.5793833291
42707802,37650.38352480392
45414802,59959.621325033746
44458601,56543.525578348315
41345602,32359.59750781395
40992202,92633.90763363837
42214002,105730.48189791491
45487401,73709.86148697327
41134403,32702.273946907637
45215000,51530.40041138534
44906400,55964.62399921703
47257801,76207.69876531344
49189001,41821.21303743923
46535600,36263.58279365097
46795401,140990.60016765114
44626400,43901.83784978283
43524402,28604.71167707703
42605602,27030.288459905147
43833203,86342.2079681351
40821802,57075.05866677322
44854402,45369.85347773344
43936600,15774.194391771141
44430802,32296.434586954725
48303200,93905.97767019873
49425802,59921.172457811495
42331400,35247.13819611768
41051800,49235.916091728286
41562402,45641.31107894483
44597000,65629.01144010955
48403000,32679.48505007297
46816200,37676.45222265897
46020801,74621.04655854504
42355002,29024.757148322515
48574802,27119.930675622323
42594600,44768.30996950807
41441600,37054.94947274659
41108000,71061.86359874273
41158202,30020.44526880578
49857801,30864.964227140925
42984200,38054.25076139137
41963602,36772.18774828098
42872602,35329.357619205715
49773202,69975.56861307066
45878802,44312.97654173996
45390203,22620.882367950937
41307400,20371.416367439426
43945603,57427.503650640494
43894000,37754.644229588994
44428002,20225.889772931245
42318803,47715.572840237415
44572601,52268.30188822657
47498202,30884.752102971233
48228600,65079.33036010295
47004801,26959.50359582281
49550002,25673.862441319012
47102002,31723.203448777607
48333002,75388.68637363841
47292202,31039.463487762616
48603602,26713.32865400626
44334000,75671.15902935642
45589402,59649.48432319382
45575801,37476.35239554173
46786402,57864.00387872687
49522001,94817.79761234777
44028401,31480.994415664238
45770802,45632.759591423506
45356003,83489.53159005208
45170003,39095.55964989132
43569003,23781.10930189576
43865000,44417.66380954671
40951403,43022.833649787244
49959601,44531.309607649404
45331202,72398.8040289108
45206400,26219.418903266407
46758602,90142.40997792466
49206800,37769.514505877036
41370600,22308.063929097665
47612402,60725.39217371301
49555402,29063.188780021334
46266801,73959.19827234163
44084403,44651.115683726355
47429600,41740.53510171078
49363402,95772.83472964841
47530002,36306.69153298367
48417602,27084.96191714748
49049601,74726.98008019968
41857600,42678.36809975069
41966603,68295.18927993783
44058200,28771.976426174173
49761800,56500.837609537215
45123200,36615.09700752058
46112802,21240.623624060394
48247600,36439.47322789899
46774002,47592.073391325044
43426000,30296.61876214998
48092202,42789.36096391212
47020602,35179.633547336416
43186602,85388.34467633054
45696601,51567.001771347095
49123401,51358.7558813902
46764600,51890.110592935256
42750600,98952.21972851148
48568002,99704.09251728716
45487000,34677.623588364906
43141600,43257.41851299652
46477002,31407.06884025289
42074403,48163.25838638702
45969401,28488.193766825854
49278801,34152.439161426846
47238601,92662.09576700044
46171802,35023.1655155285
49678401,84260.69201346583
40966000,35247.038397704135
41067003,27172.382839814614
41295400,31093.897388024154
49081400,41262.188399378414
45505400,38176.948450535725
47435801,37453.49012581743
45449203,56282.62922366389
44869800,30326.71939486843
42764000,46033.14024166388
41898400,46086.9671608302
48019800,49023.43567457609
46173001,65344.9074871521
45526001,39627.613339197174
41284003,31148.501414798327
44322600,24703.477554451114
44431802,23244.131199748983
48564201,32919.70198881637
47018002,72299.14740121919
46740602,53910.13319122645
48034802,25202.67796309983
47796602,33308.26117831462
49159202,68204.32331447722
42187002,42610.79203846583
45391600,55258.13182468905
46782601,73766.67203762542
48254401,104709.86655599388
44532003,45053.05613365247
49084800,42415.00824931141
46285000,98254.88512394848
44139203,34081.951500270145
45534203,69239.63434168631
43679603,66826.79585258322
41319603,37795.15017960485
43241002,27117.802925454605
44853803,46936.605615598644
49161802,57142.588042447176
41336000,14670.527668486942
43786403,25778.28574860077
46850400,24715.078443236947
43850203,39018.70628623497
49952200,45083.86762283645
45813402,85151.52852714848
48163001,32705.7583357897
45486802,67797.05261488496
47444602,30019.00079395125
43802600,46343.74435712104
41412602,30509.11971318931
43819403,43692.72067341231
41597402,28206.859357414847
49324802,83834.71971294496
43723803,36555.053917405035
41937000,16930.11239507131
43735200,37845.45259253113
42146602,29993.670545774472
47408401,56114.89217697948
49404802,36609.49926623375
49440202,67069.19916919313
44237603,44930.8068562153
49834601,44218.45611899874
42890403,26003.45023801029
48475602,28690.2572892898
42265403,27096.74990166371
42894203,30894.397361378476
41372003,37176.878292615766
44613001,30891.11961420878
49429400,24560.432366834193
49633400,78981.46776094809
48962801,71616.7650844989
42584003,51080.239323687885
46337201,30467.80677050126
47949202,48792.045710659404
45674601,52589.630730058605
49793000,29648.612470359953
48963802,47064.7380998091
41681603,66642.33069109982
41267800,44287.906291044776
42632003,61722.827685409306
41475000,62293.18767285887
43248800,45828.87498402051
44110201,110737.60847593682
49536001,38808.030638310884
44962402,16225.938403465438
41940203,73809.31261470681
42723200,46164.2413891463
49639600,92016.28489961434
41433802,40147.29899790742
48403201,35181.681121298265
47416200,51788.99267723205
47079602,51013.035536734795
46700200,121768.00002019784
45269201,60091.7337065096
44176400,27065.399639711104
46924600,48718.41730207013
41599800,56427.01215716224
45991601,43056.154266340745
41476002,46886.201740105644
42588403,35497.89900953359
42911400,49127.27481929727
47411600,77129.8873492953
48314602,32677.64704798474
43244802,82634.53013572378
44495601,21898.38545833341
48502600,35410.23181792388
45722200,102345.01403176271
49470400,65361.632022580154
46253802,42285.91080304988
44784002,25973.998033605927
49067602,47327.45627000113
43190603,27399.142896775415
41286400,88807.64446936121
47625402,66862.21276206977
47449002,46672.26947237932
44341402,34160.16617222021
48917600,44948.50980102835
41917403,31616.762875141514
47652401,27490.219805912926
47449801,33286.35195545744
48017202,31691.63676859772
46588800,46306.07914471825
44234203,27778.822726357837
45411203,36328.38074434041
45493800,87499.46698289782
45248600,30670.37568408185
44841203,37734.430146912884
46578202,68147.36370370213
43563200,85748.13914662582
46989202,34457.55692682532
45357002,41258.7769811863
46783200,30474.69160684463
45839802,32666.012761253303
48615001,73180.4724040466
41060803,45162.985237892295
44311600,94308.08980955515
46043600,36721.8397347448
43851403,31555.197093921142
41244603,15935.038626855625
48033001,58766.91040395672
41388402,23976.021746243696
48660602,45393.12400765062
45112603,71361.74343309963
41144602,60363.79008384808
45100401,53338.863764148206
47838200,76367.91975447269
47476001,41984.03753820563
49624601,68558.03179857653
44630401,25708.344578406006
45963002,45173.33429592819
45411002,57121.22852482895
45573603,54905.408996805556
47117201,33247.4112090951
44179003,26081.60597239409
43445803,83297.47027503813
49699401,18089.597354702906
49841402,38859.07371888609
45318402,48602.72019883323
48500802,71125.1115294789
47146000,37994.61941894315
46852602,29910.861579154007
44657402,30852.843988533008
40988000,45632.33343015172
45557400,68415.13807510502
47250600,108945.12908104387
45776803,46748.938520351636
43911003,49385.901427300625
45650400,60183.22721539376
44363202,28877.744616834174
49066000,29529.812673315308
47335401,29699.544306766064
44982402,46514.94618877523
41599402,30297.498724084937
41109202,37971.678987712476
41984802,60660.99717973803
47658600,23035.079518952556
45970401,84988.44395812514
42645402,90662.45550726549
49778000,42069.80319020718
49078402,27969.499552793073
47939402,36988.19307046895
47314402,46654.509748419834
49219400,47211.52790577175
41944002,25779.5291552641
42025803,87061.51914973496
45380801,27480.196563237678
48727602,72894.95556250612
41165203,45306.08542737184
45877602,31009.373603945245
44886400,23477.758305300078
44075600,26473.737337270573
41897803,15858.435741984307
45467000,29450.698973835388
45992201,27446.419889928726
43027402,38699.32463902341
44508401,37521.44184839756
49030000,67920.00043148015
49290200,82452.26414953021
46998201,40148.6389625728
48176802,54940.965677878914
43486203,56318.1531728022
43265803,42376.276271444694
43117000,61207.9907907891
44221201,28776.384412485553
41376802,40511.42176012366
44247602,82239.3773432317
46652402,35284.101279608134
41171800,66391.57339882509
46548600,77907.57074557972
42970203,35328.36508495963
45838601,24264.578419701586
48747802,54111.190611707134
49231800,43282.87786380229
45823202,31425.011523074263
41229202,27471.376524240542
45267402,30048.069118340147
42795403,30535.19453414408
42543002,86314.52015670025
44109202,85655.07388840623
46290602,35443.00960471079
48545200,85103.73190464856
45735200,72228.82652566822
41644003,117251.05450354444
45846603,57161.084765503736
47809002,131913.26937755803
43957202,23494.514413908833
41570200,24845.200634239674
45854602,31688.715145846898
43741400,62047.850639020595
41788602,41334.32856660431
43983001,27444.210069555826
44822403,114209.23958269566
41530602,46412.10689485826
42379200,42372.18674594133
43121002,48357.437551704585
44983001,41711.56646893025
42582603,51777.01918108866
48283801,45141.84336815868
44146203,50955.64767687971
49695600,29409.079727264252
49151600,59049.076049555886
46360800,96111.409629872
42638400,28675.56636973821
44077002,54668.16067213285
49650000,34398.54284003606
43612200,41667.52363356432
48624202,36753.38508810758
41626200,31138.482570019878
44098000,28020.449825502048
49190401,64715.14365965021
45073802,56678.2014117532
47277200,47001.84888819721
41082603,91553.0210661874
42762200,31916.350192130667
42248003,27478.478932987968
44101801,50602.41094233649
46757402,26356.236875847197
46448400,77135.99643334412
42001002,28451.028107309325
43841203,77812.65965240654
49749800,77633.37330130037
43211000,46073.51023399432
44525001,50885.75973037614
43611402,27436.988362652002
48751202,53860.447665734944
44355802,44584.08810737495
44287602,79394.26751627227
46898202,51390.71634838637
45369400,26562.475773036058
41321803,14793.28261061515
45785601,71183.00404682744
42898800,43028.559282603586
49574001,107736.24858016516
41146200,24312.92766142587
46484002,81450.02889665728
44587000,99914.15011723244
48395600,70265.3070280828
42893402,26067.27155172191
46109000,92446.21385480688
42323800,27147.145330880187
43165003,48680.01863965871
47036802,23268.743031956616
46043602,51661.658337932284
42500203,40537.24589586591
43166203,34386.490064571124
46979402,25804.307194685152
44998400,28862.10092229752
44243401,39176.09964821745
45255602,72184.95859618213
45219603,45485.97077766949
48018802,51719.637744318665
48369600,23647.48153181908
43752600,31928.662376146745
44411402,21922.013703908146
42015402,81882.76783435035
48612402,51049.21831118439
48331001,65325.644510635975
41353002,31810.995052965256
43423202,28399.23151477114
40831200,47814.03338100904
48348001,104116.30830969705
41466600,41175.485933670316
47462001,51494.760836453075
47756402,88117.76124339826
49273400,22312.206053808117
47728402,106990.99450346734
47673801,36050.17805801986
47966200,23302.564534846202
40899803,50492.524622990815
45219402,46514.692047664095
47083200,55541.230187895155
42420002,41385.69586551588
44811003,50174.53351054588
44576202,51067.048211867484
44721402,43310.921988927475
49976802,61673.55869940598
48795401,34920.93931470106
48446201,30440.959906929227
43576403,115280.50981620273
42434602,45701.39017753225
48972000,74110.68905940154
47933001,29495.41788012612
43218802,91459.59900178722
49244202,33486.6005076293
43290802,32382.642826003368
42883003,56649.98429993892
42965400,35811.40781365874
41978403,42158.913134017384
46984601,27632.89993321106
43885003,107556.89666769835
45455200,90272.35754357488
44145400,38321.75588029812
45109203,53511.35722610676
49800800,50757.05375460618
47839202,46739.00961074973
41321800,14793.28261061515
46510600,22354.817998902872
45771001,34114.80557542025
44412601,73188.69994721726
44814403,55428.66636531422
41949202,30422.801484062235
49534402,26030.178956035565
48312402,43840.57219018306
44273000,70633.82489254256
45233201,54294.291954752494
43343403,54477.07454719189
48304200,39815.62600420387
48704200,41985.276436162
49317602,22442.602161855848
48410400,55255.68507428175
49314800,64850.90692661525
46686801,31823.63163765107
42071400,48844.954674356464
42087002,44851.504242228875
46823602,26200.423237530766
41891000,75021.08487159401
45144401,32288.97829895633
47598401,26040.467409109428
42260000,39701.953607140786
43370200,36271.52632167832
42167802,71656.58440298059
40902403,95547.05565725385
46645202,63867.77038233644
49241201,73042.47931807529
46692001,55623.873104654485
44920203,33765.88888930666
49256000,26844.714531049452
45710002,41879.98199493974
48012202,49450.011928253014
49542001,37662.130296284646
49278800,43124.691608298985
45792803,74394.01637323116
45772600,74700.44936081812
44741600,40744.57692361363
47553601,27506.798526505085
42183803,36959.2098784663
46905602,75089.77367522324
41613000,37484.30915793289
41367603,39124.916301695055
45581201,43367.12030230434
40889400,44447.45018287255
49159402,34240.09090600954
41681400,22319.220218907085
43297400,44204.06000636987
43615002,47134.850159013215
41851402,54211.301529928416
45501200,57910.71466225188
42039003,30573.164803874803
44071000,84164.67975043335
45923200,97989.03273842634
44885401,69643.58063822734
48797400,74580.91209420894
41134803,18504.20199751624
42514003,68397.84864000358
44820201,86430.23205451755
41793202,17962.940475806583
45270600,35844.98161255867
46756201,82387.96880019018
44539002,72311.50013544838
43869203,37519.89849739584
45207200,31162.44835184458
42747002,40745.16558632494
42178603,68838.61128697854
42860000,72675.82320591122
41011800,89238.23345346311
43340203,37158.56462814803
42589400,117392.24387033169
41957802,30398.83417242166
44183803,66698.37202817439
43747400,28106.487518827988
48685202,36463.533928843884
45223001,22329.641442495384
43928000,30664.489762965244
46148600,58282.835910775466
45115603,49841.79658423578
45336603,45717.05946468761
46061202,25097.511566381345
41866400,15010.532870593854
48205602,28828.348012305018
44040000,30053.435028703057
48599600,24311.20111652413
40854800,30247.195886345202
44784602,72315.61282499119
42110200,80318.2264489731
49938002,23858.504234208624
42403602,25276.456664305028
40812602,35666.476502735095
47841402,27106.535868479943
43895001,63813.198340583804
49315400,40395.14492996616
42281202,91605.26276330274
45999201,31883.866730825674
47967400,35710.45100794175
44390200,26226.12360973068
47239402,32948.45007901609
45675000,58511.535689923956
42930002,29110.49959481225
41025000,20116.387461578022
45780603,36249.422956778886
44789801,25452.308505491175
49932201,97532.73669576045
41249202,17550.96693369751
45709801,31026.582667742474
42264802,27779.685436027004
44266200,71549.92601601263
44508801,104840.71501820136
44901602,27875.285409427815
41249802,18754.377115365372
43541200,31019.267127057425
43449000,33059.39814279721
41332002,16936.766651827267
46589802,66037.72229655577
44285801,70918.81510239985
47028001,49864.89925796875
47021402,43821.09311814842
41672803,29944.438611284062
45130200,31486.173092323923
48315000,39189.746104300066
47016200,43009.60525342466
43339003,34307.63802418025
48511002,26730.461970794775
49460801,43882.10986079318
48207201,32656.294572325955
48791601,69955.67077804894
49856201,33802.66154959357
41669403,71586.62891038899
45085601,60786.37177495284
46770802,31508.55596559975
43468600,35253.4850828024
45688800,27714.13234558082
44416401,26879.866892229024
40829000,39994.99248041206
43317803,65179.22698732002
49291202,29378.81662251098
48130401,34767.20151607857
42610600,29711.899720125708
46938800,45944.967870960354
48446401,14685.061439783418
43225200,25049.572705706454
42116800,38754.89597639015
45872202,37328.794214497415
46444800,41456.19249811292
48872201,47810.92262864156
45644403,45602.23323267206
49512401,89586.22188109483
48073800,28545.33044726964
47641201,88676.43415392304
46330200,66886.26596324517
45622001,34663.33291918852
49334601,115641.80110204311
42093000,82828.1181795483
42932800,51654.52244662002
44411603,31978.966989707536
44532403,44687.590925803444
41194200,38695.99577327903
45800001,48096.748983170924
41005600,38439.898830150974
49796201,42635.00536599061
45424201,81784.60071200787
44287001,62622.95437824854
44008403,63641.15767388135
43198603,37481.87118232804
45766202,96957.31282471554
45839602,86905.85489836747
49180402,63032.560596296535
44875203,55609.61317137389
41479003,64283.77370283385
47423601,45661.29282465296
44702003,60098.928487133664
44110801,28699.248148274088
49072801,33197.96698699308
48449001,39563.84423338417
48427802,27187.314388301224
43183600,58885.03111234178
41459003,71930.60178254076
48086400,95271.56428185
41151602,75235.43943440521
43125600,86335.14842416697
42671600,34358.89360360342
45224201,41670.7085210501
47583601,58655.34855723251
44272001,37720.48988126858
49918601,38968.859841287325
46388401,74169.17484770794
48264800,62043.33385497662
41315600,27165.81498919639
40891002,36371.903188029435
41210202,14638.817253896517
49056002,55817.52178012268
41067802,71884.69980219942
43655400,29543.050184781005
45290400,53114.559895141465
41955000,33870.80471786314
48695200,34058.090101117356
48940601,37125.183696712615
46014202,30913.93834634147
43518600,69272.66959209846
48367402,81701.98895606256
45584400,37129.23426461525
48469001,26900.141407494477
49072401,57638.38460530184
46025202,25232.738812437095
41718800,33045.18682656285
42687602,39176.09964821745
41573600,29999.94742198067
44219401,28424.05284866599
45570201,103759.60194951112
41090200,37119.69111480861
42092800,66633.22318434648
47024801,55260.19643526129
41625203,37805.39003641744
49913000,42278.06022338185
41301002,17094.46264867122
45377202,90424.74402730737
49763001,63395.2087076667
46450601,47553.11471027629
45340403,29213.005995852545
47774400,44068.3705918377
49093801,23742.78851049755
42808203,34290.815587707104
43837202,51100.92806066145
44477403,56511.62694002406
47520802,40752.61358285547
41111403,23674.678120307206
41441400,28797.08559822847
43764603,117182.48111866949
46946402,56315.42463862195
44343400,41019.145432639954
42965802,37977.30652942267
42233800,71517.97687112815
42459802,27013.968564079692
49928201,83424.96583205789
45132203,76670.42233100327
44461601,78411.02512307827
45782200,47904.558381783645
46385201,48605.64559807039
43854602,36296.36249734879
46675002,21541.550995004265
44994203,33126.02505696897
48524401,31708.95398400604
41527203,39626.15966482697
46981802,30793.595679435086
43620402,61474.32487109226
44846400,37259.21069477064
43997003,36898.12985560713
49867400,35181.547305900254
44538601,27693.919461434096
41287203,27460.602053078353
48064001,57242.25864590937
46304401,65773.02443919584
40843002,32455.60575038467
46503800,54066.40322128999
45247401,15366.046468944718
48011801,26864.633239198338
48136801,32658.208126243222
45435801,29606.227329661782
46080200,40965.535305484475
45181602,29420.46561795572
49932002,89794.83955245795
43903800,30517.247837794297
42465003,65330.500756385714
41501003,30073.3601552018
48827001,73194.86105070406
41340402,13542.3725374855
44880803,49471.61256715955
42373602,49842.45891343936
42299603,50664.04056782339
41196400,28117.598057438583
48953202,70569.9869311091
41056000,51151.24857275522
48464801,34597.30866046972
42805003,50730.25743224165
41177002,34860.79766556963
46921001,32882.81363270028
43015203,35964.445366206295
49194802,23000.160899196606
42695403,27465.95364389843
42472402,104603.76809161372
43546002,55955.57151177516
45415201,54428.51824238703
49464000,105430.56177848161
47105002,30973.52848668507
47579201,79965.33932214061
44738800,107027.37757471888
41964803,32514.14380711951
43932402,46712.11822393132
42349203,116017.77535254745
45792402,40532.78569788284
41138202,64031.04407689641
42215000,50479.32944353282
48977002,25577.594589897533
46278002,77271.11962738386
49272602,38113.63750931984
44374801,28792.13630801779
46374802,49983.29126062001
41496003,37997.68143979819
45880200,28846.35204655897
49774602,58222.59023085669
47978600,102077.16162019665
48106202,27559.93069079109
49938600,110737.14214742185
49860000,29965.483554745646
48092600,24631.9554155967
45311603,112676.83711032319
47050000,39120.41974876459
44551402,29369.900664827815
46939000,101226.19498650175
45445802,30380.431029709085
42198802,86923.55216322649
46580400,35899.41349301099
47899801,39391.43366263849
42693000,44959.875465529025
49815001,32345.11266211538
44739600,43295.79623917063
41722202,25412.508515104153
47546600,51242.78206341142
47252400,64980.113313314236
42763802,41730.25413685859
43176003,41269.09030627088
45380202,27466.944213974028
42448800,45083.18858762755
48983801,110250.0289724956
41462400,49290.27272186071
41520800,46780.38984214708
48877202,27041.686031767833
41975203,55887.183595942515
48260600,55341.713539561584
45630402,97587.31854469638
48217201,132997.5568210531
43598403,25379.726418599457
42785400,84899.82590323284
49292200,25500.673549649404
44126800,36341.14607220539
45374600,27549.443784514504
44624400,44671.7879578012
49352600,60299.16993470841
42106802,37458.29438712046
45804601,98293.92418992301
46711001,41027.89589792921
47427800,41486.92953752065
46680401,34215.08459537523
48081002,34150.199027706294
49775401,29898.596086302296
43744200,35578.0417287072
49070601,67946.1598861401
40953002,71594.53547331941
46740202,46093.623829997974
46936401,52782.91014107
49602000,53240.19899195116
46274402,89953.7207066875
42767602,17998.984276108982
46801600,74698.21442255565
42270203,43110.73177899081
44410000,77080.71648983823
49431400,90935.65826188654
47311400,41691.22288738925
44609203,34609.00716748082
41497003,43177.847966038054
48127002,26517.269698190954
42801002,93329.74405254178
49135200,54170.09922423759
48685201,46434.56614910162
46240801,74518.44212874421
43929202,71462.82773746914
48696401,19309.71987268437
43536600,43520.08440737211
48714401,48902.38522766931
44064002,55951.855284877834
41296803,17829.384912199213
48137400,82466.70940811597
44265202,28319.731617277266
49917400,70959.64676939373
48787600,60760.45907351099
49124200,44403.12025980788
44636801,17483.089358780842
47372802,35962.73094890936
44692603,28429.433862998107
47172602,60568.72202851018
41967403,46360.61607219066
49244402,37615.25523876775
46319402,39188.57324605483
48968201,76635.87847543144
48186400,42066.08651519968
45708000,21498.900419007947
49034802,36225.3210018599
42201403,49783.039375032626
43082400,32460.98804655122
45859400,110013.35675229233
47089802,63222.24942445918
40863002,24269.47541314655
47886200,66322.95121983037
42123802,29984.08896813398
42235603,55216.26591136746
47089400,50150.755747550036
41073403,78945.05025325775
47246202,64163.96747653152
48091200,37626.450906451064
45145803,49994.1647851238
49531600,51100.660459155646
47579002,67656.93180064246
42384403,66625.72301599884
44686203,66829.60181876
41391202,34461.813158495854
47147802,110342.6083462396
44817000,52991.21752577628
46420600,42316.20889038502
41565200,17566.743490082063
40994002,26286.444858256633
45718000,52507.218386522276
47620401,32822.17428930117
47529600,41373.97064975362
47150202,31178.42862460399
41379202,14250.812134815289
42624802,16785.61354718863
48201602,25392.302287518167
47619801,90104.13000823805
41722203,25412.508515104153
43750200,53929.227178418085
44666200,33803.91702948422
47615000,38358.116885439886
41018202,21474.1795027894
45104003,84259.56737525723
49257002,61609.89526904691
44122400,46359.74906121355
42551602,39584.60875535303
44433002,37141.95214137895
43010002,38110.926165867495
45134403,28001.989636226368
47713401,37311.5266331017
41494602,57895.16370282405
43631600,27013.748041006278
47484000,65001.37999531952
43816800,42662.055954875286
41791800,52472.45370518407
46792202,48637.642454627334
43879000,37300.83849213548
46396800,59384.07570824204
45581603,70699.1090087585
48576001,56232.82892225562
49319800,65174.99428860369
44502601,28747.617935374652
43622803,40086.170190509234
46593800,38540.99259973227
49738000,29908.231722070115
44212800,37243.16258358328
46314202,82768.31791804741
44723603,82209.62871372006
44033401,84985.77984403944
44130000,22646.80619904846
45252401,39665.00792548983
42158200,104286.13000602179
45096003,24442.076723678096
49729802,39237.232890706975
42219602,36941.6272076835
42594803,55375.94904713156
44715402,58187.81232832737
47378801,26408.907369775545
42940802,30755.590136136565
45804203,44513.581915240844
48251402,63905.01500993438
42723600,32223.977685184742
45890600,36629.7630332212
46272000,64580.842415730105
48219601,38651.55377774652
42314603,55761.38814984948
45837203,92257.9245293221
49391800,59316.95826677707
47654001,21928.0097857171
40889603,17389.034702300803
46044200,28057.4980884964
42869802,48181.706631883055
45112800,37171.01773444014
48185800,70453.63300483086
45591801,28752.328133289873
42208200,57792.1982980589
42542802,116988.21138754055
41965403,31525.975368807907
49403400,26415.91209152271
44407802,56994.97822091114
47821202,66357.7979805242
44092403,77383.40024396405
44018203,90956.90369662594
43300000,44515.87296105371
43320203,95608.28449575065
49480800,43066.55163835965
48562802,89783.6621308379
48102800,42088.70069200872
47791800,30862.334628322853
41919202,58751.01186913924
48020400,16610.189480490608
46960000,32506.391645218297
46395200,42952.85146032895
45682801,34354.18920484904
45597003,28911.01742471801
47910000,33827.43517313021
46826001,45754.78950888884
45738600,69564.66734062729
47537002,47746.603509976885
41865202,21779.087009739826
46162401,30721.943407249633
49219600,33444.86943303348
45491201,47443.49607776569
41912400,36068.10021425784
46497002,24857.472193875583
44836202,105844.21829043874
43673800,49211.98997003193
42899400,119102.74849517
41075200,50813.00489041671
44857601,53833.960617642835
49535602,69937.81822736238
45441601,73351.64338997832
43277402,45732.716318883664
49052202,64020.45430900766
45760600,29135.084749718073
44328403,48016.58445180789
46849202,30485.971473388025
41491603,32546.550350182624
47784402,32421.49769945881
44711601,22815.62899373559
41351400,16648.918614507453
49950602,85246.87863780146
42670202,21950.349835161396
41746200,36602.030864723936
45832003,33127.270326309896
43662402,63126.97926182173
48706601,57195.51781878504
43795603,83326.94596128011
42709203,32287.200513230287
46082401,46653.209321860544
47781602,44803.312460349385
48463001,37319.73931514884
49460601,47364.85251851546
49268202,37608.608428097985
45433803,42355.35966774413
41678803,29419.99694470599
47385201,65733.04577064532
46353400,54579.72671828515
49485402,42271.64559266434
46042800,53660.43448113959
49950200,60735.21736630489
42664400,25888.071272093443
45692001,46175.961615615866
46078600,85901.11513302992
46240400,78441.32164601411
45330400,30211.659883763758
49786400,74811.89225931326
43832203,52601.80206038742
48324800,48793.39923008227
41955203,49141.63009067073
44112403,53022.30135713069
44208801,26762.661352699317
46796802,30184.501789303435
45154203,74779.69043982567
45166201,60532.190115571226
45120003,120917.01507624432
41479402,54343.098073253386
42001800,71399.67649849602
44235400,46897.51735500535
41987202,74664.86490016468
43179202,58470.82967741191
47564000,68479.00287801262
44369600,42285.37616132355
41769003,72741.78150815974
49081401,44528.124616070236
46982000,74989.49533146179
44953003,71703.11438508974
44844403,51319.532721114876
47951401,51415.32441099732
44833200,38119.63294413812
41227602,16906.24621831229
49185202,39227.746498189714
45569803,22334.93934944706
41598803,55321.59269042444
44450803,44417.09337819693
45227403,25950.42913901049
41295200,18611.359464553643
42071600,43903.02034784194
47644202,25510.611577616743
43722202,47788.3626781798
42151200,54710.832443938234
47632401,82898.24593710681
46120000,31309.780359576955
43386400,89146.6225830926
46757001,31613.53482723774
41702000,28051.120462239265
44794602,24818.814697819304
44287401,46898.14076896112
46139402,68542.1160637513
49468202,56793.52196016532
44893800,25481.130439195447
46911202,57912.92667332643
44074800,37249.12368360011
42392800,61633.04405038349
42201802,65075.3626286053
44135803,31402.62891614995
43722203,71468.9352754727
43413003,53301.16728609734
48285000,84340.22597027842
44118403,57045.939955679656
41325400,19858.76433255505
45431000,40638.38873214168
45109401,46029.85696705275
45497203,42073.39154010778
48470202,67319.95767078959
44342202,40204.83392891943
46757201,28349.404333308798
44068203,78037.47901130213
48547402,33398.90891766723
46384601,113957.03952128543
41088200,48046.317176607285
43528400,52288.88254320234
45500603,87772.0070202032
47160202,80841.25557764136
48836801,50431.365138742716
41100202,79881.54925303976
48151200,62246.88258772918
43683800,34385.65347768232
43714200,64342.62361536549
47681400,30965.366684873556
45292400,29574.34606335174
47270602,55649.90277047728
44994401,54041.38642850631
49684202,28861.06383332575
46011201,32027.741924470123
45340401,28383.474899806388
41876203,22086.27171093546
40966003,33324.49538436969
45430200,100617.40228602492
45402002,24734.935124439515
45250800,67818.34099221873
47648400,63924.346411425024
49562002,39503.70008444463
47095001,47163.07198527931
46998000,68383.4191527812
49402200,45849.59847591507
44879400,22830.127628290207
46159601,39975.13021667797
49091400,29674.808170772292
46558401,36764.90649776641
43304803,25856.635977427388
46634202,31653.06423036945
46635401,31849.034378330925
44344201,102952.86257999716
48600001,56839.9818298781
41927603,27128.031220115867
41829600,28525.785754377925
45920400,56613.00559901011
42053000,76249.62398825586
49016202,23836.58505046279
47493800,44280.51816011213
47528600,50510.67003996123
45658000,52927.280589527516
42619000,35814.963187373876
47080402,47701.39802396017
45837202,48112.31443414677
45560203,28527.681374115666
46892201,82268.79264019139
41895600,26655.871147084068
43890600,37939.83108121755
45347602,53725.67270013088
44540803,44919.68468748206
45951200,23148.369710406227
42942603,83397.05420603059
49033801,39800.628906474434
41963603,26890.181676684882
49877601,43089.40312815804
43583600,42886.11528212065
42427602,71581.96678885333
42085603,30483.858955978914
42450800,67433.16197293453
43107403,32013.22898468775
45727802,28701.021831200036
44124001,47574.154705401386
45365002,41030.65741505554
49268001,86386.46630454698
49832602,35902.851398151965
45112403,28252.64802066356
48540400,27891.680636458528
49420602,103246.05400396152
40841000,41509.74684630268
46785002,30740.7387174522
41420800,62798.451240105016
43865402,43163.261352508525
43016200,42039.0352195634
44550401,23239.64023773121
44599203,46116.500503168616
48304802,75365.690892277
45805802,80338.92462274375
45995401,62966.67632973249
41083200,22668.404425869292
45337202,43825.424460242546
44127400,53615.29493298652
45748202,36632.37349722659
43070402,28745.85264459799
49199600,34244.72026642723
46345800,57853.98032494386
48743001,73912.17962442442
47955402,61732.56721921315
44264202,34882.20601230596
49582601,43410.560471208446
43259203,43949.807837777575
47470000,32480.490800598876
42353003,41730.39200699557
47475201,61500.94461007559
49725802,23603.505977952533
42619400,41101.39139067094
46386600,33504.90610428165
42900802,35574.80756895398
41041002,58204.693383952676
49983000,70627.65460633751
43455602,31362.132735128645
49623001,28271.779122695752
41660202,28979.900902521236
42003603,27311.373109943437
42773802,80726.10725152372
44172401,56273.963821781465
48305602,74192.0570155652
44913801,46764.569935993946
48250201,55480.99940976749
43881800,68789.76088194108
46143001,39818.630331630855
49065202,24208.515814630573
45600401,50789.09350640741
45189001,23544.083750281396
49752600,37638.806499757105
48875202,60485.526386565376
42691800,28915.631519953033
42038200,27983.827908802214
48728602,48369.90470171037
45533600,36654.50178753529
47290000,21221.298816079678
45575403,111307.76360569292
47508600,22354.61258195666
48497000,18340.909434656183
44460400,66041.14136915936
49936202,53405.80650037765
42179203,64257.46068359618
41232802,16086.044017284934
44940803,84165.77872006476
49689400,46257.45409818252
49882801,26276.066925257932
44262803,28809.63760202629
47143002,26869.576377918827
47214802,105564.09258651637
42824602,36277.171317979315
41131603,33936.520719068634
44254002,80001.59653349288
40800803,57219.6140375953
45419203,68140.23865848305
44775402,39470.82046607206
48499401,50670.739814370514
49590201,48702.28164022277
45478202,28532.49213154387
42956802,30370.684797291502
42927200,34068.691622871076
43334202,49660.88337208755
43517602,47016.1252623821
47441401,60223.45423709029
43339403,50723.484011269844
46917802,119917.398865076
44126003,30075.128413961807
43427202,74881.163792282
44814200,28312.61233113596
44686801,48844.30469114326
48515802,28794.05337066651
40843200,22454.87944286172
40887003,49777.890740348426
42665003,22665.641884324552
44290002,49559.6816961547
46730802,39384.22558328917
45717403,53640.5261070775
49204800,19282.050051607304
47981800,86228.14307678129
46224400,29823.501135667022
42820000,25272.08584342528
45771600,39974.36884913625
46444401,29150.357030951058
44739400,82976.21500935442
48752400,33254.66057579811
44929802,34165.32378268021
41228002,33261.668878633885
46579801,64276.60913436751
41867602,16447.67617615004
41531603,40524.918491185934
46516801,56343.28657164439
46985800,25403.39010654726
44072400,26428.503418540095
43870200,42449.72274381476
41277002,21523.463074570256
48336002,63765.122272664805
48854400,41911.00733735497
42402000,28488.105099830438
44005003,27829.188927582803
42542803,26131.1792313052
41074802,28077.65312372522
48483201,61294.7639254936
46952801,117697.78983386532
44509002,21013.370360043842
47802202,121510.6785968032
46821602,25252.284834327675
49048402,35534.03545634188
47781601,38468.35270341284
41342203,18032.542264789943
46168000,27338.040946264286
46018402,32633.905312144896
43178802,105749.1468869364
41493003,37449.43921921895
40998802,33396.802196257675
46174802,36806.49341214667
49094800,46540.30220290253
43383400,103510.35492350094
44831403,100140.83130007183
42210002,17780.20624658305
48516602,43508.77530030608
45522801,94903.14327623251
44722201,35973.82203584933
49006200,35646.56898815347
43771403,47131.844767671966
48951201,44908.55580694285
47746401,78303.99190114565
44482003,58704.330142132654
45616603,39414.6322846921
47032401,97650.77745684677
45661603,31981.782094399485
48576601,25301.73288474478
45025001,32457.369865430555
45740601,53383.84618235163
46247402,80599.98392927536
46096602,31535.311451951835
43523200,68065.45066800156
45050402,29350.28658635455
43180200,33352.83232815227
42544603,41575.532384673796
41805400,39413.82663661427
45817201,127739.1956009044
45459803,28287.84810729712
44847001,25227.96649478003
42732400,35860.88152175872
46410802,46072.78171300631
43865403,43163.261352508525
49890601,56741.27079450711
44225802,60720.68615546594
48343801,31799.127658908623
46013402,132553.58463848435
44067202,56062.73288868512
43269603,63990.10819012112
44665201,42834.53828057411
46982202,34172.147764050984
49530800,21934.875604876765
49639802,31477.521002651312
42176200,24764.65364413266
47043001,41911.273679472375
42342600,51127.98007619502
42306603,20177.544491059976
45391403,29695.879195788053
45148602,45861.81035187835
46371801,31272.681596239552
41993403,24123.178592782184
43502200,59518.58299787407
48844801,28996.20957370748
46634802,120989.61201576584
49063801,74078.17528778235
47338801,48468.880123984345
49145200,24463.508836290082
43789002,31276.638423478424
48576401,72664.63085749518
43935600,54481.98174024098
49254401,35842.334286608515
41202800,44609.16551100695
44275803,36107.48552288173
44661401,17848.96323087026
42680603,34261.34971319872
44521401,48945.4566272701
44075402,16065.171509811884
42918800,59770.98282937001
44731203,46224.84138815803
48893200,65289.11530334622
41386003,34035.78050902757
43884401,42006.08047361928
47687802,27251.370163966203
46857400,39101.64503285098
46671401,85178.190311504
47205800,66342.94203138837
42304403,34313.583795600454
48181800,42488.808020502816
42301803,79202.78493909333
44095401,43260.49196691559
44551002,85333.38300603385
41254002,27367.802301035415
45157200,32903.09465315433
49028400,41112.91835060432
43779403,29494.6199896652
49620802,36602.74648697349
44322801,59164.11137933951
49750800,23480.52960187898
46962000,79156.91179264204
42911802,40894.49626249893
45584001,37574.63494100639
41329400,13791.7971373257
41591800,83038.30871665754
44839002,62929.85107989391
41017202,21556.04695625114
45698401,29645.33044452022
46605602,85291.73227291464
47147600,37155.790732438
40875000,51523.907203001836
41903800,55478.05876963658
45566602,35463.148787375416
48100002,64076.86438421695
45035402,62185.44759180731
42473603,48889.58922323969
48448601,44818.13245461934
46788802,37730.61695566495
44897203,37404.0762588719
42032803,19014.40474405415
45236602,39257.98043092251
44215201,50803.7124109136
46371601,57410.64664675168
49147401,73705.02554221747
41344602,28268.757654203975
46485600,44953.249389912
44659001,28927.318775760712
45957601,28941.496141160365
43573400,92928.86454829798
42014803,73647.97098713528
43857600,38822.881453021844
41579203,61222.321557441384
42898403,74176.60697212335
43651402,24264.23879130081
45887401,37235.26859035739
43983201,104859.67388367334
48656401,26904.79093851685
49918802,63344.08891837164
42333602,48135.425647463664
40805602,95985.17364094181
42423003,52025.92106228586
41325202,19858.76433255505
43344400,31971.587525576477
48174400,67394.81803817228
47743800,38163.877758501934
47100402,27721.236600555047
45486002,22761.286507305635
41499602,51859.102863953165
45859802,47149.480317823494
42875002,92333.58027581651
41680603,31864.513413963803
45773002,79416.1173940786
42608400,46035.00273144054
47454401,59821.670183017
45580600,54937.79210199965
44711202,44252.96818794259
48507601,86837.73495583846
45138602,24373.923935747647
47042001,47344.347319205874
43832202,30888.87700763099
42869402,30218.529723182524
48990602,46070.108606110116
49109201,25688.793561665076
41208202,15398.53671774602
45148401,26816.986743110494
41059800,25697.062850054033
44202003,35595.02536497043
49507000,59868.77622775068
43853403,30223.3156589865
41427600,44113.822960986516
45674602,40609.7058279342
41815400,37100.3994302199
41619002,23195.884396444562
43372203,48737.664105464384
46505202,30854.076700004494
46795602,26007.26203723556
49868602,39506.71859882162
46565002,27501.37264789496
46648602,43632.73533830052
46423201,23115.046634005528
45984202,53731.14263005383
43998200,35902.1148701603
43810003,62019.92126050817
48171401,40871.71009087731
44313001,24367.866556190158
44142601,23685.688266014367
49793200,33605.360106924185
44745003,70559.19989812413
42599803,64006.765426121536
48194602,26102.307516428
41239402,23905.042251781462
40813402,79721.47010462663
45301803,57825.487425463034
42731800,83519.33492327362
49095201,48644.58924669384
46974402,45235.07024486644
47600000,77850.68449816278
44292201,37642.049299469305
48968200,76528.25351699436
41462203,67820.88411798769
44550200,96047.58029445609
45761600,27392.212037920115
44167803,30651.507943568507
42259002,66045.2902820785
49962401,21620.79807024003
44253602,47375.69630156318
46588602,43804.36078946186
44740603,33044.096648265906
46169600,49083.5950770392
44288803,36989.806964606134
48194000,45230.26488597937
41488603,59328.89871861581
47923402,36223.57488973296
44987602,65947.86787594947
48006400,51040.108185415105
49705602,82670.86457955367
45087802,54749.940976452184
47983001,46666.23007942681
44520000,33150.3413871766
46731001,35527.5086835189
45403601,107230.28643658345
47064202,24513.643895275472
42474802,70003.94875790016
48867602,67139.139219746
41209600,37448.4801425701
41880403,30475.87500004942
43996002,31507.192226824096
42328803,31793.48205777491
47862000,43871.905913458024
48062402,56525.57735249905
49969801,42988.88550631169
41070602,36959.957748099885
41925003,41093.600460413865
49756402,58769.32230465498
46780601,33075.76921805805
45563000,29832.36044888243
48998200,38291.1809103751
44878800,37288.11996969553
46941602,25506.130769616902
48126202,40507.08587281983
47659402,78694.78590384187
44712403,43672.59422156574
47812801,36249.24534478649
45254800,51647.376118376866
48260601,72059.35093370205
44445803,26453.96967321827
45165802,36284.29701120152
44471803,52183.629436360614
41856602,16165.253366990022
49112801,37751.85177376743
41638602,27211.86041926107
45801801,113132.45461032145
44557400,23362.792386099398
43684603,65979.4904071085
46525000,45969.74169088314
44524202,43007.42083288717
46141400,50461.77118440785
49533000,47423.652179189005
42636603,34961.9421684989
43012402,30698.297919759665
47493801,77168.30234753572
49382801,41134.8936448523
43824203,41221.6350864452
42373203,40665.67127630963
48883200,47390.97282732559
44471600,27192.366796216786
41590600,71425.31715962161
47056002,71811.309989329
42436002,47201.91573013287
48786200,100208.24080676975
49219800,37269.08802814361
44066203,106619.48272317923
43338202,32476.045420875467
49727802,31448.612850239388
45544803,23268.62225265594
44895401,88205.80320060055
47172201,34723.66146724735
44780001,63156.84861997561
42576203,50763.75949178564
48261600,51679.473454824976
46358200,43824.27373005224
46884002,88889.82590899394
43104603,38838.701798295406
48755402,66568.16744880425
44895601,21293.851996663016
49729400,35427.699253388935
41626600,72897.92790546552
45416003,64813.97537069077
49169602,99106.93193316221
49814201,34665.12495496762
45860003,36363.06220198674
44719000,56341.75287333159
47455400,31242.17886176637
44171001,49641.80504368468
44595600,46790.7575108533
49536401,54980.13257109435
47378000,28182.932619857074
49970001,107335.64434566523
49896600,37398.621150810366
44131400,66067.26418064308
44303403,25035.028020381716
45184800,71461.27893513525
43239402,51216.17030094891
49628602,43571.63347660922
48479401,22601.671296701224
44146200,49205.464359137186
48505201,24987.19397632961
44935600,44231.94751367548
45160002,74741.34668015709
48995602,31242.517992936213
42471002,40312.14391522721
49693600,86789.25727104374
41529600,59224.269006239956
46047800,35331.87499600194
45051200,67283.84653188719
42690400,60579.40302960976
42978403,35257.437768856675
45407000,93775.53141720995
47937202,54818.95365807003
44176803,25668.360128900033
43742200,32715.227397650582
45634601,59294.122737596364
44824201,50274.35387049494
45548400,48083.94668411068
46508001,72769.34140330786
45957402,40600.64693531993
41452603,18478.955470920093
47357400,31823.760204305378
45554203,42596.57046135307
41564603,33515.465471534
49731601,49439.95895233639
44881603,46981.62070338562
44504600,54942.89613499517
41057400,29488.704508851206
46471802,58038.98756304644
46553600,52059.51932865187
44671600,23483.52688151586
42672402,65334.22165635246
46108202,47500.27974120489
43843003,40872.156409215975
49366802,57591.133089990486
45303800,26438.19172835804
46044600,33393.525489401065
47418401,30193.262106965885
40981202,24927.621257460727
46294200,67454.88749613892
45855402,35216.62266489084
46590802,51916.162975860876
46317001,44113.18673717456
43227403,88085.05657683566
45756400,29278.187663609195
47143800,34316.34384577711
45469000,35154.32330841537
41276202,39692.6073943358
41574402,25349.92982638524
48268000,35729.26856485599
44479403,26438.375890477906
45132601,40709.613654735644
48131400,29181.886570035687
46937202,24827.729279325275
43636800,79250.72716380264
42115803,32048.952410899125
48301400,58345.03570213499
42411003,49000.68511419805
47332402,14365.923770933421
42689003,33656.3067020317
48076201,44805.22667924902
45613602,35083.62060347535
43241000,63859.68137661127
49863401,35738.147275733856
43865600,26535.371812407797
43784402,54013.81488725064
46099000,71206.15515229177
49117402,35278.92532615671
46188801,44165.633503313
48847001,33912.560037078336
43418000,80439.17192784933
48419802,59945.668321130834
41470000,58775.67871012001
43218602,34644.694527440086
49987801,50325.674902554616
46007401,30007.508700856284
46261001,84234.36095255853
46467002,29127.97644711579
42348000,58934.10251428471
41873600,103378.9636429091
48322602,43739.91334912605
44121603,115465.43746947146
45519801,73595.54624886498
42269803,32341.137930072855
49404002,50499.39190007946
49804002,84100.56417463666
43005203,61492.91145932577
43172600,40833.6193819792
45579801,44427.01219934019
48090402,52469.53741813007
43538003,115684.20587766386
42904402,75375.89558583754
48145601,86218.50530884121
41616602,71564.53205348561
47845201,31430.633564535903
49196602,27258.89015384363
46145601,91492.78432648872
42345003,28136.30749674094
45154401,28699.248148274088
45351602,38017.164652451866
45565600,87699.39958701808
44717602,67471.77406071639
47794802,26633.19637788394
46599800,46154.99654751855
46188401,56322.853006806145
46867601,100130.99585985883
41403203,45615.55732340166
44688601,32337.9148146603
46954602,76527.87897284167
45479802,57899.98031487188
43377000,39969.14341464249
42193803,54345.21242248714
44919000,28739.155334064435
43330000,60090.67880952348
49618200,35642.52246497899
41053803,47246.09505172359
49629400,30142.05597831005
44264800,38251.68301656929
41349802,14859.750208082673
45154403,21996.436976989535
43836802,29116.644687576096
43083002,47145.38905854389
42621403,33283.41858098789
42737600,26721.242150926264
48708002,108428.58466874955
46447802,24536.923695863337
45756800,21197.95661623871
45298400,21537.54602940769
49259801,54442.622336245186
49456202,107420.12557221908
46571601,59523.192154429984
47157802,35963.48375940131
44746601,35708.18584529592
44681601,21677.595403630774
41841403,24433.997279222003
46042601,82827.1815674191
42186803,27726.10350043847
41000000,74593.02491642415
43078802,44179.77643051634
41836803,21062.499383050686
49053002,56327.34522641171
49337800,46100.962537099906
46053201,57219.96687080009
42911602,74919.5405410927
41304400,23833.032169363494
45444802,45546.92058102844
44773603,31225.56273396512
49639002,48659.53090496578
48578802,45393.617616223535
45595602,23824.33017550377
47903202,120322.98016275045
46300001,19827.902729958492
43870603,34735.72717886541
44647600,49209.951625048314
44665003,41844.82877338563
43336603,114629.41864787182
47838401,45313.65724512372
41572803,26750.396850955025
45774401,39151.556060754716
41194203,67797.13455806428
43380003,41134.80878725358
46538000,23528.267854248646
48825002,21015.78469792596
41808800,75806.5446526218
42305800,52666.534526105
44868201,35796.30923722828
42010602,43529.1463921893
46673401,38042.48267296551
46384002,41062.64337850647
44860600,67200.93226250901
46234602,32617.11612876919
41224003,32767.52101221797
43360003,49583.90066788606
47046002,28279.345507067355
42003002,27960.70584395539
47236001,80141.3963691058
48648602,64772.66801681669
46934602,24334.307733447597
47839600,23077.42128732823
41448800,15868.84864303818
45723001,40279.30096468937
45616803,50902.54059849361
45174602,70525.19859678508
41392802,39511.44846104927
47779202,79464.58025646419
42968000,52951.070567335744
46661800,37534.26674503874
46211600,22826.527095792746
43640802,41009.15832562888
49309202,30955.609288377334
48611001,41786.307598607
47823400,50435.975938595504
45249800,33883.13232393499
44883602,124983.58915148787
41368003,14485.243914077962
42797400,53009.21759772503
47545800,52036.47971511578
49546600,72794.9122083963
41928403,32477.613219294235
43443802,90526.94046177647
46624801,21812.17785856822
48200601,24627.0228227054
49274602,37502.052715249076
46391400,29495.512037314587
49276802,59354.672946469764
44843600,52246.69100389403
45477800,65805.21880586343
44527401,45028.81823286475
47636602,35387.6436520235
46190201,37890.04338763172
48484400,107141.54973905916
45860400,83960.10799278681
42350203,49492.23764947225
48844600,27897.828253974687
46830201,46467.25479925149
45796003,55255.68507428175
44554003,32218.4579006315
49858001,29425.25434114684
41236803,19785.366690490326
46468200,27415.4596752914
49502002,23846.93033636738
44767603,42100.047699165334
48826601,55516.68291592293
43432602,34756.26523673233
46961801,29505.112672810894
43026603,41817.22746115272
43952003,60848.973871267786
48197401,29689.60820038617
40840802,66327.9847597671
41762800,91273.99609438647
42061000,44345.07727348089
42402603,61875.329221268
49285800,42920.346679915936
42341600,94057.50072383691
48083802,58883.09860900274
49911202,70102.96631038545
41478200,33069.78706400846
45482001,108380.10429784082
48133401,28618.56118903697
49906801,71206.22376307128
42846200,45220.38179579551
46323200,51449.37066537723
43378200,41308.069009415594
46877400,94641.29218391245
44165802,43015.2263501981
43580002,31413.992766832685
46801001,31225.40035423855
45569401,20501.31107981777
44743801,60815.786794154395
46643801,59268.08803260887
45586200,35419.23214113948
49547802,24437.984303719128
47583402,31794.61258601582
41795002,49282.983389428155
42597402,44232.27308514103
42193400,48028.625100233694
45150801,54640.0066446057
46728601,67435.24228356374
40998002,24862.85693461941
43416202,80574.9603973002
41259602,17560.188619138557
47173801,49725.81001854089
45347200,42594.221818430015
46665800,63064.506303340844
44134001,31894.53405767543
41457003,58437.38673950164
44386802,68959.45549841886
47481201,47537.205862230505
44562802,51258.96164376469
49725800,82352.74657651482
47508200,68277.55535584137
40915602,34103.88032604579
45768401,44021.55282214492
44928202,36530.99459181899
42555603,59293.60671693741
45859200,62286.43259654759
48764002,64008.47808860638
44666600,48646.04145504062
41972200,21413.546966182803
43124203,31413.506130232534
44891202,25620.69165773993
46817401,48603.61955852707
45891401,31454.77902690018
44951802,50640.86345501495
48101202,55363.68852072412
45722602,63376.27651696151
49252401,117067.30714214324
45051802,29309.41102778631
40955000,112582.48471263569
44298002,52675.89135985921
42664403,19493.082725431294
48635400,43123.64172690272
45897602,76549.41463043455
41863403,15345.778364813921
44589600,51735.349741961894
46972200,55631.30820266473
45789200,62131.74529875931
47123401,62793.3332479349
42675400,32576.992659802796
47903201,128912.63032926254
46115600,82481.28413959018
42368202,21507.484605750615
48476402,126518.61223549649
44406800,56065.63401908507
48074002,25172.359892678043
45428400,36102.603354311315
48925201,31200.39553723062
45802403,43431.79747814766
47142400,69209.64720278037
44726202,69586.44560854806
47422000,33895.488166599025
47588601,68401.48496744735
42668800,21499.51206368436
43922402,34222.78650026364
41218802,29870.500260143002
43593202,58378.000307199894
41293602,42941.54507807622
46695002,50821.222492052155
49951600,25575.308187571638
47856800,61263.90443475564
44693803,35902.24796625074
45302000,84501.50889596107
41841202,48038.10593388405
48685001,34953.50467964199
49025801,88296.26379663535
41695200,24705.2117606176
49656401,77947.32693408756
42726403,78445.39626814803
41918602,26231.71017879304
42989000,33454.76856304657
49688202,66580.78092386031
49294601,49930.23077188915
46747602,35910.60298828807
46787401,57845.89735828216
44995000,57103.97820734681
42403202,45574.47496843248
42043402,41356.26170978398
46086000,46949.331163713825
49611200,33612.704352730645
47517401,43972.28893680535
49150401,40261.83260502856
45187600,17676.92755393173
46092801,26420.743463155162
45323003,54999.81541124995
43654803,66655.6790955331
47264402,31920.77586333363
44695003,52991.013794094535
48918801,30417.571182624913
48285801,19394.75950693942
48950001,57446.362481544
46281001,48012.81906275246
45269803,35306.713822785976
45746200,38483.641776817094
46007600,29258.03745622133
47988602,30192.869072574675
40819802,62072.013059490266
41847402,21514.677798250832
41683600,44849.24382192994
47822202,43338.516241938145
47980801,74058.73925767916
48855200,44675.63497420063
49913800,36317.9809024524
40965403,42422.40187765278
49477801,54804.26702784211
45662001,16513.903620736106
43985600,96113.40244261053
43893201,102224.70932446978
44732201,43413.6832249098
44032202,36544.45601564681
40841003,28853.279567811336
43679200,21048.024502898093
44141401,67899.21181306057
46878202,67647.06854623061
45106600,27776.448714558595
42920603,86006.15066241963
42760802,38122.77829135031
42140002,58794.87453847425
42714202,40784.653707061785
41647200,59612.963892209445
41599000,49735.15797762622
47876800,64028.954002646824
49495202,67817.50088981997
49942602,81718.37461825032
43071802,21174.601950592667
48752201,75387.57139684552
44100000,64103.3035773242
47445800,96263.75665381261
48820401,109998.52704708667
46635402,49981.65199733284
41961802,73905.37320558885
49314000,122155.78577834611
49113202,43819.00700280642
42598203,54101.9285430061
40928600,77727.33085765417
49651601,81732.05171555719
45866000,33098.1560198086
43551603,70723.56809781578
47340601,47874.57823369537
45355001,23490.805777507383
49981002,28256.364214094807
47552001,39290.59465538653
47061002,62621.2268576207
44706402,28752.77083803665
45657200,48404.496006793575
49071202,80359.1028099861
46276202,57145.91174217897
45369402,46799.18298002229
48958800,26208.372693430312
44425202,44786.21374272178
45166801,38389.17311467787
46343802,43111.89907282744
45376203,29538.65868650393
41016803,46975.03297686373
41475002,60584.91825512614
47098200,76701.57718214368
45529803,75797.75790121478
45250600,39964.14021026249
48485600,82152.64454409655
43372802,87725.07676015403
45804402,21527.538495495348
40859000,49231.1599577312
45992202,77353.2158227194
48346001,39778.7753827285
46995201,101175.28523689785
48464402,27912.450003989386
46839202,78880.93551828722
41194403,46910.52188696974
48344200,53473.02826212054
45165803,50620.86760779284
43936803,49329.97738946308
43580402,29486.248576489837
44598202,42604.25990946862
44948803,71028.97767301739
41151002,51239.1667582647
45181600,38973.816613999385
48369401,38519.08534250242
42180602,70146.42303811769
44324600,34811.30145775329
43686802,82905.50099358115
47861002,34525.06872516832
42186200,41330.57626223015
44742603,24253.133562740248
41244003,15117.20480559994
44320203,66404.66889073561
44137002,45602.14301404643
49011401,61789.149608215324
47578601,40813.43266289355
43755400,58938.34254747928
48781200,49051.34594568579
44141803,34994.19411455927
43379803,53587.304463749846
46581400,66631.05820776957
43091002,68042.6554080822
43883601,90828.69228809225
45239603,49290.33370862887
47486401,31297.203669557468
47541602,32789.5656802961
49227600,28637.663828141376
44943603,31375.498997675615
46379400,32584.296401880016
44082800,103823.88444887972
41258602,14472.129104261132
42261802,60776.4022016578
47973400,43814.837005356356
47098800,60783.16132655188
41143600,79305.46768416167
45456600,57184.822604876594
47337001,69657.43742136339
49135800,29908.383790835334
43498802,28685.64855317845
43251200,34959.32913050037
49275001,31725.440298384106
49504600,80566.65153608008
40916802,62952.15785886007
43243602,26902.814866107172
46444202,31431.145517662793
44489600,21947.443004820918
44609000,27897.7085798772
41771603,74085.18567021763
45939400,28590.65069250639
43927602,80644.07933354938
43918403,34647.10266117541
41055603,45789.08587026613
41252402,14313.098159510842
45440800,32874.61572297022
49118800,49491.92558555164
47788000,36397.4365843296
41645803,20186.83782361774
46438402,67253.50083637302
46449402,39467.2907774945
45143403,82419.85289345364
49449200,31408.22607106442
49847601,28434.522434012863
44035602,34716.17753512929
48335801,46102.50391262763
46085000,36003.04833140178
46711401,41992.456106115955
42991200,26363.55649969302
41888800,25578.30755229482
43524600,37946.52967064156
41939602,34639.201737573974
46503402,47833.99309788755
48255400,57055.20181272276
42417403,35027.80578485723
48044001,34671.60302188722
47953801,85330.032196217
49914200,63946.71572966744
42634003,47788.50792160643
49028202,26251.37606711648
49922002,32376.585369622026
45346601,56205.22629386942
48577000,42499.07221540833
44693002,30793.06106055836
48502802,32762.91695777011
49033802,35872.34873265321
45563003,39048.40062691001
41789803,43047.49095579201
45795400,35749.41836717387
46784602,46715.60210859502
48377202,48820.50659023153
46777802,31418.12994984536
45064600,134405.869442282
48941202,26133.664106007003
49215400,34348.99686522539
40892803,31550.204915899467
45913801,91448.51792703578
47055200,33538.656489786714
43061803,32744.36381128181
42799800,35260.451041522094
45773401,33733.87423252033
41252600,14977.640465393191
41599203,99416.6717543753
43623602,62032.51606211441
44861603,44424.429724603746
44334802,28295.001948929385
47605400,54268.3651843125
48337600,33257.097537117734
44192800,47815.212386652376
47251802,91389.81791220716
42228603,91965.53023009206
44209602,133428.54968758055
43053602,53314.00209274901
47653801,107344.71009453997
49745802,41375.122345313255
45561402,29257.791531601586
49530001,25402.663679687124
42796000,31717.427214916228
45516000,102083.41390817922
42733800,48167.864191961686
45873002,54033.48654970512
44607801,63915.93011646321
45381401,58624.34321719006
41019403,15974.123037015352
49473601,61353.02727380953
45566603,38534.669370755124
42166802,89536.1813297462
48699600,37073.660566512306
43570202,33342.19749696355
49059201,43316.13183963402
43512803,43087.61083028235
43081202,41573.911112034875
44041001,54892.06064789039
41726803,38516.87561701409
47322600,42345.0772418391
47348601,69894.84461077767
45840400,47651.61660209944
44486001,55100.0273248867
44649400,67310.87170885081
41627000,122739.4947313254
42640803,31201.048639458157
41897200,26253.651213820132
41940200,38402.60930110581
48558202,57125.71098374613
45087201,29228.2391375755
46495602,75393.02249191262
49355001,40878.44847674449
41205800,16900.820954010785
48805202,57032.762437392936
47292000,57225.183583191225
41576200,24480.948532510538
42118400,22135.442869316663
47052602,79708.30450432881
46147800,59335.261938715026
44743200,12095.889235934415
45304003,69228.53465234074
48859601,118127.83302241961
42069203,22299.663605921483
45981401,47826.087437650735
44010802,28096.654807397146
48992001,42007.11508676122
41931202,36609.62290634288
46944602,36434.82788595331
47691800,46780.88516853218
43405002,46942.38232312668
44252200,43189.16179584076
42289400,40229.57244117049
49972402,67296.54722685843
49566201,32899.03471595945
42143602,22905.88761456072
45933602,27586.04829644856
46144600,28228.52012253761
47912602,119514.18904097046
45589400,29083.816335859425
45234402,26203.28389238778
41734002,27716.878216611556
49346801,29073.76886065225
45629601,25407.63647257381
41605803,69056.68543173242
41365200,52791.94593107816
42389602,34730.80232033966
45640801,49767.789766926006
41564803,32551.505141234287
45976000,154549.0123093321
42876802,29163.58528763544
42600203,29749.35359354548
44169402,20571.964207447774
47042201,28777.37991592824
48685002,78290.82026786772
41866003,20563.450233687818
44689402,37998.161893232136
48530201,26930.537134263843
44467201,18363.785775590582
41162602,65798.99018529656
44791201,60497.99939017584
44186400,45732.48631655783
45381202,38337.399272615796
48735802,81423.08473146117
45085401,45603.114271397506
47611001,26458.585515305746
45512002,46122.300934526116
46950002,81876.57604981039
48993400,47912.99937578782
46954801,31937.978616047993
45505803,42072.03425840981
45142602,37502.60109967878
44801002,42666.83108946003
41537000,34917.74902227687
49390602,36427.76105715743
48413402,38569.22783316659
44194603,106764.53445543401
44125003,25962.0767546711
43877603,36937.38827368097
48792602,46313.14482471305
41007802,73275.9994197243
46569000,31278.59912578751
46021201,43693.328822704505
43228000,52867.38294792746
42283003,42697.17768123864
47917600,41402.59248540227
47620400,34454.43080715888
44592802,30598.85057415108
48077602,40004.88641632426
42414203,45785.78753440179
41590802,29147.70251058653
46952601,29934.37792047612
42678202,53175.92817970534
47773002,39741.11627476484
41363003,21896.416562559833
46389402,26501.560045017628
42873003,66231.25826943277
44952801,51880.704817267564
49195200,114946.66931155504
43268003,28670.50239072362
49575400,50056.49540712155
41464403,76408.92077081861
48762200,16756.699249807712
48185602,63612.38897176976
41229603,17249.843015641007
49579200,69114.56001300848
44106000,59228.77620896757
48088801,41870.27061885327
42908400,64380.67760471489
41232800,16086.044017284934
45749002,26143.935262867202
40963803,48316.589701488105
46881400,54322.553673125454
42313003,36055.967021879194
42677602,35593.129642663196
42756802,28918.374362264996
42600002,26148.079451304315
41505000,73718.60610503916
46926601,96422.21280597048
42587202,79127.47917427483
47757602,99061.3203517131
45307003,58340.24274605459
47043202,46116.268893020504
45059001,61513.34410920925
48486000,53071.35970941354
41504002,63710.91254718926
47694602,41006.66648846082
47879401,109954.87184009142
49913602,35199.73331718509
41329402,13791.7971373257
46055000,82697.25207789121
41112603,51210.143432099685
47484802,44732.2004590791
42626002,93763.09832313788
40973600,24671.28749606625
42629603,52976.07139925179
41603003,52680.27671424352
48831002,35836.72190195264
42654402,58717.08773053902
49903601,97279.70483464072
43992802,76857.73811752275
45285600,72378.9379171679
40828803,37085.178498075096
45932802,81260.06183235218
47597800,45438.927279435025
47763000,35660.63385836454
46574402,23388.77893951237
44733201,89429.79146665067
47966002,31803.885718298472
44343602,46252.96911611218
45752200,89188.69975911554
43133602,86511.14901478408
45725202,43827.78479929528
41708000,15739.955800947233
44194802,27053.959783808798
48240601,66680.91564294082
47525201,36089.09349638742
40845202,105940.39849583356
43534003,35633.033717348946
45689801,64851.25336977729
49313400,33424.582376216276
47282201,26222.740576960943
48576400,73155.65816951008
42388600,19435.19501234794
42494600,39601.99789635699
46154600,53918.70985514954
45592200,38712.228724569395
47970200,75167.31328718271
46372801,43198.28427550406
42599602,61002.59203808786
42135003,51880.641308317034
47193001,50709.43722416802
42761002,86593.90896117121
49760602,31976.283070579295
45208200,77209.31110924779
48489602,19885.694735304518
43991202,22968.958366319537
44312802,81311.06818868246
41456603,24887.457533041466
46036601,25515.433074958688
49056202,25201.772695399988
49887601,35922.28840195385
46639602,24242.634380629235
41433400,82103.19780919542
44857401,47841.673265079124
43258203,50700.43457199557
43861001,24876.69954631087
44973603,37878.734775960496
41706200,28026.62206768625
44969603,106588.7755309731
48884802,32792.86815543378
43517000,94007.08875815831
46599600,59709.0785954349
46397200,118077.44737532234
47630800,42685.82421611373
41140602,92714.99204952737
44140600,89395.36019246359
44239803,38335.823889011255
41828003,18135.599080826323
49829801,22832.226978626568
48346802,30902.12138685039
44688600,52102.5739921981
41558600,23933.940605500004
49912000,38375.83254829016
46374800,67336.73697803033
48349801,35744.12733879936
42112800,31531.155865466662
42752603,94767.18139609185
45777200,30992.033433574008
47533001,23568.311323728645
49186600,39483.1697039325
45470801,66972.1747952396
48116202,41910.233205094024
42801402,31509.351204648465
49617401,57766.71636003723
48422600,34029.707305852
42193403,51446.19666508165
42439600,40662.94378633661
44721802,98485.79728629508
49019602,49440.23000884165
45487200,51736.016505734995
48145000,29339.338035454326
42183603,27870.1375782366
45857001,76420.15838780777
47547800,65269.76021245562
42704803,41101.81745038277
44195002,26398.853502115187
47876402,54051.63603930907
41114803,57840.103567479535
47056400,82300.4667906739
48416002,46144.736498363935
49247602,127085.90150115592
49971802,52609.618736681645
41408603,85539.24424606786
45408802,32725.948790747625
40886402,36879.69238393087
48637600,39185.74229234943
41187202,43141.77108881815
42805803,45364.724727066125
44956200,76734.60905692169
44848000,73344.91835921272
49130601,98262.2125475834
48046400,56314.87533772021
44685001,72097.76633384044
46575801,29720.08293170674
48054000,62755.25444389473
49257000,50045.373092415924
48110400,45289.71552636277
40806203,89536.907916371
43168803,119944.01613853179
48355401,35956.08564069616
48382801,55108.63202748401
44251800,36195.424611847935
46346001,41177.96921468153
44190400,83590.71181699519
45042403,64601.919904513474
49039202,46552.92942595972
47861201,37255.98764565105
44632803,32330.82853048459
47969801,76581.25388673517
44783402,57343.52669024207
48501200,138767.9547942947
49860202,57119.18260402737
46688401,42828.077219009065
47003800,31314.74629678762
45348603,38558.46063254965
45332000,78467.13007794059
44696003,34430.184486741084
46911601,25152.68027684224
47010602,38889.56756350324
46532000,68514.8751705774
45536403,64429.01978680831
42961000,28553.825070996678
44488400,45426.85631640264
46321602,63489.77113506102
42595603,48409.23169114835
47424600,38062.29984488925
42341002,107996.3350202297
44889200,40320.81864825702
48176001,71462.39122004157
43964803,104471.51500425456
43021400,58865.07058222177
46680202,31536.51974784441
43911002,39733.23408398699
45624601,43178.14246018464
48907400,25852.202675552067
48529201,36096.176194995984
42276802,56743.1107891164
41281403,18420.68371952749
45820003,67405.20436193113
44094601,29888.162998905864
45484200,19845.8350642535
43440602,56684.36072463935
41935400,31518.409243145834
45415200,62137.2055216426
47460602,28480.18979664356
43028203,23704.42640089219
41542002,38675.09357549609
43937203,36970.172130513194
41725403,53796.65927656112
45950202,33457.700245662374
45442403,22207.91947663703
49803000,38781.44275098592
47824602,22420.36907788641
45767001,39384.73654742025
48728800,84557.68679085723
48407600,51675.06223692041
45282002,28839.874891926618
41114403,22190.31780455813
48535601,37675.74713456471
45561400,73498.7499641749
42777800,86089.5500537959
46677602,55930.14712194886
44606603,48256.584768389665
48269001,52954.924470918515
42184802,46554.299278617254
45516800,31586.359651567396
43382200,33902.99390676307
42175403,79158.60395038807
45103600,49493.88382232748
43464403,66397.96552723864
44240802,67530.85461858416
47305600,54146.01831500682
45639801,22475.35165889877
44166003,41612.18261685852
44920600,45107.14560268921
43921400,51585.69038607444
47025402,40988.824087099456
43412203,45940.00907722368
46571602,52115.94945745015
47612602,101510.42615443343
46790801,43608.00602206283
43929803,23082.52041685268
46088801,33994.54527349648
43979602,91572.64252948253
41465802,89901.50421646798
44985402,29283.613027253145
41360402,17135.694789284153
43182202,23274.53119760975
48928601,51106.43935275234
46206400,33009.06586191935
47129801,38139.26119657859
49538002,41119.36731538575
44307403,39962.543275968885
40837800,17514.632309173878
44268203,39638.13433834562
47570602,56930.11578682016
48695402,22470.994564123634
41794203,70566.94465872167
47746200,26967.45064764337
45134000,49525.654810205284
44105201,38645.3970218403
44335200,20257.55473354993
41484600,15923.048658674898
45312002,21035.750751608943
44701003,63917.97296946733
42968602,43679.232565495506
44407601,99883.25421028731
43846200,46740.61188594999
47498201,78379.50195989122
41749400,35114.41742527407
45910602,52862.17261591697
41256803,29562.344775584526
48423202,62656.78347798753
45626201,23983.904596365115
46722400,92901.64900122111
44920602,53024.19196023478
44904003,36913.79634701353
44281600,36587.48463873124
42012202,22570.285601112704
47146602,45783.46235159261
43904402,65481.03117481336
48507001,68185.43944308526
43279402,24755.213660865717
42182002,43447.36742738656
44427602,70642.01815081968
41251403,19170.01807290626
46571600,49225.58571552362
44869401,62036.617442513576
49528800,44155.02706177799
42337603,38188.60112959486
45152003,34506.75487789457
47676601,72856.0646459986
45421800,49524.43304856477
42046403,39058.13342286743
44580002,37340.766077986904
45130003,43150.40558455857
48109801,30581.753129853103
49786600,26206.89146452543
40952402,26363.657438645518
45617802,60693.524578162265
42071603,32796.540585581504
42796802,48421.62414644158
41368602,23825.53717029975
48293200,46966.898753153626
41524000,38014.18308511988
46665200,83470.75029862863
41351800,38511.75421988693
48600800,44058.375889555195
41170600,28809.079954161833
41117403,43306.89606717457
45742003,38699.82102860946
48180602,39267.19585370188
42663802,18722.046152650008
49820201,31758.077595522536
42521202,75580.20637954712
45827402,28797.20608697425
46619400,76611.48108017267
42104403,60844.016566466635
43186003,63880.982828258704
43489202,27614.76425063507
45859402,36415.831310602305
47717001,28930.18050487806
42864800,26270.55824487526
44041201,53247.51816519122
44100600,41611.06356025148
43009000,53700.54967052208
44220401,91465.54426368236
47347401,80790.12547828254
42635802,26878.227981050386
48524002,44176.91859630659
41344402,29573.343668877253
43573603,45830.22497124678
44905600,25016.842363430653
47880201,35694.06918521449
49521400,29073.47117420977
45810001,33596.361568115746
49098602,46366.542277619345
44881203,66926.98060093337
48377201,27693.33500084155
46482602,38244.75186645404
48943601,52193.7815571403
46406802,42081.99976594882
44477800,41519.928460809395
41803403,60355.40653719621
40947402,38003.99468672269
48993001,29027.167547491674
45358800,38028.65548066344
49813600,33912.17504441643
44033802,27786.278615529805
48437001,31739.079468953336
41082002,100641.25317289782
47807001,45155.805419109456
43030403,22821.194287036382
41308803,34179.44040956741
45325203,48044.99147832988
48810200,59748.7097558464
49667200,62593.77571177501
45173601,36239.65182393429
47122401,40135.215972687234
44410203,90689.75810381086
41433203,50686.46200740907
47092602,68498.64103469875
46146802,21907.239551463204
47241400,33273.421433260024
49494800,39638.76559102119
47717402,39260.64638399426
44473600,35250.39507610193
48971001,33796.1093805525
45557403,38734.13424152798
44427803,37595.9955131664
45537803,54051.29770517885
45544003,44972.417182548794
49965602,54583.42272271569
41257403,19550.121706667524
47256400,50386.56514590333
41826602,24585.201336250775
44302000,46419.497135902515
41806803,50729.233790647
41017000,24573.53558861056
41042200,84955.96001167523
47683400,48985.51146763297
45348600,29390.45375429986
45422600,30112.452449468045
44573801,41360.91814305231
45710200,23228.62166247832
47768201,116539.01666316776
42329400,56549.22078234719
49930402,55382.83972367124
46308202,35554.43650735153
40856000,44595.59024549436
42651803,43273.41337431058
47437600,34242.87583972354
48179600,34083.34685613919
48045400,54306.84404817334
44622603,24449.617532332988
43678800,65443.95494547557
48138401,59085.13234059423
41548200,31496.037917519945
45428002,27502.78189185719
41163002,68795.19315306409
47481600,45529.37300400932
44244602,32421.49769945881
42331202,54157.9048403201
48716402,41445.31825548195
45472803,56342.030314013275
44208400,39672.881073053046
43674000,62300.14823717708
42842603,22513.99840789981
44701402,24806.972383051798
44235601,37164.22138865581
43450802,40971.9697814473
44545200,45752.87235290618
45375003,92727.9962176751
46374601,15529.585179713173
44399200,85161.25185561532
45227001,31623.39796217914
43524000,37087.127908324524
41384802,18551.65270319596
41920603,20415.449051886688
44070001,70593.09787874734
40842403,23985.695944223127
45194201,68300.27816971518
41103202,40989.62136840163
42123002,35021.72467810802
43795403,41460.97513568288
44955203,36896.73575772712
48714001,31435.06526661654
48564600,45704.89376319878
43830603,23678.47753026561
47379001,38341.77135587105
47257802,83161.31988223671
46560400,47122.608744981124
42446002,72597.91340579854
41635202,35731.3970098441
43242800,64366.292035540864
45356002,31928.06095797855
49159801,41916.25761444269
45699003,66719.29332641262
44912601,32358.98050640306
42946603,32770.78238555211
44588600,48449.39766935081
44708003,53050.9444554003
41969602,56690.68094298988
42027600,42523.29586498242
45830000,47782.61351466447
47565400,52318.46690234892
46497800,32591.67118959674
46270802,69806.12692916398
45974200,40683.74913885153
43903403,77968.60621274768
48109800,55576.948852781
45448602,31241.945686748473
45803603,32144.58122616563
44144400,34941.007396322704
48488401,45496.49830446783
43062202,40549.74793919457
47609802,96016.94495422616
43426202,39563.24751489117
41723400,55455.68228854439
45250201,42954.814600423466
47571002,28924.013386377712
45071401,52492.459851921994
44694002,39096.796951897144
43903001,28668.343732805297
48453201,113898.8508078846
45803402,31540.941419118997
48351602,29441.02035387579
49806002,38160.97096425004
46323402,44597.83145361353
43423000,41236.91038342331
41464602,90077.1271416768
46668601,62162.856255034174
41989802,39600.89334320234
41794800,38207.90807017697
47672200,47135.34964361485
42880400,43132.2405226886
42925602,32150.454097381236
44097601,29702.206388989285
44171203,32612.515563416397
40911402,49803.95623835387
49242801,25918.347021428977
46650401,59402.34529598737
44367803,56069.72673979306
42590000,51738.38164790023
42292400,51469.924684460384
48109400,61159.547555845056
44753600,19623.71551950872
44868802,103712.79651668435
44969401,92648.71010566775
40916602,22235.916179076976
47978801,107595.39362008347
44477801,46859.61017922339
43837403,61058.38887816608
46332802,68464.20605194727
48981001,27013.898292414284
46182002,34158.64361599468
44269401,63614.70253223034
45311601,47032.65044796433
46753400,31345.51750980784
47417602,28564.578566508884
44073400,43584.87295070444
47706202,72478.38203318219
42907002,42860.3799846681
49681201,35483.35413423772
43799202,39419.13924286603
41448402,59547.28352792216
42773803,79838.0871913778
46396000,29825.555484135053
41928600,70456.85569941628
45722400,43743.10488198922
44670602,51138.94035682789
48505601,48899.15063796812
45744400,29521.192119009913
42846600,34588.00202380129
42465200,26141.560816260397
44016402,53089.148154922485
46198800,23294.423702684766
41237603,24008.178307211736
49388800,102362.53114007047
44543602,42206.07057438856
42251200,29920.440404527908
43389400,56422.87969545533
42526000,27366.667488109873
42869003,141185.08919222638
48218400,19185.12661151707
47314202,37456.07161532938
42983800,32620.42273284118
47243200,32509.778584267417
47681602,81730.28277510259
46121601,63916.368348494485
42597802,56230.77632116644
45230001,35580.183711201345
49959200,34478.6820142285
40807003,42131.22372249779
45957200,55613.70157455955
46065202,69655.60138192134
45197203,69499.31902193028
44548603,51693.188282762814
42039403,33939.39854143487
43956201,65427.77697781975
41291802,25743.12862067426
43142403,40318.90373551294
49491800,90323.96957188568
43888003,36930.72657837538
48783402,71376.07758831939
40885003,30240.02751980651
43507602,47296.383570161546
41376803,40511.42176012366
41340400,13542.3725374855
40994400,89260.6875378876
42436003,49764.294561991104
49825600,102626.19911786748
45581202,28392.218628867617
49772002,63288.0923643725
46272201,46091.052008064
47298402,31043.785851954493
45315802,26722.029654703914
44365801,36763.75600137479
44567401,80628.2015475747
47166001,34940.07700886882
45579002,49423.45059919833
47750600,84354.4588301766
44390602,91509.37699435056
41564802,20448.953736945783
43811202,58544.18115154151
45697803,25843.47112773306
48717601,50437.77210332471
48649002,73617.83449035014
44563602,31883.61006942365
49492202,25953.143687661643
45938601,38445.2949311987
48424402,76086.69156940946
42148603,43807.29796543876
44647403,33258.228400147345
45887601,62021.72511799543
43889801,25018.312660156953
45290603,78922.19543093492
44337200,49029.23892213922
48508602,83168.22948572315
46588402,39724.64268098959
45890800,28835.673577890375
48448002,59843.78455583396
44921803,43464.26073327556
45996001,37147.43903793337
44802603,65871.68990020949
46360001,47390.16711820162
41589202,43689.3370181839
41951400,23547.51480473918
44121602,35518.441105047634
47866402,63951.52580252721
48304000,62928.43531424041
45881402,24904.53021380959
42484603,26033.92466267054
45444402,70235.81899277824
48371001,31449.151102955777
49187201,41087.60959827754
48223402,37956.41842860785
40950603,33083.68923539028
46001002,32341.917954924967
44716201,77991.13514281016
48713000,23994.53779528079
47959401,51438.37177314172
44263603,120538.87431976233
43420202,35455.518321953394
48780001,37681.375462746495
41064400,27082.320968215517
43774602,40382.969497458915
42708803,56178.48540027276
41752603,22075.19788110771
49459601,52197.591523651
44330201,102125.08927738114
47873001,64563.258191590314
46626801,62011.633607017255
48717800,34127.3069778219
41241202,29070.913762402048
43697603,34582.70438934833
49317402,23074.31777412959
40815200,18562.406357851363
44766000,54424.27219478417
49463402,50890.755387033896
46217401,47211.52790577175
42975003,39904.935570044654
42177202,20291.408240388708
47373602,71748.09572584175
48621400,47876.22536860592
45628602,41457.844070085484
49094001,37167.250883581466
43262203,33061.19441270714
44598802,76879.93130644651
46493001,33493.60413299278
40931802,101757.32709553502
46132602,41622.089524920746
47425200,42874.27554105676
48064202,55305.96007855862
40985403,65190.83495448993
49496002,26205.036363567022
43100002,41925.19743228733
46917402,58014.44690184203
44879202,35307.834161960716
45171603,63285.81882718483
42263000,29186.350184243434
45436601,61423.28424837044
45298801,82264.2620095399
40982600,27580.214807085576
45237203,79908.96709772636
49927401,35168.19116473814
48282800,90520.15313022347
44390000,50515.31548727851
41369800,19065.37055588878
48812202,55310.796508615254
44284401,76385.02982591803
47546001,29026.375201427865
42778203,40079.945295048106
45355403,59674.98045828889
46916001,28457.455430518705
45786803,38370.17040971861
44781603,91951.65345984482
49656000,29340.601886761928
47217801,47635.80731908167
47266802,54827.92817109226
41291602,26916.08650270537
46205802,88484.23401600448
43564002,31483.750600789237
47814802,28018.204953360437
46512202,84060.86767732621
49889201,33850.56502729928
48290602,28373.646603886165
49420002,47861.49484644979
49491000,24848.64169754697
47585202,20818.417202774985
42551202,30006.56924848194
47687200,51980.732406317846
44992001,71702.41762962728
41519803,49486.43981223405
46856001,22423.71823890264
41646400,75522.65335329821
41284202,20581.50752078733
40842602,40475.426016545855
43078602,52997.29234802359
42248202,41549.13951699745
40974602,38477.27483686345
48211202,29466.350010025028
49926401,61185.40691965967
41838402,19190.708371998597
41937802,28227.674797023297
49535600,24617.710634305295
42187802,41886.922079936245
42470003,107210.90674591632
47764400,39041.901532661526
46959202,53566.16530181156
41084803,24652.30048630196
45810201,69661.58219971876
49713600,26430.506589904333
41459002,56682.53807164317
44546602,40873.494348321445
41125000,29881.499057283007
42357403,56504.30265916755
44028601,31433.499684721814
42382200,58899.30358296574
44807000,36933.606226604024
49329400,28152.322935965552
48327801,44272.82763805942
48358400,41254.00423767007
48809600,71370.1092807663
42940400,80031.95270594451
47318001,48971.45107814323
47082601,83222.05407542648
42241803,42796.16363533928
45408602,31903.18716678673
45691802,20906.850313405455
47460002,24955.33024673503
45590200,31174.457319664914
49418802,39749.65004371918
46954601,33411.653016103905
49780001,35106.11131551598
45919602,80877.31824762502
48364401,118343.35722286608
42110000,69083.88260812752
44700000,41947.1482173034
46508002,81463.52018738168
45339801,81210.69682924596
45394801,30969.332278750862
46622801,29452.821521955153
43974000,84018.73781129456
49340600,25529.188965624777
44707600,115752.75064196343
45520203,86634.90508006483
42286002,28227.4632269112
46584402,85818.41148612768
43225203,134357.7903377531
44930601,47416.84407063345
48063002,67748.2981309157
42587402,58861.51695317688
44358803,67128.27738316589
46228401,47954.40162724561
42344200,51025.74875006768
47878801,81894.89133769779
42847003,28418.827821541985
48916800,36404.21014436087
48045201,73957.89346987352
46671000,22039.488437337448
45620803,21954.002028430303
46001202,42696.85495588245
48865202,50488.34620510599
49752002,138194.92165949728
41587802,37863.94271776004
46934201,36920.72020438859
49556002,50153.10146242806
47491001,66973.10356373481
42712603,99681.90731433521
42286003,31231.504661225434
46964801,73732.96436751875
44890403,29685.79974759577
48328401,74012.99367653181
44400200,46127.45621223066
44770802,43798.58382381888
47118401,23872.37290322128
44394801,34849.96628391936
44209802,42304.718274324994
41742000,40103.43277691101
49816801,47044.70637507839
46387001,87716.17815429016
48342202,27339.350460316775
49442800,110358.67873203827
43161600,64584.4085984629
42469203,32950.72521937888
47865602,64885.44176956087
40892003,27176.597337618135
44926001,41870.10370604327
41540402,51789.96050403015
44218403,43931.54552279435
43276203,43825.05844980687
41253002,15389.467140106197
41570802,49961.62231667884
41345402,16017.540901703574
45720400,29270.005413206938
43647200,38877.035606665224
42556400,42574.61555887564
46293401,30060.594785881654
49848201,58992.47505920747
46963402,46194.362948584116
41737002,31235.500200663366
41282400,43072.6210424364
45913000,27644.748819407483
43332800,32044.862891916786
41450803,57752.896184342535
49035600,64416.87686869278
47950801,39067.30393542998
48845401,30937.125255008286
42986802,45462.41164320346
40994602,56809.53363674473
42884402,27079.051680797176
44045800,81212.25610165916
45430201,55379.75085998764
44381200,63478.48732143911
43653402,76686.26862330086
43891401,33566.05078795934
47805800,28840.124968888234
45305402,43861.75948150478
46423602,38097.55423527307
43846600,25574.537803797262
43416802,37106.44327570262
46234600,38558.24561187728
45090402,67479.71328743294
44167601,61276.333962835284
41549803,83205.34739520981
43261600,26608.2225045326
41153603,24449.289332178018
44864003,88133.99936307363
46040201,45198.02958110778
41470803,26974.919705351
46628602,60281.51593175959
49685001,51942.7609477517
41375400,30057.195066488868
46257402,98259.39158512578
48681600,25376.390887568024
48596201,59033.12807149887
42798400,27358.14260639286
46312000,47479.30975755402
43230803,32767.086010833795
45777402,101776.7399556714
46103602,87321.69502090999
44804800,26245.51570751912
47241601,88768.60740862001
43788803,67253.74849868052
41113002,49142.941463980314
49217402,50307.20941439393
49353602,42208.34559020161
49180801,28968.84063460905
41619403,17942.600462096656
41359003,30882.9914579418
48596401,58816.662088230194
45239002,29874.60637312801
44415802,83634.42356754858
45514800,53899.13490474804
49623201,38797.19825111664
46177000,41057.55755300729
44649601,26612.048845196474
45681400,25828.496129732164
46072802,29033.815190790425
47676602,73128.84342128567
46509802,44646.290661910585
44138402,44558.91372256056
42092803,64818.87734664992
45514600,36181.845916481754
49613402,31198.258048248714
45406602,55851.1867630587
49183802,58477.00607696995
41230202,15839.402862179772
47861600,36563.56013505232
46606400,90257.14655275994
43562403,81842.77556871582
47521400,54643.09387476755
46737401,86162.15235032057
44926801,101541.05756074516
44919001,52214.64560919053
44574603,43020.233169645464
44787401,33653.05129524642
41866600,14967.42222138269
48306802,38946.21655305456
49305202,25584.446486811194
43793402,44264.652499956566
48603401,61046.0873658022
46239802,56006.54922221969
45833601,26297.103686735194
44061400,35968.18325730784
41365802,55508.878653360596
42031003,88762.56473860292
42034403,51822.61364241718
47544402,46387.80416055887
44753802,67628.74089830375
47833001,33047.3268000505
48247000,30981.316249553096
44961200,40085.99059032764
47483201,103830.53970626577
41723403,55455.68228854439
45411401,57930.48530337768
44689203,32673.941266535006
45820401,26827.40758827392
47987201,29762.99281994361
45583201,22154.776256252546
44988402,34067.451815358356
42144203,33201.04373055331
47353200,75994.56948747238
45612803,32297.641518687666
42056200,24677.763869734285
49202402,59601.25039344861
45973202,42919.347347352385
48410602,33845.86631152762
49490801,31941.42212739844
46294402,59681.82968375977
44224802,59796.41944299428
45524402,57183.08634409808
43378003,32328.47446526606
43143403,34923.68072073141
49264200,69605.46107597777
45593200,28766.220208633837
42982403,64300.91661249424
41670600,53196.55176633278
47049000,21848.992500245753
43654202,37072.35680160997
44747800,33015.27775884311
43021600,48632.65281893661
45721400,58936.953298546214
43534202,79310.68813032717
41460602,40430.98266158274
45079000,26206.03352776759
44627601,75372.29865753242
44212202,75476.63811679852
42765403,74443.57371688251
41666000,18594.760458293305
46401000,80628.26304357189
45604603,54719.05059041955
42243400,107591.24757728797
47898202,67598.82182297543
44891602,36322.01221568783
48186002,73095.64387136971
49474800,70320.41309778264
45608202,48962.65893167956
44789403,51555.87543102297
47762201,84402.23806642336
48350202,69143.86244965864
47625801,46830.72842144788
43581402,47035.02252373123
48496400,27243.313265329314
45364003,74732.85783335878
48371802,33307.38635688092
45961401,96583.69531508035
48593400,30437.519958191504
46922400,26465.994636842213
43904201,52621.361121773625
43820003,43114.10675457262
49251602,29451.569088648
42635203,38938.89808327612
41338000,40988.72288889673
48206000,26405.66597459945
46868202,44530.28358298637
44453600,44608.66411703137
49014400,46628.49259646048
46584400,46688.732980562614
48786202,101650.54519231827
42906002,24166.276331097226
47597000,67685.38552653359
43335003,28455.589999973043
41504600,33438.272337199516
47875600,36205.16866810668
41009800,37011.79995754862
47887002,78186.24727970833
48918601,30504.22092983717
41284802,16630.254284006307
42028202,38829.15429158438
42470203,29890.777268669393
41851803,59804.342795468
41214203,18584.450728439137
43103202,105630.45635157189
45252202,21230.473022963324
45338403,37770.42591083757
45981002,32591.744041557646
49329401,79578.7967900391
46344801,44700.617697937196
43746003,26871.325425262305
43938602,49885.36080588373
47420200,47461.26459565539
43041000,64650.74880950344
41986402,19648.103490316236
47089800,40311.04747350691
41264602,15503.856501286406
44834203,49862.65564837941
42868002,28840.39795831745
43992600,73918.10192578836
43726000,33719.79834734594
45875002,112002.12095420688
41981602,82479.21676899614
48911400,32101.935401567724
44678600,30825.01638554322
45250202,32731.464479336755
45437003,57609.39021022752
41042400,32276.18830041102
47025802,104822.88323222537
48720200,23722.63396951164
48009201,27950.852116183243
44023201,24365.657446254925
44884001,115300.90858400657
44221003,100099.54599210079
41649603,32411.130734714894
47691401,22020.947957313936
43862001,39132.55089201739
47465600,34790.17940879672
42608003,40873.85984683378
47837401,33830.63686546287
46734800,79791.3814557769
45674003,66170.36461854127
42485602,24318.192141888805
41957603,35781.623952925496
44571001,80154.98478730345
44746400,18735.507130335587
41436002,53755.21082188841
47345400,58258.90420674783
44221200,52948.105252183836
41198600,39724.646611218894
43000803,69282.47172417105
49139602,30217.591540183814
43969602,29364.55506017089
41301400,21260.916636225542
41743800,50089.81175700332
44080803,32667.15337517293
46270801,75771.76376865269
44528400,98575.72406295457
42238802,52826.77923565034
46519000,44106.579797818755
43420400,44514.96838083999
49845602,38573.74201719978
48752802,32013.54883141064
44500401,70199.9644174744
49995400,36190.24383410719
46064002,40406.43824219457
45991001,94559.80470084176
41172003,31892.787765927653
46510400,83268.08508558567
49907201,21910.706497464686
48922400,32638.23837130554
45396603,88061.74606321941
41467802,32719.949472618733
44012001,45264.869685172176
48687000,56496.999575379654
47138402,112830.29782704449
45987001,35183.94070889145
47523201,77053.68922895732
48136602,20820.948394740746
46520801,24388.12430998609
49698601,34055.19157848039
41026203,22462.045396972604
45239400,25805.085988537845
42661200,25213.775694796368
46886402,71761.08717856168
45991401,44127.02560361263
43026003,30507.264139012022
48201600,25714.69289357527
45250402,40929.16547958015
44012602,41566.39119599964
43160402,32548.39610607287
40899200,77815.84451301536
46347202,28796.488310113822
42168403,64964.10380332182
46986201,50198.953941033564
46924200,65131.46383315216
40864602,60665.26453028375
48150200,39019.17255541859
41074200,31408.33412753267
48098402,46522.03392988895
43294203,59325.89728737453
42405400,45036.33984356174
43861002,32747.48154042561
44945601,53536.68377365846
43439202,61457.84707093633
44926603,39685.71068145462
43068203,25771.93880249609
49635802,28730.373607586313
47346602,41996.973885144886
49547202,45646.822843202805
42407603,60799.74086824611
43750203,37503.25385760887
48356201,33305.964008064315
45927202,88057.0761260205
47148400,55121.22183088179
45789002,33054.80340609522
46313402,38144.928282592104
44775203,25673.5015214262
47327200,55908.68301742364
45201802,40983.14552401183
49924400,105441.8604708659
45076401,93477.92171187604
44717400,71920.62029936345
44877200,24034.065480314544
44363201,37128.81303631454
48617401,47322.85409305163
41582402,21163.397041712757
41167803,71745.72586032968
46218801,113143.2431301343
48160600,29869.06261891266
44884203,132026.25026206492
49454200,41314.36482880733
45250603,26395.408459161066
49718002,45649.25235812656
44615401,64844.244291924275
47294802,40329.37310549679
42494202,21593.384796375267
46690202,32745.515043402174
49508602,160715.55329314948
40993600,33815.236081273426
44246602,60236.31978910616
49041602,27457.07523749973
42536600,33739.570319600876
45064403,55441.39364423696
44264201,34800.406565590216
49382201,34231.66307586142
43468202,66085.09044822499
46710800,38702.65180693029
48841201,72212.07303800996
44380603,82120.33393905894
45536602,46732.75910040991
47893401,74169.49614728637
43374202,38237.774922465935
45610202,28513.218826955916
46695801,66150.32457574646
48443000,59511.876837432756
42410400,69207.83987317947
41082802,50444.99628897768
43030000,53147.537503093
41697000,75960.49841702914
44356603,20162.40570810327
43301003,35827.654127625836
44840000,74173.29627844023
46340200,99313.6098006801
43531800,46888.929409523196
45163601,33971.63873665376
46371600,122066.40308636658
47387800,87243.8538386494
43739803,36096.21205251226
49842802,62939.15462538068
42625402,93198.37344233802
47654000,21275.197222815703
47431200,35070.1099311221
47020202,44996.76314840829
44109000,57357.52151626031
43369603,38554.51404193821
46338801,35954.71845505597
49824201,74264.25727310403
45191800,99466.31161903686
49502801,64361.87232976534
48821401,43907.00589530206
42788200,91123.58090346711
44651001,27069.08566200406
41419803,60705.71784803284
41295602,31093.897388024154
49599000,46229.586143468754
49886402,80694.25595921205
45568803,43962.34223498736
43137403,45400.57484259657
47194600,19559.314121546864
47533201,86610.51031388331
45862201,34033.52465251812
45503601,73117.01238079822
41498203,78885.71770265009
46142000,62980.47678157876
43120603,51503.2947919867
47870401,31764.275611242825
44591202,37061.72454857728
44179401,22451.79451877841
43258000,64354.52797435742
45291200,51449.43189176415
41499402,54492.711019251496
44374603,44944.022614351336
42045402,23914.07714510993
47028602,27761.20255295134
46265402,42380.955627962256
44942800,39816.749255859795
46677002,42458.08424059597
47476802,36393.79268646962
46986400,45325.79715067706
44834201,51162.998697153314
47551002,45567.90842637553
49428602,36295.75317680834
43654403,29835.833767700115
42115800,34636.042718471086
45878400,107216.34514714679
48689602,57767.461492428985
49056001,58310.897413040584
44385203,25598.748390889
41354402,33531.99772716283
44663801,101636.13204363943
48767402,44754.197496463974
41029202,44968.98887079225
44004402,55742.71591547463
44179400,27029.04166473643
44204200,34272.162296664574
45287600,60735.955966776906
47227602,36464.37392079145
47143001,37857.955252356594
47734800,72421.88910236472
46280600,64393.845982765
43077403,36750.24737289723
45592601,32797.31323276102
41521603,54738.18777505342
45971802,36575.676165619225
41943600,35557.09639682198
41548802,42572.146806994584
43975202,120123.1711542795
40833600,54871.617540251325
44854400,36585.97861056671
45424200,34299.63316586514
41247402,13566.82805876704
41447002,35977.98459099132
45884602,35009.341475800546
45581600,75269.38699531973
44799403,31227.78529930036
41547002,18112.85164092894
43286203,57543.373163039185
46915601,30706.547283058022
41044802,78903.48146471522
49632000,34691.675100019966
41584603,63498.20385792439
43998802,43694.27718725382
44198400,60120.85238393783
48446400,45715.91475559243
48023201,49259.384814491
45163803,66060.09553006008
47409602,32670.14817734705
40818003,29483.87333892149
43351602,55785.20104175796
49685000,51942.7609477517
43596402,66307.42424077659
47852800,56259.32480563451
47363600,83340.74839471288
47727600,47654.64216637681
46748600,67358.33762867277
47180800,108784.92478342506
44618001,59190.75701639458
45462003,50422.16099953557
44864401,54534.764926912474
44347401,28952.71432638719
44789003,77609.31181000758
43221602,42206.179776405224
44644601,29694.77270385535
42074200,47168.85259940268
48229802,66236.35209340077
44455402,146307.67263691354
46853402,41944.243136008976
41533200,44740.73471877409
49160800,65212.04652452615
48774601,65526.65921343087
44811801,54569.54677775604
45488200,83491.30653595828
43678802,24953.199015524937
45923001,31921.993622270464
48131401,35441.88456937543
48148200,26943.434064760764
47946601,13358.777868625564
49614401,45465.72194577786
42149602,28138.802724501005
46172002,32436.0013608375
49871401,26055.773573271097
45847800,43838.91755843083
41695003,27821.786228032353
49105400,48515.47512661949
48276602,36751.12324906109
42928800,60163.757733110084
41549400,27550.993803311143
46557401,30008.120573952037
44975400,73382.0831093124
41785800,24992.922930463516
48215200,52498.93324547502
45195003,75022.24328952064
46994600,36396.62688394668
43760402,22777.913869998418
40859002,61459.66237540136
44672600,117214.79052873878
48781802,31686.22895693668
42019802,45326.552991576165
49104201,28697.27973623218
47530402,30896.578116768836
48110602,37567.20423282068
44561602,33644.99734015107
45722402,24177.866068801948
44887202,83133.11265583165
46107200,25940.403744108567
41055202,45325.79715067706
43140203,40583.20607524906
48959600,58617.74967003232
44637403,25235.919507584935
46403202,18700.486877248506
41149803,21280.300433959197
41256402,29170.839861567423
40843800,76854.76568840424
49866001,25570.985061591593
44711400,31002.758439399455
44905200,45131.30445022038
45319200,34782.24707012273
47719201,33858.09023673313
45090802,103139.38745037321
46923002,55135.08369552976
45840202,26141.869350075725
46203200,34130.901104820965
41757202,31780.607532661412
43276000,38627.611876345
41434400,72420.42276838978
44901203,49822.57398180315
41322403,39582.332100149615
43383800,42474.129902373825
42392202,49024.73059740853
48130802,64748.09435549726
41047603,70469.57608984868
49466201,29953.48749213474
49230401,56625.567831763095
42419402,59016.32866373746
47274802,36684.69464650384
44143203,44293.37373339744
44219801,27384.1301628991
49711800,32582.281552578144
49537400,48571.4739392873
42705200,57947.87490698459
44544600,26385.80568383925
41248802,15175.999689102457
47817001,29174.86192112551
40871602,104586.01473842784
48578200,43650.59102942333
45416601,47488.28677672421
41933800,27573.738691659335
41146600,40444.05370466207
45218002,34372.488058671464
44380001,35279.033103100024
44545202,93016.1403722971
47497802,38950.89501814739
49422800,31605.744397430422
49234601,61529.37670266463
41498202,79431.14412905638
43871200,38667.360500840536
47712200,47800.78443226452
44232800,70199.49088363614
45317802,43408.12249376755
43265002,85430.64255528158
41256800,29562.344775584526
46830801,69579.85156671092
42556003,18894.452288126937
47755600,89221.57247677443
41359203,28343.288523603765
43699202,60833.782907610046
49535801,65259.181945504366
45155403,95077.80075223437
47559202,47706.886323399216
48650201,17752.607198134556
48200602,31171.100223643465
42594802,44648.80756461031
46033000,76040.03194247483
47010802,30968.88940112135
45005201,29259.073592154145
49867802,35267.121342762235
44908002,27673.89139317732
42832800,33637.80315039633
46279201,61478.09767857596
41221800,14113.638606848013
49433601,66979.6617658558
41211600,25710.44749700394
47642200,42849.4715514357
42625800,40202.642927142355
46359001,63216.08984967704
43685603,76986.06504475762
49868002,24724.3294071725
41246602,32165.847473477326
45065402,82200.09126071371
41699600,60798.72343358702
49101401,83216.52348908626
48844601,103850.21567026495
47863800,55250.45541051485
41042203,30440.33650038611
42148400,91116.17864096304
41837603,29405.310436772335
47638000,32101.844360415005
48681202,41642.985521692666
42716600,65333.51998490244
46160601,34336.2303258835
47351600,19006.57851274463
45640201,79021.40904266517
46380601,59136.49505896527
42258802,67944.335574464
48906601,30129.31980380166
43794600,44531.84656925641
44934002,30095.966140044795
49126802,41002.88116893139
46778200,50658.39734339731
45391203,32513.435575439024
41364203,17151.049821471097
44970200,98153.5976795295
45937202,109368.85805536255
48152002,31209.281542021046
49578402,25630.500712421726
48441202,43110.155587409725
49887400,30440.006162532405
41299402,19464.950604128586
45161200,46142.909933006245
43690203,45063.437974464796
49191202,78800.59953094496
45691601,96276.10507831015
49687602,50307.613013173264
41233602,28079.960650156187
47040601,42074.397971532904
43809202,56902.20345746209
49700801,82070.36805154638
48624002,66981.80914336584
43155002,77199.44263253255
45418403,78698.66292385942
46608601,79631.30690068894
48337200,25472.805503506333
48508200,101532.07584158049
48686200,79593.25766480633
44421801,40840.21423161666
43174000,72565.9666158346
41870003,28580.237777100603
41808200,60616.25116058553
43905603,99670.30135022604
49822401,32509.958249809082
44486802,86417.40677654621
47576202,33662.794444254636
45532801,24295.68299614354
42150402,18750.65995625567
41358802,18987.133269904913
46837401,42922.14126659537
44163801,42567.71960602232
42039402,39090.81170985869
47694400,44581.31564337203
45902602,26401.9874957367
41297600,14744.394694535413
43843800,44973.54650683292
46876601,47142.93786769222
47910601,31415.177532351758
43277403,36093.437729485784
43368403,36254.6913470646
42474403,32182.87123419074
42311602,31956.372709215444
45014802,47143.95285168581
44810800,57450.59426906721
44641001,38600.36827570078
48335401,53398.843965843036
48340201,33840.392970419285
49678802,41135.277711465584
46705200,25237.203584216397
42725600,54339.03127892771
49792601,83809.31702721857
47592400,63845.494785734336
44487600,53091.05656764676
49177402,103277.65952838682
46009400,29298.032723318178
41181402,35819.883462682614
48683202,29844.177738769133
46375602,36646.52543083403
46068601,94571.60615231424
45544400,49953.56135088905
42472003,48239.519744597856
45300202,80209.18137077741
49968201,54326.25955795427
42770602,65965.64176717575
42677003,33423.92927818134
45110801,63782.84605352594
44525203,31905.336581880692
44760001,52555.316466996286
41026803,67031.46001852522
45221802,33562.16180326406
45841403,72111.29556712651
47533402,80245.37000510046
41482403,60556.99576325683
41572602,36013.131826217235
45194001,77195.33623152315
44493001,28524.295345795763
42283603,36444.87319673669
44985600,38690.09334928491
41555600,40165.15713316013
49748602,60258.92450851262
40808602,28271.223892941136
47299200,32977.2096087524
46759002,23287.33262169372
45064802,42692.637777822965
44633401,79877.34090973015
46587601,59575.838387658245
45212200,33285.035958769266
47417402,72614.37995588197
45370002,36599.88816503419
46383200,31693.671731125185
44172800,42807.08920937071
48063601,26169.72805558326
43155800,32829.24596984941
46678400,78407.20252548247
45310003,27134.764383768943
49758402,32220.9979910288
47760401,101355.4228273883
43623803,41356.59836730076
41812600,41293.46301324705
41349000,15770.343990673831
47207402,86537.85798608989
44260801,41500.3916968126
46104002,30131.536939824025
44085400,27413.56285380423
43687003,34324.61365356608
41254203,23565.061860238548
41893402,32785.18351141853
45875000,26752.930484827117
49930002,63563.929093105675
44470203,37823.624742821805
47856801,32501.116580030066
49544201,41309.50474147537
47735402,63423.644253022925
43045602,24720.08413513636
47723202,34981.184514154906
46479000,53251.89287171543
41319403,23422.078728146833
42079202,28446.341613013825
46612401,36014.579722380186
40882002,53212.969287555396
45357800,27215.155048657387
48979200,32266.547092026496
48576202,52905.353039554786
45392801,38850.9538242751
45167402,44056.10837811877
44009402,64216.5260595742
45091001,28813.449219532657
43857003,49531.076642829576
45537400,28165.245501415586
45391401,29695.879195788053
42518800,56798.18302478175
42461003,39917.370465925174
41569800,23935.0122029243
49635800,50146.053400457815
44454601,37877.14305805844
46960002,49446.297762049995
46310001,70062.02199232794
49482201,63875.628418792934
47624802,67651.02041196286
44110200,28032.21428908738
48193402,60170.41920443057
42640400,76071.94781887555
45055203,42824.80755908771
47571202,32752.68997053636
44579400,28992.820513206825
44156003,52347.89837813762
41969202,36534.136706314544
44387602,50797.53194435505
44047801,37592.78464263651
41531800,46387.98428768132
46956801,34351.75911924409
46590202,81336.26738991926
44324003,57887.26630600409
45580202,26474.12925207963
42824802,61793.63275087864
43794803,35019.04947540903
41535603,98554.84890771039
49870400,81038.84123714293
46194600,51687.59222028777
43064203,23317.199743972633
44664003,26110.440625359864
45638200,27123.31394176382
46517601,19489.225087062598
42242802,45630.20719925459
41088602,26170.935304226492
47475802,48786.38838066339
49411802,61778.96612411393
44937600,54034.787805412045
48618600,80824.59408714934
49328200,39539.079272424984
47712201,71188.789854452
49895602,27071.361395413613
48614600,53165.72492464384
49023802,26659.575115793632
48824402,32178.044773540256
45195401,50641.22789487265
42418603,49692.472983929
46910000,79207.51299740096
45645600,68549.79762517069
46398000,88510.37562879609
49327600,64401.65321293592
42102600,27471.61976574675
41037002,37584.11676307833
47031002,48859.64713267683
45849000,49633.35522304715
45590000,57269.5548829624
46747200,36097.338298707575
48489200,18726.717309513937
41494402,23888.837075271094
42600003,146883.1334816353
45055603,31782.009538930775
44120402,29011.946928409292
49006202,58746.780375726514
46279600,67420.30387716534
46998600,35385.13197140109
46408802,32413.950188353443
48466601,32532.77103758691
43103600,34029.06417559971
49378201,29019.449600021566
48688201,42234.124714066566
43194403,41824.87798450168
40896202,40066.621152374326
45622601,61432.78389116403
42733402,47411.36000246351
41047003,47237.501260014185
48169202,49533.87870046239
45087801,26420.40098699883
45026400,65467.99182079832
41794802,32523.49630945164
47776002,50288.66557641231
43549403,48666.67347685209
42629803,64908.40317805241
43863400,30465.285428396423
41696803,32258.99220393743
49211402,56759.93151234336
48518602,39871.541253079515
45937201,77334.3522901723
47781800,75656.46123697772
45804800,31700.295969715848
43414402,40049.27297281759
42640000,40922.16929051113
43173800,36191.44038403681
49629002,41963.19903228592
44551403,29369.900664827815
48318402,32136.484962962408
43878201,77264.21659030064
44556600,27459.743361042765
46425202,91166.50600203029
49361400,33349.34769730856
41693402,19389.393157269293
47485401,44076.901918313975
44864403,54534.764926912474
43614603,50886.423892953426
41124403,41578.09823117044
41997200,24915.781394424346
44877001,40417.79192471734
43082803,74044.92284604284
44517602,66379.94948410787
47463000,52591.6983540134
43468200,25001.66065307842
43307202,43655.792816015455
42979800,57566.65217866465
42537202,40327.00469283919
48433600,78901.11952850985
40826800,39076.66519062922
49024802,62346.731903300744
47218801,92271.1851952151
47893200,66723.80649828188
42403203,31849.060302120262
44559203,36278.78686804188
45123201,32572.403758577173
42848802,22667.189078479456
45623802,47864.76670594536
46835002,21489.58502608927
41792000,75419.2763080886
44115803,79283.24011795703
49642001,29258.55726662105
47577802,63328.33795795346
40861003,28384.54682365656
44910203,27027.59720435594
41374802,26593.46106312965
43115200,48635.263497679174
45996002,38921.51616744369
49107402,47755.003333584784
47896602,85454.1522721052
44918203,37695.77643546977
43639002,53900.35906781351
44881201,20671.289242304232
45651003,60877.88292037818
41306003,15545.396089093494
41239202,30529.546505567367
41477000,67186.66700599644
41049200,88251.94952470729
40972800,35595.416360733005
46349801,57289.309130055335
43566000,42458.072586039045
43940002,86487.67937625234
46069600,22123.627258010038
45773202,28321.117480229463
45704003,46541.32952148864
49030201,70294.96241757195
44448000,79372.10954781239
45175202,77480.74230307802
46579800,45296.032738016205
49540802,31470.72938371977
43596602,65208.044065153306
47077801,68742.36240246044
41936400,75961.12980610394
45906801,43445.65168336114
45637401,49042.34731861725
48078800,40136.44370368657
43990403,28818.1262845857
43658000,24359.183844554922
42612803,25631.42584018586
48829802,79427.40635488123
45499801,30867.016821872923
47257200,25200.377249203368
43183400,35060.936806120895
46935001,44052.52253839127
44863602,51217.39647271986
44012603,62554.42836473948
47820002,22186.072281511577
44158800,56596.05361130737
44428403,30831.22085699157
44118003,37352.73454687131
49289201,32991.15562995629
45666003,65486.246382816134
44387402,48593.79908284961
44451200,60475.31042475275
46364600,58629.531450247276
49859602,73992.79896516909
41599802,33977.24090638215
45298403,39339.520907123595
45862200,34022.11478792633
48155402,29491.35393952047
44002002,16935.576953512533
49489601,47067.55176169655
47488201,48953.73345673419
41086400,33856.3172649041
42778000,60866.149461206434
44032800,63799.526360706266
42665803,34453.62176993853
44151003,26548.096029250904
48032602,30071.730313997155
45456201,55496.00324119944
40854603,45782.49862274643
45686603,25933.61918535803
41114003,102387.76114530774
48047400,63385.39049821109
42967200,47194.41922087369
42307600,23470.95208906804
46638800,57987.76286181101
49529202,55087.52980805351
46047401,92789.70725712093
43668400,34677.91549284284
42751003,110336.51160714983
43027802,25138.304730557862
47694402,33038.835815562605
49683000,91362.42860305608
45624801,32244.7067597544
48234802,44866.55958256133
44581202,43929.09262815598
44632403,56673.77971439943
41761402,76439.70091020317
42645602,26044.084201561265
42139403,84957.01032680998
47809400,59962.56584154575
49166002,42742.35305670919
45502003,26807.698903101696
45541003,51717.16249199966
43180603,57624.77094165388
47457000,84066.59000029218
48650000,45217.23760059828
43366803,45108.749803930725
41897802,15858.435741984307
42237203,52190.15060226868
41338802,24522.02475843755
43742403,42011.06874988835
49732001,54428.66281506147
42894002,28082.92594741001
41624000,31304.35304945372
42797403,53995.640696654635
46371201,48344.664210885436
47227601,25407.293330814126
41984403,37515.44060991309
45069601,33678.90143921228
46166001,50103.52874275807
44382003,40580.553946210515
45100001,41084.882492142344
42122200,73486.14976450158
47134800,89442.19576150371
43796600,40472.70580705118
41979602,14890.467799693739
45669802,42792.86962808997
46474801,106718.60805996736
44849800,50996.62251901441
47021801,28606.59196902152
45207800,68779.23026283881
44950003,30488.26768136696
46935600,36692.78929422177
45439603,18385.91842839315
41702400,29195.79288713794
48029001,52773.48031721143
46945001,24945.289380846058
48616602,86087.9485240729
46189801,73776.9755169531
43558802,34568.78013987693
44725800,48234.30972846719
46633000,52818.084865335324
44454200,41779.283919665344
41045403,82266.7659882804
45423401,36454.40590426276
44107203,60219.43540006924
43124202,46046.13469381453
43627803,61137.953507204715
42616603,22651.430176415062
47923001,41142.68123849289
49302801,58588.14158566269
48277801,30327.745964313093
45317000,61725.22447929629
47167201,35647.02565217977
46333802,93913.66778428052
41849000,21860.961872397686
45199003,38582.07062786745
47347600,26523.665596359428
47869600,40797.0228921058
42538403,48087.136200396424
42337800,35119.711371968275
44988202,38682.88677834592
49336001,35894.14607718953
46003002,62224.143850696506
43848000,40326.08987882057
49907200,66728.97141184937
42223003,39309.985552141654
41303003,16916.918637681974
47291400,28521.31879192909
43935002,134462.8433797138
43882003,22251.01268544895
45915800,54707.834261466356
41726200,42851.297410104446
43002200,37797.48798851893
41237803,24008.178307211736
48938601,21181.19544060353
43167202,37407.717918728005
44102001,81212.50115835309
45774002,53048.30261766081
42634203,94481.08169609711
43797800,31885.361088464837
45697601,31867.87149293968
44556403,21613.545676777703
46707601,52648.090414234415
45259602,73184.76196111986
42338603,64926.13613141943
48546602,24355.493537481078
43377002,63768.8122431078
45384001,36266.90831882135
43234002,40033.29415016843
42969400,46181.99544678802
41119802,39099.03375825675
47232602,93732.27631970924
43815602,39003.61291037558
48071801,38080.80217035615
44303002,38792.56526681997
43364603,27071.659235783296
48634801,60505.28571093782
48898402,29166.11875540572
41255003,23647.51120516196
49355601,55147.759810145806
43757600,39793.94665255584
43570802,83928.04512779618
41377002,40511.42176012366
41571203,56834.93743377392
46665802,56958.42415133254
46955601,37089.77367743386
47873200,49468.1045014784
42752002,22787.504757211886
45309800,40743.04126487421
47872402,22157.576087215453
48097801,23835.940613684932
41129603,31640.545075783957
47776801,93925.41480149428
43133600,28540.22257237991
43306002,51308.35386850053
49005001,77862.69120561532
44438603,38786.80837545303
43767200,33294.76880065822
45711603,32407.947670005036
43914201,50651.036660074955
41307403,20371.416367439426
42963203,43036.71500662119
47371001,41576.53911508664
43950603,51752.74227292958
43868002,27347.232200644597
46090601,82744.90581079808
47713001,42000.8230012081
49064001,43072.37700971323
47629800,35657.073900783085
44254803,48908.064322671045
47700800,58323.612697798635
41051600,64426.36289287494
45170401,27915.414532534534
43815603,119994.96742100386
45489800,39084.170914147355
42759203,53583.77889811626
44681400,58158.71705484041
47847202,50798.71529495914
44020603,24903.4647509647
43588800,25029.867768848406
48858000,42977.12969701563
48521000,92099.11460383973
45483201,44005.328223513905
42566602,51234.559652355485
44942600,43211.02216365571
41389803,19083.033278972052
48888402,49147.99612544993
43387803,39636.25390950312
41702800,66965.3537283556
49288800,103038.69056393116
44353400,95156.29817813325
46670400,58344.65498727367
43262003,38854.75995567493
45459801,28097.817935994655
41649602,33570.57714437839
42861602,21382.82944122461
44201402,32275.956275543307
44976202,40641.10232362595
44583802,30035.564048452437
41526602,34088.154595298496
45674202,36754.73761980447
47844601,47153.76270366616
48283602,38993.91580753216
41582003,25039.648209708226
43552200,83862.04009552786
46297600,28024.110548835102
47128000,79177.88425383749
44404801,38945.02455564118
44532602,81446.6687586453
41950403,78513.2333407556
46937401,31295.131025552597
47243201,37980.96024742132
44689201,32364.070046559755
45191400,26660.38975256204
43788600,28256.332876632747
44050200,30966.274549653015
41364802,40884.94873852856
48650400,43762.487266905315
49700601,34973.5805984629
45449802,23118.3445384993
49700802,68466.68293699696
45103601,46942.89616283742
41890402,14335.242032015989
48916200,72480.21331198336
46717202,68255.48169741943
41830402,18687.777416809302
43544800,33907.70513098478
41571400,46759.68741315992
47788601,36056.92839805213
46588802,36183.23544746298
42732203,26040.010644616654
45951000,23870.716343610777
49759001,35446.469234090175
46342601,57454.6456427796
44016003,43441.32088297252
45074403,70399.58694094267
45721000,60421.391892400905
43059200,40118.44420339924
49245600,49814.85378008539
49622600,89675.50381897938
41013800,40140.30140027248
44488200,52884.21291527728
40916002,55384.818698459276
43552003,50139.33702957503
46175401,127593.26238034104
45523800,54300.34624642177
41230803,41015.51997916511
47788402,112326.18757052004
43028602,50008.37319456892
41934800,74357.1302982128
43728400,28611.247864046883
45750602,52345.64572716235
43189002,55919.60873993479
44257003,32644.953047032497
44873800,41365.54950612726
47792402,48805.80743961244
42081200,36825.00738696932
45610201,30713.017688641954
48613201,19719.307864028233
41902200,79363.95637564441
45898402,32399.706310445585
47678201,51866.7950188977
45386001,80746.00716463632
47315202,33655.70054926198
47793802,38686.894625175075
44787201,35957.043652185814
46001000,29074.563395433
44891403,58131.02738628349
49242000,29551.146896588463
45491601,52717.60253472552
44536402,23228.128180110707
46192800,20474.372718558214
46076600,30023.267715547077
47478201,44391.111224648164
47003200,78349.18874699513
45525803,26152.60444756989
47914201,60143.96962429618
46444602,42006.75451165453
41370803,29051.32972932331
41612203,45000.128411456535
47256201,38915.17766936777
42946400,103721.66313275385
42543403,66328.38449032845
46947801,52166.60519535167
43723600,57256.39457066295
47730400,74358.85547366968
41942203,45323.95056184462
46043601,58880.91074628486
47740802,23569.880711913964
44281601,48738.98155623341
46436401,45103.41927606332
44333603,101246.79108857058
43881601,26632.537733318208
44437403,34800.83441539709
46146801,27163.25061710178
46118402,25999.911917622176
45227601,74484.70236358116
44765002,68929.94395620697
44985002,72618.8843339457
43755402,55929.67680397056
46351002,62372.556892225286
41719003,54359.509953522625
44843401,93965.57828076651
42984403,44669.302094195125
41338803,24522.02475843755
48631401,44570.240836219244
45850202,57025.64296618561
48233000,44603.549697898445
47281601,23620.195171524992
42857800,36587.92976619976
44821802,76687.35055645218
49568602,25045.062820734107
47692801,34872.20077087956
40970003,39484.850620007084
44529403,67658.99450259095
46328402,29719.769271345765
48830801,58801.90930594523
47030002,60777.93980007564
43531200,59775.30362874404
48441002,38720.37826462059
45051402,39216.558908736806
47214002,27379.826799417384
46721401,53622.475326251966
47590601,41457.474101262764
49110201,72736.55068830225
45191600,44188.288518687164
42311003,68544.92808053292
48410402,29980.359383208157
49721602,28381.293254633256
44830402,61829.9760486918
44511203,70276.81017239433
43474203,24759.959287403264
46708802,28308.27341124749
43565802,78850.53164282186
46639600,42996.31577984317
43086600,30766.632258489364
44237002,28103.336909890655
43899603,36158.33767756587
42313200,99805.70973445194
44390002,34868.80555904411
41947203,30133.95939614341
45537001,63713.05103414857
47986800,51826.401985297016
42151602,28131.438771365654
47461602,86570.21292820395
43629000,23920.57673581214
41864803,18477.059417769546
40994802,22127.57025998307
46185200,50708.8430560495
46018401,55785.158538329466
46275002,53082.40970277381
49356200,56775.01512335524
47171800,43469.25015069793
44173403,32271.074811128165
45589201,111623.83022401867
47746802,52584.95413016151
48318000,30904.26290108086
47193402,32213.12345405752
40905203,61523.003306262726
42847000,22934.63597141234
48523002,23650.408076251537
44984202,31889.82137502533
48870002,58588.059520751696
49859600,73992.79896516909
48954401,31297.70488769779
49841602,35267.17837511932
48303000,41001.47841535392
47551402,31673.015267567574
48864002,46745.741855836764
42895800,54362.872694710735
41508600,73320.29193881186
42904003,34841.11263000122
49292402,35015.026361823046
46595601,36652.02314874007
42601602,73799.2194391273
46535400,30930.60353821026
46482800,69613.86075491067
43689203,26713.12028517549
47840801,28524.635689654304
41443003,46760.833683143755
44611202,42131.75888718757
46081202,36256.58423433449
47336001,63214.89850298894
46434401,31576.835882592455
46090602,35709.15037852098
44596602,29205.620985561236
49026402,22740.916795970825
44895000,71386.27640774954
42863600,30879.851603183815
45139601,102516.21381973942
41644200,26865.22395451304
49632800,32114.87965456637
45147801,31403.588126362367
43666203,21668.915616904324
41678602,37166.68514894777
41959203,18679.571140895707
45332800,31285.42547553281
41957400,44787.84166649017
45274203,29348.782916117154
48591800,73197.52664015231
47995400,57138.98925442875
45730000,42796.5916163027
46776600,29377.093167542112
47477400,79625.9384939223
44062202,26614.487334034427
44205201,37738.67175196096
47105600,66040.57360136762
45932201,35819.69943024801
48486002,95178.01416300808
45792602,69874.44532006914
49428601,37574.35462781527
43334802,41153.537811390095
44739800,63251.92798380655
44305803,27372.26262628642
49148602,41960.720856343236
44257401,43486.06262496296
47331601,48728.751964326846
44221001,53984.16919416796
43580403,29486.248576489837
42567203,29985.54492679508
46673802,82056.14174660253
43669003,22450.66405851251
41640403,32307.76179746337
40858003,65372.190723984284
40833200,48575.154102661305
49350600,93266.77803732967
45076203,54027.44571889467
47147801,36320.939711891566
47269800,29562.65510989899
45713602,110640.12748217082
44483400,63229.55234268321
44973003,47242.978995601356
44335802,36781.28921484409
46049200,89672.2670389432
48743402,29207.448013879784
41911002,53883.64971645208
42655203,34993.53718667345
41698802,23656.449483703625
41179602,66063.43953135166
49112002,28568.751178502138
40889600,51385.38183498028
41941403,19641.74966757493
49778401,41245.66136121979
46563400,35225.754000955705
41305600,22286.793685862456
40809203,33701.797870854076
42953800,44527.10054113228
45062203,34614.71379188364
42170400,23667.437354250214
47695002,20292.25609874974
45263201,39049.08738143469
41316600,18872.592487960483
45152000,57730.58833848904
41930203,36149.99462647044
44453201,53940.85599113583
46457000,33018.07754480202
41211603,25710.44749700394
44117801,26036.416254179636
42193603,80260.47183539184
47616800,31826.83138366324
46831201,69775.82163462894
44229000,52547.724314450854
46952000,73174.02598946882
49832002,29490.544279927075
43374000,41039.97779900462
47271402,56307.8486219854
47287201,40385.046326754615
44194200,31516.924861126336
49352202,133388.90644909465
49658200,83648.95419182836
49874001,65654.6618990302
47261401,50058.982011463784
49247800,85872.21516288686
44717802,30947.323683442708
41318600,15875.39995602046
47622401,39730.380992668004
43886402,55628.34082783156
44601200,50006.67456645275
45967202,32972.68960089898
42305200,43801.543125210796
43624002,47695.77279495262
46696800,38863.843786703605
46710001,36957.92418578496
48808601,66376.84433500454
43168002,34644.334894369764
49572801,71142.19468749865
47478200,55961.914551170405
44228801,30945.873562959434
47710002,35003.66749971034
41161803,32029.83720139484
47392202,72258.7912384308
45660801,32608.310188397252
43410802,33593.011130368795
47747402,39432.28561528348
43953800,32166.464507683606
45316802,72020.6768739634
43797203,22282.50396680068
46217800,66484.60361776735
42874802,53003.217815737495
48138402,63263.49003470644
48860401,20823.208563017797
46579401,47394.749504960426
41167600,37006.59649576834
41496000,34600.20576494824
48382201,40284.18726545295
49719802,53166.41534877329
42477000,47315.94767145568
49001801,28130.56662410859
45316203,48650.25763197628
47329402,32539.6496393103
48974202,31874.62270969268
45214803,79984.55266664155
42281000,28468.66501564816
48551600,35097.66753274897
44301403,71605.0436151343
46961601,102811.12949109095
43102600,74218.75595226411
46842001,46847.996395347545
44246601,65872.51049220793
48975202,31134.09670031192
43576203,79133.07527677953
46116801,45355.89179195801
41986202,14930.192989306144
43969601,30918.07152549453
45833600,33331.68272472488
42243800,27331.420941943772
47493201,46206.83126310107
41136600,46430.09048066725
49303000,33795.19485346715
47860000,48277.746996416434
45524401,63652.37735868781
44205202,35427.317039423644
43200200,49595.25450229669
45107803,61974.45525968947
46616200,32995.10549487587
46271400,46543.346109679755
43276602,32840.80246505083
47080401,35130.968407828164
43996600,75110.96500354714
47629200,42928.70726299938
44713800,26208.469561770227
47541202,57764.98968893323
46689000,38955.84336771906
48528001,63158.649919770935
49703000,77592.35977599687
47320201,31584.243459506393
44661002,49147.29657974357
42260803,35320.180879568914
44285400,33689.222810190135
45552200,41971.97565546703
48113601,28148.52594174167
46440000,50171.691417852344
47391402,28028.566651078298
48909602,30101.703794346315
46614201,49170.908181790524
41613400,59759.573632573
47195801,45683.65855147073
43419802,39277.23292192288
45366801,56287.67152462251
45837402,29761.110409450066
42093603,73317.99005577012
46844000,28110.06711810638
46930201,50393.53446826831
41232203,31722.781212221475
45665403,61857.84451250558
46121200,90071.46367514186
44134000,33992.02588589239
41752002,47052.20898168123
45566800,34975.26680779672
47679000,53174.146371416566
42837603,26221.361765910875
42651002,31765.280330732312
42377003,53953.235570107754
47124002,27393.77912347416
44209800,29974.81922570766
42435800,39362.851246973805
42442003,49653.16816480433
47643400,25625.698033681485
41139802,30084.584808797004
47152602,30365.102068597524
45818801,60735.65901516628
48385201,57430.73766768497
42436200,34148.7724672624
41630400,21033.59772148336
44412600,71946.37828013164
47808402,22539.67661506362
42945400,35913.533245705476
49036000,20983.530791531048
44446003,30704.341741867207
42147800,84082.27322451906
42920202,39919.09917144265
47335402,26751.87288327404
49340202,61870.66778729264
48141400,86204.72069992029
48386402,58081.282098632524
47733200,34559.997247470536
41111800,50371.42197792144
46712601,27026.713328990263
41283200,18420.68371952749
40965203,101129.16054541458
45592603,32964.564643187645
44472400,47640.218487064565
42460202,85572.95079357573
45503403,89624.97469911285
41027402,58361.47907272371
47870802,104343.1969004369
44911601,45040.40059740507
47802601,28708.856346273817
44827403,29185.749632987485
41106400,44865.88001623085
46358201,36202.99588713083
46331600,42322.579559214326
48587601,72933.30842421591
43900401,50044.45646741845
49454001,41858.37780273577
44308400,24370.781509105298
44570600,40011.09756747843
44588400,126709.37871117878
44703603,30973.4916582591
41782002,17861.492993252756
41183600,40872.456149853766
45092002,33071.046500234406
44719002,35619.15724076739
44488402,32010.859524760242
42072403,51683.962583000466
49540000,51242.47825684946
42441202,47360.44019950715
49462601,27463.549200893936
49858400,49162.82837815305
45056601,61626.21406089838
46759801,24006.687640680586
44020002,43910.467014493195
47514000,25334.42171526625
47716800,24753.282933527396
47793600,83134.87136303361
49196002,96349.77031608977
48163601,31137.781432917287
44198800,77902.448863152
43641802,33335.738065511636
44423401,27734.7699882303
45500401,57504.08195246676
41882603,28894.352511632595
47376602,43330.925927198456
49751201,39958.62852064196
46073802,45739.31255502271
41781002,20046.664041232634
43566603,22244.68783052193
42821802,26276.10521025807
43334403,84602.23418996832
47553802,52596.79386069745
48860001,28603.73979653581
49911800,58442.08625021363
44745202,73170.80662700973
43216400,24771.581412406547
49418601,51931.94927172379
47226402,47531.39260278689
43339202,128632.00576175182
49119400,32601.72080005203
48490801,32978.54692695586
46703401,40025.96808729088
45538202,32365.06483373901
43219603,49307.503806435096
47900400,38451.873804508694
44576203,32773.74533228216
41085403,90538.81373286071
41727600,59719.48455786386
40857000,98044.94903205844
47685201,31508.55596559975
48969402,48184.35450821844
42030402,42710.780161585
43398003,66570.07937079361
48313002,69401.69971431799
41521202,63762.051966318904
45926001,49787.25893211844
48880002,56374.428620991086
45114402,50978.29028397573
44981401,33901.55004736121
41240003,32060.16185501384
48209401,38272.23329502425
43982002,39800.03519958023
48804202,28793.437064171707
42172603,37065.02587884074
45345002,76750.74684718486
45974600,28619.03429206691
44736800,97800.25555557446
43921402,42753.28312840471
45767601,37601.46448396397
45187603,28614.63666119411
45779400,42929.43764996373
48975401,65298.06089575107
47030400,48719.10862510479
40996203,54029.84788654388
45509001,38394.79377341975
41321802,14793.28261061515
41463402,30876.03397289757
44623800,29128.29370562081
47985201,73550.37788719521
46521401,37801.15461308835
42002002,64001.38196860361
46931002,40244.34759121137
43740400,60589.08243628047
47831600,68133.82788903709
41494003,32342.522586292052
49020200,30104.53561700695
43698000,39217.71684995357
40886000,34408.51362232033
45184202,22207.17032489022
48805000,69604.30782669807
46484001,50394.37274496512
45480400,68769.19387959533
45935801,45947.692659048626
42292402,96968.01403181661
48432002,69456.3432664531
44572400,126593.9750359099
49461001,45777.960219035594
47753400,56525.74677631156
41243200,29605.314016194046
44984601,36490.39217028151
41730002,38792.50890698839
42838400,22749.70849280938
44404803,60419.77738660607
47843600,60064.09638446801
49284601,38868.2455737418
45128400,31753.193707805036
47600202,73117.98105701042
42367603,44115.14722720856
45907200,78363.97181564824
41683003,27248.294436012886
44481003,52651.48147880691
42979202,41214.15949527665
44721001,32016.796427249956
47711202,27935.192568886894
45399002,84436.26200614835
44043600,22760.798133262153
43432403,36153.53703692551
41206003,43257.639650336154
47870402,51338.482555940136
42034402,51899.083446636585
48096200,88063.16337449665
43862802,44788.70278037356
45846003,91890.20009100562
48809202,20914.412905735942
48337001,54009.668456112304
41009403,34069.05927959375
42204600,26636.731766010045
44832400,83371.34287380458
49659802,17764.031837377028
42538803,35151.44514750851
43812403,28112.56394703792
44566603,15222.617440949529
45233603,57481.50099880338
42051202,58672.580138286656
47520001,82185.46599866693
41992402,20198.37052453603
41769802,61519.044681346844
41105402,69070.82335488207
42077800,22522.972071178356
48454002,31454.556817013385
49665601,30882.908877176415
49094002,66476.31934232102
45745801,48641.016373130384
44302800,24695.29078030688
43520000,25936.55829967084
47577602,25222.806194520486
46127800,29413.015054132633
47981602,29634.493971776275
41822200,28664.892175335586
49411400,38693.32301842844
48519201,28803.29718197318
47758402,49426.241611285055
46702200,23795.011709268565
44927801,155387.74187096138
42080403,110063.1731250592
43053603,40948.06982172206
46712401,56611.290277594824
48362600,39716.55902876725
43181002,35591.90892035184
43500402,62401.34802150389
44300801,28272.192732471478
42263603,78789.11735773765
41225002,30269.534473015752
42810802,46309.211668738324
49837602,55451.319444282606
48763802,66822.36572765165
45649403,29370.16506440756
41287002,26308.004919814623
44922000,90744.35191839034
44901800,28555.547841522395
47845001,59688.7708664674
47014402,47276.32090448915
45662003,22486.387267693175
46266601,69668.14430618707
43468803,33756.11640428476
46529601,81560.64840815864
45092602,44534.409328963084
40915803,20795.39872242987
42447402,31410.149071785894
49776002,26904.497825766382
46480401,72206.35783190715
45364402,87345.28401924673
46071602,33804.95669284777
44267800,30584.402068519983
41239602,18046.00906112369
46337600,51832.61483902059
47834600,19849.68998425668
48584802,53768.51046419476
47951200,39128.54146218835
40875400,30776.29731794318
49528400,31028.518983322014
41995403,30345.553551280067
45926600,30112.76767147283
43138602,43904.5617444845
44561000,29751.06503791485
45440400,39043.45291019795
41717200,78623.91609923524
43371403,52184.1667820688
44248803,34318.7305065057
41200603,72132.44305940777
44984600,44797.26051266479
47183200,41674.0549171437
46987601,46844.737930835225
42740000,28131.604500382404
48562800,44809.90420938891
41766202,26228.990241817297
42362200,85163.62509227765
40854202,80711.38990390964
48156001,63118.37581728499
47383802,39518.46473912095
42301802,26182.14550911967
46828202,33702.086485350075
47323602,42497.32102331939
49711202,37903.9808716697
44607400,85797.13892494989
48124000,31071.96316467139
48991602,26547.10018831565
45458201,47419.264298363654
45553803,29837.588226246942
46056801,91208.29821750335
41266003,26245.437671630745
45925600,28308.05792062938
41759802,69801.84512953155
41660400,30252.891851248783
48553401,34571.34874063765
42149802,35762.74276998474
45217802,57256.19569476225
44749600,84125.70102147809
41114800,66708.2002147035
44184801,38472.775446285654
47254401,30940.41660735603
42234000,48654.17028304009
41570800,61754.48245345278
45537203,32013.887559694293
45219003,48797.41101117492
44867000,55654.69488491583
45563602,49835.88003455432
48219600,65569.22994296583
46204001,25968.41308318437
47813400,44517.59492747253
41830202,29534.02347110958
46488402,55511.93175451962
40862800,49193.85461770093
41827403,19760.993584318112
45350601,41865.29915764473
45822603,43647.39847544444
49344600,28240.527545939007
43640800,58497.27012543558
42489403,99290.34132485362
48392801,50832.33382643091
46312002,47479.30975755402
44239600,57394.49747482703
45857801,31780.358152766334
43612400,21238.97334051557
48962802,73353.29119967173
41219803,31572.069253934496
41893802,36021.20867976461
45416202,74274.05256361095
48076801,54075.98463028085
44166200,50164.68497382707
41187403,46312.52541030207
42453203,37123.10619180764
44330200,59873.567336496366
42798003,28804.650737428503
41195603,48502.12090825327
44926202,44326.35217448892
44564400,30635.72652224526
49228001,47745.77651503811
47054002,28610.546413826185
44643000,39590.893986566356
41590402,50792.35203617395
44733602,94694.99877028585
48121400,63497.23090285049
46524402,66414.46718593108
46155401,117769.21090301753
43796803,71107.52791861522
44617400,24722.389984719604
47424802,37248.39956222219
41635600,18241.26450409499
41100602,25563.913631022075
43775602,31811.23193099229
47778200,27912.394837535358
46926201,34619.70518598581
46578001,23799.343333249373
45428801,58524.88192912009
41075803,56968.24115356287
41496600,58625.46557524883
40893803,55088.027446908025
41554603,59074.911259859415
42114002,64633.175291330765
42473403,35986.73608205899
41664802,25245.22246024366
46354800,37662.58273880833
43269002,32761.277856922854
48760201,25320.217707155225
47982602,43850.63583211314
47237002,64869.73822997402
46237002,49752.94000246325
46568002,54049.46058295374
45047802,105814.13366992562
42985402,63507.914394276704
44746200,57045.841876980725
49720001,33101.482103168164
48229200,46778.60534901741
45134002,44122.78326205003
41723600,76672.19495751993
47014000,62694.73237180779
48006402,34385.37145229468
46170600,48024.02971627927
41985400,17001.74449749597
43602003,55460.77448678846
49745600,71232.97871120523
42527200,59624.63872256737
44467203,62557.07690143247
46750801,33819.40509784119
44037202,35742.17329032187
49314600,35385.262191523325
43225003,39995.4339389748
45068601,46390.51286007613
44446001,34681.623691898654
44903403,81565.8445651459
43600002,42388.60539156416
42292202,33003.1169130448
44378403,60517.51437199427
47526000,45633.34432096061
42488400,55841.67922803761
49736202,115955.12641277922
44547203,73592.37062472932
42346803,47039.74754483839
44732203,33729.60480278378
42276003,34352.02267541503
45365202,65726.62359872383
45767002,67997.09185116772
44313803,44318.96604062156
45143401,80656.7057438359
47297001,54346.26662514446
41013202,102508.33818647228
48592600,73276.16558744026
45884800,45607.21829854328
45533003,42420.44361071661
49333402,31074.05100921165
48498200,13990.417713457184
44452600,59232.38378199041
47223400,95371.27096091368
43974402,56800.60088968986
43023600,39384.02600098847
44490200,37943.82256185704
44636603,45627.916823755506
48774600,65526.65921343087
41370200,33030.78588138448
48871801,32079.058230624385
42982603,130467.6042224925
42261600,27074.520828037377
47882000,39368.116281263356
43864202,69061.98963250044
47178001,16875.76672350662
46458800,54721.76436904233
40946602,60488.38637814659
47226801,39095.96694985492
45634202,85911.5623673805
41442600,112228.10756542221
46633401,60148.08612584023
45604203,47747.908809222325
45509602,106309.47828406423
41923202,33295.7179619521
46911402,56988.55780325881
48619201,84026.05945516404
43730000,24170.409228993205
49882601,26790.2372434033
48676602,69322.92969556262
47347402,36390.769772149244
46088401,21196.53917427325
46739000,77885.3185926851
49534202,52790.17390559699
47457201,37878.74230199855
41434200,102227.94844835655
46762001,52556.81508303043
44482402,114299.93054700596
42666800,28648.905715730063
47741200,26293.278242401084
49728200,36736.035897744725
43020800,70644.2190056008
43685402,23073.286944552736
46781402,34260.97586303185
45477801,72704.10348724885
45756003,48864.2290128047
43036402,46342.032354352166
45236803,103574.45193747783
49522202,46577.12053795362
47337002,68150.60701472466
43498202,28368.098241544852
44456202,87371.86202831888
44439600,61734.95875490444
43492400,32457.22964593394
48611802,30971.366349268075
49587602,46549.32196250035
45410203,37338.95489372282
45242401,115618.69304377104
43082000,28654.68290324212
45618602,72818.04113579028
46068001,46288.009639245276
42268402,48263.73389624057
41883000,48753.581778991094
48739001,55068.487577581414
48738400,40145.22143350041
41813203,33989.32315699211
44690003,79749.92299440733
45167203,22388.773367564252
45139003,26200.02959342562
49737400,36335.99639784367
41501802,38320.80337855821
46983000,36909.863567560955
41138803,32513.36606943808
48051002,35076.393404402224
41099603,24600.288747494345
48999602,34730.73947658108
49750201,38905.59449769583
47722401,41228.31444235052
41227400,37606.040066488276
44641203,51705.97344649285
46345402,70065.60161244159
42701203,81488.58418754206
42922202,37257.873184720986
45271403,52630.22150185062
41355800,21622.626748012197
44112201,46457.79287200542
44693200,56649.42865559566
47197601,60267.671421055864
43755403,64373.66853634231
41149802,26308.3958266919
42057603,43354.6905740406
47097801,86668.4967561271
42214603,112278.57010516635
48869401,45739.13630184587
48831001,70703.45810157032
41780603,41300.01153671804
43801600,41610.24770071814
45316803,69642.2639101189
43990601,32830.855982561814
42259800,52039.31982236938
41802800,29104.158153937195
42175002,44233.24502331132
48482002,43113.968547571676
43314402,20625.783363052054
42030002,27089.676165417084
47764002,30035.24991718119
44276200,51966.57139600388
45468402,107730.75058641021
44898200,45756.73651308302
45360402,45921.704668515085
43286000,41723.288974891344
46435000,58842.887945336115
47444200,40146.55785808926
46694201,39778.04161470561
42967803,37274.39513228629
46437600,49194.1406520832
45615201,25126.039156592276
47656000,30645.826640220163
47674001,92862.0619738052
41195003,62884.90354935325
49666600,37322.124062823794
45329801,48239.19829410155
47201600,50376.40495972308
47480801,37301.76294235704
46020601,65997.30775724704
45244602,42810.43604216635
49704801,94511.64292820137
43124002,44023.55998995259
41201600,57755.05903943492
44953201,37945.61102110848
48280800,76031.1759909902
46055201,37456.985146329724
47310601,32430.25480256782
47911001,36695.13813215461
42994802,33077.56903494061
41765002,31327.780743446732
40814803,52740.42226535412
48805602,25128.588313320957
48723601,77882.91674340247
45939200,89068.30081392964
42952200,53700.54967052208
44220203,64286.868280701325
44287600,32420.67148138244
41775202,104116.47699937785
47597002,74465.8420051469
45697402,34318.64738596552
48911801,33265.828086206486
41084403,35861.89614900569
44453001,42988.812348287196
47200600,108864.79561674588
44294203,123489.64983237603
47220800,49805.94232285367
44181201,51348.66942284359
48437000,29263.383771980865
45397000,50130.535064391624
48279200,31862.868139224855
43315203,44795.75215462588
45371400,69102.6251759255
45835402,62568.90842351217
42887400,30922.81868857822
41540203,44593.16214292729
46710801,38719.65073060838
47398601,50330.433414876905
49679402,43862.15246612609
45710202,74924.92062843965
43948800,43535.474563711
41768000,37967.61465125373
41937602,42638.81494215608
48634600,28644.596620480992
45074803,43848.94277714937
46581202,60406.474508839776
44972201,77161.02349641931
42394800,31725.35837602138
44751203,54231.446149159434
48856001,38725.54493740054
48775802,20054.287710521126
47826200,59151.26660746449
46907400,57883.88148661109
41328200,24802.554966057854
42121202,46890.98834627009
41036400,25764.59145362326
44344000,24219.329093205055
47688402,33156.559826645935
49860801,127885.63546938507
46511200,28531.94610710803
47461201,26437.510644829315
41226603,18623.656372341928
47296401,51934.707937640014
49028402,82249.3814090577
47356602,30819.371387216896
47044802,58193.9641638075
47119602,31147.926295880006
46902000,25680.135987023288
47544800,48789.29368582155
47312802,66776.76758994992
46682802,70025.93449739448
49552000,57024.30374813167
44790401,30877.772337290033
46323400,39042.237918472274
47329601,26125.09685831313
44451601,25957.896314809896
49416200,22859.403303029612
48797800,45643.80864487799
43833602,88021.00680112801
47844000,45964.11328648066
48512602,40830.70928136084
47878200,44652.31007023349
48243400,33629.785377218315
46440801,34775.47693172772
43939600,47853.206602799495
48861001,51063.981637382356
46702001,42289.456637783136
41012800,38528.348015304895
42930602,56063.0915947019
46895002,48435.79496269804
49816002,36419.46982415849
45374203,30878.48608998951
47200801,28369.83667914774
48748201,32721.06406496747
45067802,58704.47560387408
44826603,80893.54375836835
41178803,31868.89971157713
41253602,16526.82413605362
43127600,90338.03201282263
47251601,54654.18578543207
47710800,94513.55586138423
48288402,90193.59964671578
47073802,39812.535042386175
43002402,42128.174611685514
43874401,41452.9571488001
49945601,35544.682134240495
41939600,27906.0805126563
48861601,29636.594519573046
45344200,40431.95201640866
47316002,38310.26645840928
43549200,26406.819907288755
47218002,62713.45726029217
44207800,35619.01408832847
43636000,37183.55114040695
46329001,23375.417562903356
40952800,27997.0033639413
49446800,66594.50713149845
47478800,59008.56089759213
42180003,39905.305468418446
44044002,27217.640645532636
49109200,56862.58907289353
48759601,32190.730606885732
43954203,62792.16893510501
43618000,28207.575896173777
43799600,43276.69884452972
42424800,26904.5593805347
46772602,50211.16100139847
49139002,125605.5865248766
45270403,29730.773917526465
41302002,39864.8871396038
45225603,54384.65440293229
41023600,41137.55574450636
47682400,45887.0097734402
42576803,36784.47263413459
45591602,75472.78967224872
44852403,77581.12086516153
44520801,73867.90500845251
46005802,54122.13328940832
48051001,23325.55827375281
47670601,109570.55193667697
49833002,120337.15591229367
41348203,14919.461936891968
45083003,54571.28505671534
43772800,34597.151394707
42828202,73594.90520784313
44948201,50639.98427270255
48519601,49176.26000117227
46749401,28285.06477103552
41219200,38873.67366887405
49110602,28462.14549472594
45755600,71748.6616333121
41493002,58002.04959401388
42481600,75561.99878910219
48204000,85775.02144525558
41032002,85686.38000543958
48996201,24287.63163398566
41098003,61965.82132905787
48320000,35458.769127348154
46329000,32361.05207979491
44218602,35294.48328306082
49404202,28120.57097685381
47627801,33047.8266048107
49191600,68150.61865100246
44942003,88180.49987756979
44035002,105918.3537471626
48053402,22550.633889084733
41137203,28064.179236846216
48383400,53848.24690639717
49877801,75723.82757313795
44431000,79976.78500157406
44739601,42847.41298096221
45036800,66310.44863080417
43283802,47447.46263244105
46823401,38483.64375170358
44156200,34598.09332057882
44122401,69779.3343267472
49277600,70452.57042660513
41451402,39042.72010204292
48731002,23261.641332242594
44993603,35312.8943044545
49147600,29303.09709460986
43815002,25768.220778071005
41861802,18950.112021513625
43568003,38955.26388221199
46130600,82523.96164735305
46973201,51529.10139593946
42441000,27443.917752459798
41160403,57401.361286946914
49686000,54124.345123924984
45654201,49087.37302782715
45029403,37851.97899334243
45781201,81153.27918844945
49832402,40715.53305589423
43210403,25484.096559747984
47716400,36277.43814957352
46846002,36806.160519286306
40818803,60466.90292406637
44297603,43195.17088047486
46660402,36026.56020158978
46696802,94306.7078959774
41474803,25393.734563439095
41135202,31488.130869149365
49739200,60741.97741828346
46587602,50056.47309705783
43226403,28673.328931053093
40812600,39009.59860048731
42441800,56383.6144837389
44505803,82249.89728860877
47926402,93522.28191234212
42149203,64324.517211556835
44510002,46572.05023149819
44637602,34318.22455917068
47449201,51753.09040451705
45118803,120989.16932072565
46855600,40544.37334552082
46088600,84312.60787689798
42861203,25602.99889259814
47820602,23109.22902483376
47869602,24360.0680865861
41925203,96164.09176566244
47694001,35644.604390627086
42849802,47844.95360009216
48379601,43503.20320477483
48402800,41440.37800878281
48067800,29336.178425456288
45260601,41563.92378905064
44345200,33581.69014983163
42930402,89271.50012849829
44819202,40563.26526935486
44178202,19050.62563267303
49387801,33933.775126237
44659400,28731.41098668446
42190203,68824.89288445513
45050802,78284.12147936065
48577800,58523.59093060717
46959000,129377.59191158209
43122000,60202.0111208854
42136200,45820.83320155668
49795602,33809.3956693909
43617602,71820.1582496501
41128403,66762.09272643937
45848603,58010.448642866795
41554400,42697.80430954112
48843200,38095.206892820555
42554003,31493.349595205167
43296003,57342.33031083077
42491002,38243.87548086977
42165600,48544.2240004966
42198403,66319.49763207871
44387001,30960.966972585913
42795003,34371.50018542765
45640800,70005.27147284536
49222001,40267.799771655154
49764201,55242.713833155365
45311403,97147.88540683943
44946802,46632.90040161535
44342801,31715.27477607076
45969600,65869.71539373594
47935400,32401.63293725666
42912803,66753.50211732795
47538402,28853.71256860267
42520603,52051.60917822269
49078001,27872.737220720297
49193202,78597.08262977097
42269200,40600.419778041876
41914602,27376.24877628708
42492202,50441.93169461194
49716800,25928.61993924419
46196400,25558.451575423653
46122400,71357.76387285099
43638000,74634.36849880454
41655400,27181.93705003073
46554801,53011.088471484065
42668003,33266.58487506906
42904602,45833.00206499209
45302403,90095.06127978492
43323800,28219.31195105485
48398602,56904.03461237506
41483203,45700.0333588359
41577802,21191.65962593077
45402203,63341.90817969658
44854601,78166.1947643161
49855400,17998.5673009897
46365401,21130.384279966638
41689002,58664.835958498916
40832800,78255.94063327333
48405800,24485.819723554217
46015800,27793.141715465837
41384602,26408.678723034824
45804002,36752.85381390203
47574402,44597.26151203973
49072802,36295.75317680834
40991402,32572.86795558904
42649600,42111.330470860965
44527002,49282.60743085863
49271202,43661.43520990222
43061200,115895.0122331595
42300000,74036.61368558004
49688401,42454.65874915317
41100000,83204.87337460372
43876400,38349.522540831844
43338000,32420.02051458081
47122400,40135.215972687234
41573002,47847.09248311779
44551800,29738.599044902774
48731401,30011.298170267924
41103400,91730.1855776004
43117400,46739.145376102795
46967201,34761.377204469885
49853400,51785.237308979886
44359401,60129.93390236168
49052801,49581.19839084807
46459000,69383.76845648861
41992603,76561.23854237408
46536201,77448.24893887328
48834802,37592.10369345231
45136402,44332.5086172992
45834401,37159.29616487851
43462402,45053.12600321527
41763600,60001.5267554263
49722800,58132.544459677054
48814200,58708.3289004179
49613802,68163.70088519459
41072603,41078.13746978143
44222200,50539.089453399785
47951802,80138.83954740183
47064602,55047.662758551385
46754200,76296.53120683733
45691602,74130.52457107858
45714800,28190.021313272395
45648803,115781.84059677325
44528600,35262.48881372565
41646000,30528.513061760725
44569401,72874.99879162981
48242001,37087.285321881995
41159803,38738.9897401724
42872003,49769.35450125876
43238802,41000.903784817914
43741802,52018.669518570656
44583401,20274.528631531706
48436602,52697.0439990016
49565801,51575.870971338525
47657602,72865.57522500111
48161800,60064.867033507115
44307402,37049.30204941169
48962201,33272.94470763465
48052802,70581.73904897958
45943401,58206.62998908044
43115402,80535.23182808608
47950001,46742.39109217747
45494202,53774.0715047205
48398600,58580.06190688963
46603601,68261.70525344806
40973800,36561.239842018884
41552000,65435.46199398864
42673803,41652.45868730263
43586203,35144.1189011668
41132002,62251.1464187149
45424601,40215.535314107525
46718802,32817.14068835868
46916200,62307.11810457971
41945400,22931.8815192708
43887802,75115.41023168158
42432400,27945.716012962268
42519802,33914.00056572592
46433201,63341.94443123391
45407802,65479.62150589055
41828000,18135.599080826323
49699602,46276.206610685505
45627202,68304.87188002969
48492200,64469.00224376983
40885000,39723.89062626513
47090600,38208.81078115388
48783001,43553.732085143616
43229602,28811.741612324997
46007801,47292.184144480285
41261403,33776.106018755694
47532200,30566.034975811493
48109402,55392.69430305924
48146600,31250.85094706252
40911602,28291.580059985597
45505600,65372.83620176411
42515000,45969.65197276826
42870800,46596.44034948499
42836002,24431.221470313954
44497001,26907.76982035905
46208801,48633.26021680414
47892400,36174.03693748653
44795003,23919.13451701849
47791601,22730.81144721225
45668603,40031.74004885169
48473400,45433.30915436787
49252600,115637.06049279709
48074602,25994.03065066079
44901600,42577.92952745369
49062802,119056.27919617116
47783400,26783.74500667275
41821002,34165.16891629973
48771000,73186.18631655544
45150403,23566.804057582547
42267003,65239.24306700813
45116401,21971.016807078122
48402600,38163.84304849294
42934800,50247.261599944264
44693202,15570.697307723574
46167601,28556.51675295806
42472602,49660.89168291306
46747802,59633.41913537076
44133602,47809.073723259185
49248602,35222.817128356
49376402,60676.43646000404
45967602,20590.050296783633
49492802,48116.872142795306
45209601,49526.468037121995
44672000,46355.66118357604
45968000,92993.13735767518
43747203,56535.9003020869
42066000,38557.89072243435
42441600,37545.048040247624
42539402,46022.93979016009
41920403,34147.930083432715
42491400,36833.49044621083
41908403,39125.40007800452
44403800,51447.83454833417
46058000,26573.69826976378
48007000,49281.03554234268
43539803,86014.70860336577
42830002,67415.01198771273
41473402,83617.28207611639
44965201,34851.098168038
46584200,44951.498628971174
43913202,27449.03975976641
48550602,46914.92755797337
47181600,77367.76158182096
48803000,39034.10520023167
41329800,28267.02238992538
42539203,64174.575600465454
48135202,86969.27350340405
48576801,26181.80763222243
45288201,26631.391218335244
41381203,16681.68071922608
49479802,42616.296387130606
45986800,64237.55418162429
42489002,56890.168824474866
41918402,19335.133774601327
41604802,95587.40658481336
46178000,45911.123321104016
44030401,22797.491353065623
41209802,39474.582558699665
45982000,47009.678820532776
48252002,41963.94849865576
47593400,24991.417109976108
41752602,21551.88133171427
44616601,24010.330984240616
44828601,28311.890527189298
49830400,87758.8456198439
44989201,36426.691445827215
41248400,15175.999689102457
44274201,57273.88568863334
49648801,86647.61902897226
44445001,67802.92967030118
47085401,70820.69486294623
43311202,39067.01347144838
42929403,28602.300113634577
46446600,19652.049080068173
41856000,13926.646127726943
49531401,70799.41642366866
42249000,55442.996608441834
44072803,40428.28711209131
45449602,44905.409850225384
49183202,63050.03696091116
47796002,106927.90918870145
48010002,34098.12152038487
49297801,78620.8990810224
49803002,41636.61237823555
45632600,75840.19738552102
47208000,29690.664251663773
46912800,34421.72340471776
47583000,55561.438873775456
43746403,36124.37076959257
49408001,112342.10849461594
47648201,33316.152273994834
48340200,28516.315076985342
42760200,35347.693480612936
45206800,43040.31179230262
49802601,31432.449933404536
45769601,32436.054263272694
43476802,35402.7056504838
44059801,40070.91223637554
43476800,67847.04232476414
45194801,87987.71556985201
46167401,28838.894530976748
48058800,36258.81385351806
49784602,125146.18186181158
47820802,22052.740149872505
47851801,36964.4113101691
40959800,29702.634707489895
49811800,56477.386144317155
44243003,46465.44065454958
41936203,32462.063681553296
42633803,23465.53055540518
41327000,25321.76344186951
42451800,50327.98629331461
42007003,39560.336361335234
41129203,51672.774277517674
48755401,29501.444208050638
45803801,41491.797945460225
45235801,68681.28136869361
44624800,60745.54017865104
42168400,45140.958321569124
45820803,22776.315611250036
48689600,70015.50069333756
46905000,27883.32265165766
42672800,46281.93210385604
46805802,30414.24129198842
47104401,18502.230716073354
43140402,26534.411026261765
47731600,62447.19139389173
47315802,45115.27310888617
46772201,29222.913901297212
42684203,60978.276228248425
43932002,50796.28788699397
44753200,48996.66320353881
48110001,45853.34636074809
47755200,37305.572354339
49116001,30847.1011420448
45331201,34258.61151605754
48570200,96507.07837629468
43407603,33729.85285003736
42279803,41601.65906533231
45964601,32249.745530460295
45082002,35313.67991789218
41199000,57993.439773010505
49171002,27716.393175159166
41254800,16796.98748504721
44990202,84443.75660496455
47793400,39747.78955604698
44889402,42290.983276715524
45173602,46073.266719048894
45801600,44513.581915240844
43553602,40730.99507937105
43327802,53342.03403672396
43355200,56391.64494804134
43014402,32038.850856503563
49978800,73451.13081382182
47120001,84795.15823732423
46146601,24062.827849715017
47366001,70300.75543819151
42553200,22577.886473301103
49704200,21722.66893356657
49427200,39699.381609781245
44001203,49934.00735783384
48603800,100954.57280218521
43044400,61089.16653244985
48256201,41273.79495196996
46061000,39899.96633011635
41225603,20906.05622028091
48393000,62564.41608903452
49617200,34569.24335264479
42469000,26574.01374087707
43660403,59148.15307771684
46230601,51340.396479322066
47259001,19224.822153841575
44513402,36384.3050921712
42652803,28866.836726831327
46728602,65947.2994869978
45432802,35086.19045605129
42479603,55439.198836840354
41257002,16692.776838811536
42017602,55983.442668187796
46041202,25630.29927492413
41720603,28454.41638176975
44541200,30097.051707636663
41617602,59690.10090723225
42063400,29577.634109767183
41032402,97212.74897777727
44742400,16859.95654386373
49495601,46383.28132115149
48083201,108910.8050076181
48041801,83560.27699683982
46159401,55020.32165000966
48046202,21085.754732042333
47729800,82902.70551108615
43722600,25513.196242199076
41829802,32590.947301718203
43028802,42169.24218521838
46342602,23357.645611921937
49560602,17297.90417637512
42757803,29329.898221611566
42941803,53975.824567191885
47019001,53759.41147173023
47635002,28863.56538489348
45575000,65305.20109450619
41237400,31575.294405751996
41262803,15977.16368968605
49181000,39403.51745647593
45448601,28337.000003224784
48847002,40088.46676807456
45495403,32780.812087050144
48845800,40966.216326560905
41829402,19633.894396518666
49319000,53032.0918137026
43204200,33899.85623301803
44598200,47439.98888332521
46156602,51447.68625449197
49072002,55015.12561493899
45419603,75042.82213254568
47724802,30421.22395758505
41829602,53462.133407206056
46646201,60085.26731105224
46312400,42935.54726268372
49777600,36540.91156552567
44908201,83778.40827854557
49242202,104719.2778554192
45321802,49561.43934383556
44938400,46598.46501656922
41895003,35959.26144395926
47237800,38988.51231858655
42131000,30073.60258138159
49934800,29597.216261182417
48260602,89155.49406166458
42130002,58704.178184735334
48677602,40903.12840947361
47966201,38135.922095226175
43502603,34111.716672028844
42840803,14008.263981623375
47524600,80992.04970895045
41918403,21483.523651541524
44419602,30125.821818360517
43760403,54046.55544400175
40934002,98081.20655430105
44788403,134974.7545285152
47048202,25711.968314324928
42749402,41837.8150371436
42494200,93392.3979171934
41306002,15604.965937025187
45883401,81906.37074533521
45827001,29659.53273785139
46335201,91657.062412658
45086001,100291.55443577071
45056803,64183.26082997447
44917800,99002.98043378511
44353600,76422.65611783597
46298200,60426.26030957838
43191203,32312.52229194499
44046201,75055.88627989624
47068402,35635.64554016927
47504000,21400.64204604689
43050003,94100.6149459646
48686802,61867.8713776528
42112002,51108.13245095653
44074602,80973.1119021983
49254800,51366.518281628276
41126600,27062.980780054695
43736602,49964.76800143277
45772000,75832.54954360363
44747203,33057.917481975855
43038202,39348.0046342299
46135002,27035.290449410353
49244601,33251.62574716641
49839002,79834.16190003695
44297003,37882.04817693567
43302403,58431.62154756342
43740603,63909.40612716313
43039800,35196.18216442416
42711602,31550.02655819164
47444600,29397.268454772
46776401,48279.09610878572
48533402,42847.18490003621
48371800,35658.17657734183
48832200,41493.59196123974
43373000,22757.086221442212
44541802,34836.92715073514
49925402,65961.22286419134
44763801,25017.203435880212
42739602,76285.41837198737
46782001,65673.32606011104
47908601,78588.86635227271
46039201,28564.44521204003
45138803,33517.446741363456
45118802,120989.16932072565
47018802,78442.83844012168
45865000,33155.67395536664
43855402,69974.20300485249
48870800,31695.207453209772
47327600,83375.07777474324
47204402,31453.57035627806
48288400,56126.48565866428
46955602,104321.03977106724
44628202,41508.384577158235
43847400,31975.29934571128
41951203,18836.99632329967
45559202,39208.13334333775
45287202,26810.990956301423
44617600,35782.823708089556
48491001,34078.112442628
46374600,77695.66892153391
42144802,45035.35508351412
47632200,55169.5491385708
45826600,38516.64673932937
44082401,30233.235482528366
44038803,33340.67863663485
41855603,20321.045173914266
46244801,57493.978085801005
44377001,24290.96692648883
49504402,56865.57224456035
44081600,37791.32059848723
44036402,57969.34304245077
44028403,50142.36723234562
48737600,116049.82470946352
45851802,42483.82185061115
42878600,53128.449880100314
43339000,40656.80204403132
44891203,40885.7073141973
43016803,52351.35681103793
43698203,18379.28153342821
44903002,116756.4635219479
42750000,31032.82894644614
49925401,54820.04239501707
43531802,43639.88017943248
48210001,75717.27917787597
49869000,37109.95798039649
46307602,38489.526236981255
45125603,43036.67505544995
41378803,15638.07305458569
45967201,28856.020887790517
44953401,45747.84055193425
45930400,31216.558876011855
49397000,61465.51170931734
44735603,41827.83423504299
45210800,38717.16392331863
40902400,28202.0855626983
42373202,84092.11264904025
45640202,30010.481588900337
41827802,65619.50019547198
47421402,68258.79505907478
46748400,24129.548061623547
41917602,41920.142906079884
41089200,48135.65817017334
41377800,16334.074926528441
41648203,36226.662643418946
46705602,81572.08176464919
41015402,37234.92325538198
42168200,65209.708882079045
44076801,75452.12034124674
46300201,49584.266856631904
47192002,20310.010641503733
48925602,44250.935560667705
46073600,76165.98200756851
44930602,47416.84407063345
49421001,24140.00147740968
47118400,74405.425926638
49756600,54749.1731411788
49025802,41618.88138361811
41168200,29872.384066031354
47472401,44744.63646766776
45223400,36692.704594598144
49093602,38549.80604628504
48537400,32942.375780360206
46127601,31139.603222145444
43877802,64397.450020344775
42237200,63427.3088644496
45560601,23634.56258352241
42619600,90822.20397325995
49410200,30050.39746705365
44494403,45908.805084491265
46742200,77814.9937022907
40858203,62785.06570773498
44022600,47194.28307790688
46344002,108404.90617959463
40886403,39093.0156100685
49352601,42054.15055643461
46438200,72599.16596845994
45591000,33392.11526981095
44155800,27491.596094846744
44470201,47554.749028958315
42287203,80307.06353296062
45193400,85611.83593897636
46598000,56403.25000370725
43210402,23173.601136133384
44570403,59080.50468796956
41246000,43412.55520932545
41793003,62126.588061484144
47626802,42988.11815134035
49055802,27286.961323253003
42676803,56420.28133601772
45220201,111758.68638600137
44014401,47577.710901764134
41754203,26030.745210627287
43922602,38654.12896432567
45890000,79150.15194106963
48971402,42167.09363164859
44000400,34031.05599587165
47993600,58080.49693757459
41820402,46927.20222624123
49119200,48944.30724359769
49647202,45694.76918638785
46019602,21606.43405420746
44717801,95755.60976793262
42514800,26309.671188273227
48376000,54952.11985483055
48001802,40547.94590774435
41573603,25075.667884712595
42445803,24736.135516408627
49734601,63508.512005223136
45228602,37019.31561129463
47943001,52548.63070368683
43701002,45140.352855836056
48166002,75348.9892186994
49444001,69763.80485473685
41239203,30529.546505567367
47161200,82530.42083396211
43206202,57622.714200638104
49770600,39921.803082602244
45407803,41217.04532787688
49051601,23381.298259107705
41587600,55448.96390303379
41889803,54317.94730023643
45354803,51610.50687093402
44257202,38225.269922986634
48654201,92621.76353560016
47641600,33972.828807497564
46788402,65270.23230644644
49331201,48732.958169263846
48172602,31668.142373711355
41228202,168172.9976290892
43449402,87967.75367167323
46163602,39017.69443642442
42731002,30946.95840898895
48492800,97253.28043833055
46439200,33727.26878183481
46500602,32894.77075883404
44010203,33125.94916267043
45160000,69543.22424419422
49758202,51075.99656157585
49184201,140024.57384302502
49563201,32687.47043957225
40978200,59260.632482314286
47193400,52370.23172336883
42802603,37446.27437807578
44334201,56751.2309399518
49917001,29988.452317628402
49783201,30047.9787780175
44569602,25253.68809791216
48970001,21868.38308499224
44771000,30067.218985692398
45375602,39935.204619983524
44884003,106803.61141614405
46530202,38380.269813528765
47303802,50680.51544223387
47453800,39993.311665728674
49113801,47838.013474708
46124400,46336.12779400887
41829803,67587.4467939774
46890201,35399.74229969914
45526603,41607.32076215171
41762200,75905.4729643898
44296600,37285.42068934438
41654202,45653.613779004925
45320200,53111.61457499969
47509201,29816.648488656316
46703402,84349.37544499955
47169401,114672.99841990076
46312602,46341.81314018116
45497803,120504.7295049083
47312002,26959.866094027842
45056800,37408.37404399343
44416601,30423.63264428016
48510400,34363.09257496699
42527202,44384.877735885086
41208000,93655.39118322595
44050002,72651.66987674341
48547000,33363.90034325689
44130001,23213.72750269934
41480003,55857.285031131905
49114002,33078.85590171494
41590203,56326.55108347833
47526202,24769.769403213162
44037801,24421.280130907562
43050000,46151.30402120856
45696201,29290.849357404448
45957400,41781.051293376724
41954400,33750.87176955129
45904802,81498.14659393864
44673201,49558.64504439954
41011600,90741.28837984397
44627001,63938.62659262507
47749201,18689.79275026433
41290603,33171.54240957936
46483201,20354.241242329095
42547802,59293.04433442141
46585000,38813.19461677773
43935003,64552.59667923979
43271003,153190.03717238587
48315200,37682.207161468956
41512002,71819.2699791591
47454201,37102.92842325738
42471600,73049.19827013618
46515800,38142.826581753405
48405201,54563.730793667964
47193201,92826.8432187296
43710003,83728.81486820946
48385001,36335.084416536774
45626801,21881.78826612385
41924402,33079.43405119496
47539200,105384.44317215632
44471800,34115.92699998347
42617003,39448.96442891421
45424202,45912.192049482954
47493202,38042.10931261017
46042000,60470.974910635414
41241200,29169.71053307582
46312402,42935.54726268372
47842802,26157.630434564024
45437401,23291.80469534527
42467600,20813.665389396643
41005802,39227.75418244089
42924203,35077.28848602079
47513600,35378.62970250459
42897602,83049.10636074339
44811400,47573.10136097783
49241600,44920.49748480124
47111400,37191.49098159583
41134400,34290.89695447897
49201201,75367.15356745376
41234402,27137.954971305346
48605600,43025.79263037498
44597600,30679.49766807696
43997403,50587.2547321269
48058400,55355.886199429195
43700602,29104.583078236406
47093802,58889.03244380816
42894602,42877.05748542937
49475401,32933.51901020348
44029400,83251.36207671507
49876002,48504.91713615721
44253600,39203.12351237356
42190800,64154.50236678716
47535201,40335.70143729592
48735600,40068.64307411192
43581002,32785.334259774456
45149800,56696.05073373059
46850602,36043.95511497772
43520600,53467.62055245768
41568802,24266.355754789118
40949202,60725.7953197204
44054801,32206.30857707405
43917403,45160.64591588777
46987201,71855.67259466
48318602,86863.29251390471
41585800,40120.49596432027
49833802,45492.30755334824
45734803,40633.78304945127
42653602,37282.14700027422
46649802,76421.19603198208
49161400,30912.465444627713
47541001,25728.917839176745
45698001,84842.34914943717
46312802,45648.081050903624
49776201,46538.32350570615
43144000,41155.706469861994
44377003,30025.041838392754
47390600,98586.12489136496
49269202,70847.90942249694
42572003,23828.82593432027
42223000,43036.64113714343
44462000,31377.668721915375
47965202,33135.20848068216
44925001,68985.25788095636
43672602,56674.248152537475
46289001,62070.326211207714
46938400,48654.30714982237
48455000,63815.42700537148
41647800,35563.7737124281
44564803,40908.604438609145
46699002,114916.33994630184
41516802,46162.959728163856
43926002,39735.614674700424
48051801,42911.15831683933
44591800,51709.89846755723
48352202,25504.57554228834
44532401,35463.84250801971
40959203,83012.79817410347
43586800,60005.94103278553
49955001,26149.7882641509
42274602,59951.69769530091
44156600,48728.50371110753
41262802,15977.16368968605
42797003,26642.674143008942
49426001,88739.99530498289
44742802,56680.05198213714
42319002,58731.97618113163
44654802,39046.63462429199
43092800,26300.21111004643
45343603,96616.45394206929
47205401,48759.96702828283
47366801,32562.993786605493
45894402,82978.13844412552
43450603,35694.178703501224
47399401,37256.609430269855
40832203,24239.242840249957
49209802,28557.979505077034
48644202,19895.49306552947
43684200,68226.31701162783
45822801,52169.91287317077
49574401,53649.783688061485
43651200,26202.940386299935
42376202,29086.60688429251
47726801,28329.481456847774
41603802,24458.83554431144
47673202,40992.36929594944
45119602,120120.81356473855
41245400,14074.065192651822
42152000,21381.12861361127
43031402,33469.44832749675
45183203,25501.72522211058
41983000,26620.866250859268
49740400,35930.27071521399
42109602,99056.21751618883
47030000,60949.60603060175
48536600,35832.052563699326
41903600,79376.7854653964
42150002,52693.07311964659
49515802,39963.72140593715
47818600,21902.484665448377
46764002,29377.107501943043
41867003,18488.234420947396
45377001,22581.814760008725
48268201,95391.1218709714
44707002,78053.84390436336
44471003,31783.11860852176
48073202,82062.75199213269
42602803,41673.77586500505
49509202,65478.10249820209
46808201,34035.21113525517
47146401,92195.3269415773
45213600,66468.25771295854
49777400,81176.97388035314
45299601,73064.14120898086
45933402,58399.6867396605
42067002,62105.47056983049
44222002,97723.08789001613
41970800,44101.84834458759
41531400,44639.99248906379
45743801,45811.6375997598
44523200,24378.794004166728
43512002,53767.92787283152
43739600,45353.262463437444
43184802,21572.650885259412
42781000,74201.9496917683
44703800,31312.19090481067
41756000,123883.86975214732
44547603,40796.05796053118
49437602,64266.663042024105
41039203,70300.0685410223
43720600,48234.726934654966
45069401,42324.48046855832
45752201,94411.76764626104
45989201,25063.365577360983
41098200,27159.084554980895
49190601,28400.94726744168
42302400,48389.56167099119
44131603,32362.427537628435
49630200,72808.01488459946
40823002,37874.66010418658
42407400,27832.350158116544
45637402,33712.538426422805
43856002,49136.34322432252
43137202,43868.42996411586
48866800,22400.735708448843
42602603,61720.705906324314
44205800,89381.31980889029
46357001,44451.064732500556
42562000,38472.21424946526
44688401,22356.508625319333
48325800,49273.17703430512
45678403,27404.30661035437
45977800,24687.753906018163
41423600,37846.070095064744
49546802,48518.20259167084
45394001,57935.36956311906
47429000,62455.36914239455
49206402,78272.76704241002
41012600,43232.01341988187
49241001,33873.93039387701
44633002,36968.48050211065
45129001,64789.88497380486
48767601,22169.068441466996
44755603,42643.17159456596
45421203,27283.400631217468
46057402,80788.86738458807
44739001,73457.92309519273
47619001,95151.83050768918
42760402,69427.68091877295
43535002,41183.905850950236
44932401,20327.30175481408
46166801,28290.384795961487
40952803,35876.115374483175
41366202,16243.044556788303
44630600,28129.740570727543
41824003,61434.14639607224
47686800,43962.03103829776
48006801,59218.5238677006
45182402,36992.12809113371
42874202,42280.38344697296
43004202,39094.44863062327
48496800,13815.567351367217
47717600,32040.55841689049
44495801,24560.45586323914
45287200,37375.104327804635
45967000,31649.336003333545
43655002,50664.907522043875
47922802,28453.433549716996
42594200,26905.441425849713
42168402,63656.03499726958
48949601,45091.477021581886
49041401,65557.21854566623
45665202,119042.75421900884
43995201,57211.62114149145
42399002,32123.94356285634
44182000,67633.80980943564
46556800,25629.056566983487
44853802,61538.80428129864
49046001,42635.23128032553
44527200,74075.6087377352
41818203,40674.19033188654
42879602,35453.27006117606
42957803,45841.14498264237
45432200,26172.07239771221
47972200,35849.040744384816
43516803,28103.63565810335
46459401,49802.23914836501
47727400,61815.95066804277
44494803,42901.18166716488
49161600,34257.13592796915
41956600,66032.93652574373
43969603,63468.15133094411
47284602,51054.33362504096
42207602,33007.55382704989
44821202,80114.26937432181
43998201,33288.329410958664
42181400,94846.6429652194
47752200,83990.43992856969
48566002,48853.75078559696
46683001,33274.525585597185
47089001,27843.661176673002
41168603,38299.4695688332
49898001,24063.484461887703
41525202,56660.687596441545
43322000,58374.18764609541
43699203,35333.42990373116
45518400,20241.26581817358
46808401,46692.96631634162
46430001,20104.21583817132
47462002,29466.224572588177
45233802,70664.92744107208
43134600,97331.12821311477
43921000,41596.70170729957
44183000,16425.368291330633
46252402,61542.72832835524
45557801,38602.2635598179
45535203,34390.25250946943
46067400,41075.2683888926
48341202,36326.754052614924
48704600,62558.215844056176
49176802,29209.292432218037
46867002,28010.89609411382
49199800,28796.59874658392
48149602,30864.747666151667
44737202,76216.40318508026
40861600,72018.05990716032
43987601,32566.516706419257
45405202,50964.49824882334
44907400,56707.28314027202
41379602,14833.404239256473
41774602,65920.03501279575
44497000,52109.45568355677
49529200,52203.19296401382
47748600,34411.6667038391
49370400,115042.47031532286
45106000,45531.79911281706
43422203,45957.06013176831
42261403,44161.25225008736
43189200,31983.386031439233
44654601,30332.104184513693
42041202,43539.16282719308
48517601,31793.511112407738
40844800,56230.49375790237
47011600,31106.4887389448
43237200,32508.519888255127
41289400,34447.42616544762
41294802,19510.93130332218
44593402,37500.69301316077
45058600,31616.55614864014
44227401,22682.36724546078
44672200,26394.362718861958
41331600,35626.96530373404
41713200,22454.226398352548
47493000,26891.32120258776
49100600,58912.07151648925
48241802,30806.23457694666
42498202,51475.289696668326
45802400,38264.30177372231
44355600,47722.05927516641
44501603,21127.090383162853
42145400,41128.81317482628
47958400,49276.0507977732
47157002,27212.197579727064
40816600,76936.02421914937
46801601,37101.758584227726
44982601,49972.200993727296
48909801,106603.5406236684
44101201,28597.220230599487
41258003,31567.66421304668
46199801,42930.00450858432
41727400,39574.62541673709
44434801,25707.24181012468
45182802,38735.10764341281
43280603,86101.81766716289
49779402,71849.43007877501
45516003,38549.9152723978
49884402,37847.81773583673
48091400,25405.56414812774
45822403,37053.0579298831
49820600,52388.6783865912
47120802,26912.027742157134
46281600,98055.80518269542
47688400,75647.9819289103
47458602,65906.6147417383
44728201,41324.77251040348
46938002,32344.27367007932
46063002,62261.94474440017
42718602,32551.642355353022
49105600,60834.3836021035
48163202,45778.85174274817
43977003,81517.1717377764
46390201,64876.35624505434
46353601,26493.202921052696
44227602,26112.898874396808
43392402,39534.486460965876
42042203,119354.83688216079
47298400,72019.93056559203
46438802,66232.77148627916
49775402,38917.19733283983
46667001,35811.03732964626
41250402,13388.920026883194
46091602,35401.6106026302
40961200,46477.30942726114
45570802,23681.566393599926
49898002,43186.02449974051
49988201,71625.60583139278
47483602,23030.52523868436
49081201,44857.72259235355
42807400,29113.767095745534
41991200,35335.793300219535
45317801,28641.52989828547
45995000,33193.1225736952
47211800,49437.482259950004
45549800,36588.02881023312
44648800,24929.746626841803
42956602,73762.68027405873
44279000,51385.20815991851
45843603,66818.3085328175
47949002,32402.168670901785
41164603,65987.6931270258
44178003,57425.77629880657
41470400,26784.89900338045
41992802,49538.149662214775
45721401,58936.953298546214
46522601,43635.01602413611
45379602,65392.67931489745
44694000,81750.99609825274
48982600,30390.411713200752
47825401,53718.40352556457
44015400,31823.5987589976
47739202,25136.647525228822
46068400,43105.65229163983
43827803,74387.52880976873
44473402,62480.799534161204
42094600,45106.30172420608
45612000,80194.40941487138
42171203,37809.218963162384
49766800,34840.236644327604
42018402,24761.03069548474
48351002,35174.39109395014
43021802,39768.001818334626
41899000,109534.0889106939
41358203,30653.69709640909
42714603,30854.30850069103
47579601,55772.73026435518
45673200,48472.21185598746
44648803,33319.65382549432
48911002,75803.90702941557
44008401,48318.81813220589
42974800,31524.787734804082
47531801,81885.55452795704
44947000,24898.32231122383
46412401,46446.7482670495
48977801,62061.9338840025
49366000,58511.25816605876
45279402,49604.88766760378
41533803,63138.65557946371
47008802,37899.98099028245
45669000,27832.077188433366
47942202,47007.140048888934
47914801,39525.342752129356
46554202,32967.76131310647
44926003,48482.64845939546
41162402,71005.92232556455
42697402,68595.47082398282
43987801,25770.8873841302
44667001,50920.23663582614
47701601,30396.572608364968
46713000,51844.21684783565
49037201,38370.77063704591
44977600,46640.19631488751
41616203,46216.920302065686
45057203,41955.09561141492
41478202,39129.156214083276
45556401,93510.08006530865
41105003,67782.05108256327
45265600,41852.39753103821
44225600,73411.88354459667
48284402,58090.29041034355
43802603,54418.76619407179
44257601,37907.508590094534
43174400,99123.28805248205
48204800,35090.43647852385
40991203,28540.0954403228
49671801,76972.65975734798
41612403,28162.70658338259
49281001,37664.78825148553
44861403,61428.76008835279
43185000,76522.25640483359
48393200,35274.141035610235
47773200,46818.52069787809
45848800,46833.64490291225
49077202,31313.16238083919
48949802,35452.55914634189
42767400,35593.56454125636
43251403,38867.95464350362
49728800,50491.58967210132
48396202,32470.956103914414
49384001,42229.47597649867
49501400,62556.19503559351
45122801,67680.2406868772
41600002,36637.65605154107
44809402,28762.951993878858
41677203,28759.872080983518
44623801,39976.82040405811
46871600,76009.77840982478
49516800,45766.76112540088
41719403,78345.98661769784
41162002,55417.54513344951
41533802,47126.50360206564
47982400,37436.20615548193
45732000,39746.70213698003
42086003,34314.78092909844
44345401,34689.137128285234
43408002,39271.138090657485
48766801,118542.14705455364
42098202,31946.986138239314
48327600,49912.22773541014
42533800,40526.50182097973
47551400,35319.11395672468
45990200,47494.219746184615
45553001,47763.90379267936
45475000,21885.33610074334
48110802,76107.01117621742
49141400,116345.43252299113
44163803,53786.16803402269
46703202,90608.42077383412
46627002,40000.88989520784
47029600,22974.973412948693
45391202,29706.764177160345
46178802,46406.46224500242
40815602,54418.59871706437
42287602,47039.93913540235
48684602,56919.49770135017
47632402,85541.3164256192
46962801,27539.438813297642
41659400,34552.305805020675
41675800,31716.15291914792
49555200,73304.65743214886
45635401,42509.342228161695
45122202,123943.85590885946
44873801,123062.62982094745
43749403,31781.663033766352
48997000,33897.5615810918
45951400,41313.34588740861
45705000,37496.845124422085
41882600,54388.63405480377
41502200,57335.828956164936
44363203,42106.94776314052
49673200,36420.55548475754
41985000,21574.819989048232
49674602,87000.67169377975
45620402,75408.20085148669
49440001,56410.85088311635
44015800,32197.60199401431
49354801,31455.020213367803
46509801,29081.43694750115
48188200,92174.32513262672
47602402,32203.543661475058
43736800,41017.56218730301
46073801,42015.17465045777
45454803,34784.742197496715
46185801,60421.391892400905
44352400,25967.847997303794
49088001,67739.96614036639
47835002,18162.416180007644
48617400,27978.997235730378
44290803,37064.005238742764
40985003,67858.23133602798
41017200,21556.04695625114
44388201,86426.22983203798
42501002,33076.26563612283
41183000,32683.00768808261
47765802,59600.07549399038
45775402,37167.54766423773
45642203,32731.54237251593
49492401,74186.19060360889
43240000,38843.16844021681
41696003,51289.66085339216
44280402,53360.33432478021
43276002,40521.21751902048
47173401,61917.20109146994
49329801,68841.02115858263
41589002,84737.19571151023
49688800,62086.181036691436
48600600,103873.05086407863
45040602,83585.18492643227
44244400,32421.49769945881
45086801,41868.95252381619
46096402,29690.50810510933
44732200,21757.250533806422
44209000,47449.78445016374
46280602,43822.01701861288
46186800,47609.43645509192
46155601,26967.346388465878
49509602,26347.510644581496
46703601,26583.93869076094
49337401,59506.06481336378
49289600,27587.903829722138
48033801,62566.02581121575
49781800,34773.83361846215
47330601,32630.2461399838
43981803,70945.90966897571
49854202,114326.07218647895
47685602,68807.92223267244
47502602,96258.3029443714
45256603,43811.182704351435
43993403,34155.112984787265
43788203,46904.70027735108
41549602,17977.95777182017
49313601,47079.70267570427
48383201,65048.66792429651
48390202,62333.150569105805
46120601,34982.8008341643
42287003,51898.4976442025
40917400,67497.35582846803
41271800,27857.98960047478
41043603,35475.75635712989
49910400,99890.58530138055
44336800,38275.259302541184
48404802,54160.94301183943
41205000,14694.528510146614
47315402,94617.28909385476
44301801,33950.3346180441
41690200,53248.467595813374
47230001,43132.384610420246
45635603,36016.12744228748
48102600,25891.215205943427
44248201,24358.188097785092
43570603,39857.366250837826
42324200,52349.67716270762
42953000,36353.46745933933
43368402,33321.836688587835
47554201,30003.657119374227
42728200,46640.81429589708
48856200,41137.056350023755
47987002,32717.265051651655
47473000,45817.746483769595
47311802,70770.9652479345
47338401,32044.049882342704
43163602,24709.58694431449
43541202,63577.58159388102
49725601,57213.39227366751
45971200,51141.755637582326
49199601,73171.39883491145
43072002,39487.279708905386
49138602,35401.34304445215
45985002,25783.855865227193
40844003,45363.24826956471
49181200,36539.662952606675
44847000,31858.86251633689
43262603,36372.21267697908
45123400,53897.80276549189
48279201,46434.70962782054
45445200,40543.18975528322
44508600,38126.28228553681
41123403,21768.541981523445
42890603,81530.33644963647
48557401,45153.91372276542
46891802,68306.66663422508
46840201,31363.76171445087
48875401,27963.854841444452
48180202,19951.55977942607
48978400,73074.75586466606
42030603,52074.452140891706
45852201,38016.035697432606
43254000,66000.55473182863
41800202,69953.08445205315
43078403,56094.50507427707
43621603,44366.39444328293
49688602,37984.44395231044
43717003,25354.78480264932
46244202,49580.297801700995
49812600,47900.70691999784
42616400,26165.965200572868
49821201,22548.894935144595
42189200,84432.0888701694
42062402,51999.37160995439
44743400,25085.76467675109
41051400,50370.40168314245
47483801,24131.914701937607
44090203,41500.86108257801
42316603,80925.44303901543
49872400,36688.20265591506
45940601,37113.7235950479
45420801,69175.89334840832
43158802,45750.93552482108
49772200,31042.53260874924
43353402,46338.26326669792
44114602,57547.858141817414
48399001,57480.27538002314
45179600,47310.66305861248
46173801,59196.62393664894
47211200,21772.025122585834
43985801,57323.58048722535
47086401,53642.08913713183
44503800,25214.741159718043
48549401,61578.94087826902
42857603,23963.249386939915
41574000,24990.347289682617
40870400,62123.063341837216
45195400,92815.70593345843
45991801,59252.129788692204
45597000,57853.214106703745
44174203,34732.11533351983
49474401,40608.18984201982
41155203,60758.32364704387
44533800,54995.98750216273
44683200,37806.25256394252
41536200,21507.065113741253
41453602,25240.351553114895
44741401,38446.912920074305
44520200,72912.02189179385
43422200,46451.88672324435
47874200,31579.385490649547
45856003,42971.50580829587
41268603,32966.28085499051
43758203,39261.50752378089
44956400,27551.52828620354
48738402,40145.22143350041
48905202,28656.930327116013
45104602,31137.367252251526
46443601,48944.31185738596
48582001,94977.17426900101
46948200,100844.62007911014
49460002,28053.554525485655
46848202,56690.929509480105
42885400,39175.16215587059
44496600,46048.46089023582
46666001,80582.8580654089
47995002,42258.00790736843
44729200,40236.6077773096
43272603,58663.84925480881
46485800,57650.27644476672
47740000,20583.412982190213
48883400,69358.61320437606
46077402,51903.886125990604
48578801,45393.617616223535
46735602,32940.15664352432
42979600,49412.91647099101
43592203,51353.317079896304
49636200,41003.4701125741
46291401,25265.505747946336
45327603,47117.69658594554
45210601,33762.21704376053
41223403,20281.99475949864
42569600,51844.935021255274
45135802,55020.129956022385
46696002,35855.45442740501
41485603,73263.42446253031
43380403,58658.49968333109
49210200,51937.438189361725
44721803,55327.517008520874
41417400,74747.77265991454
41957602,40914.36449676802
43050200,53452.06498269837
42921403,110767.68382910328
42419403,57217.622032268686
44547003,32769.387848748505
45730203,26401.234994916533
48310200,52569.72471978377
48959602,85601.381317829
42925600,22983.49416142599
49748401,48047.88630746266
46871001,74592.6711915945
47309801,48008.33284406877
43804403,55142.90700981331
47556401,31808.888968961826
48102202,22171.695015881392
44477400,25303.420935064867
45777601,28009.035168895138
49281602,24924.943504289786
44872803,52354.895689146964
45085803,42639.57419673828
45428403,65433.48438294222
44468002,60129.163530708676
43671403,48704.93554078548
45396401,35957.16927829214
45501000,50447.799547888746
49415402,56867.954624385966
45087403,29487.94897091189
45050800,22939.641151162996
45528201,28742.774570493002
46824201,65863.03039911363
45260003,45367.610337278675
45669400,80722.48012947402
47106402,41350.2480452255
49188002,21479.71729377209
49542402,104798.4970660516
46516402,49983.408960484616
45471801,57942.24927206066
48565200,20648.28543908169
48014001,43613.74852249971
44379800,36664.0645314939
43472800,30082.556293788093
49745800,78725.75950093543
43417602,111994.707572584
41255002,23647.51120516196
47218202,33603.93269754321
43174003,28965.421465871063
40990600,41952.83555750375
45203403,31931.950963935695
46472200,24930.140122192435
42473402,62922.969236234596
49321001,46582.23440886762
41624200,78026.19862133705
45180400,14555.308318479694
42941000,26474.003962260536
44929000,75031.97808561113
45689000,29431.537930131497
41579002,17406.57656826767
47128800,46720.15285517373
41386400,30993.529277749225
49934200,51353.525397207864
45527801,53593.73404274964
48481802,27071.004416474967
44859400,47826.25132031621
45341200,31624.707625565414
41407403,25531.67148062316
48396002,48172.20321249272
44073202,34437.365620682125
45933000,53268.649699603186
47666202,43009.16802853536
47989601,81236.03036768112
43828203,28349.59711753716
48569601,80559.84017851618
44974402,77987.82782285236
49992400,80649.82703118534
46199400,49196.797509591954
48040400,100870.62519376176
46331001,30893.868828223054
44628401,23974.063470942394
47162800,60526.35547851977
48176601,20675.982115272844
45826803,25486.54958249433
43907001,31714.902214907797
49157401,43313.108923771004
46241001,38868.26945924098
44401602,100765.17987466065
47061200,87764.51677098605
48812200,30900.748334428616
40842202,37094.14291960326
46095600,30108.21344294667
44689202,31434.667892054887
47429001,32045.86215780423
40846003,50187.86818972311
46442402,104801.7083320932
49265202,29961.25440573827
41954003,41399.58906773317
47318601,29988.869456600154
41940003,55525.3000497727
49205200,32851.28564276115
49772402,30175.096621734887
41191203,106424.35508116409
40802803,27760.40116180575
45884200,35684.37910009376
44530000,71392.42344014555
47808200,22004.288318525098
45263001,24556.719308076783
41152803,28199.62785158145
43685203,38283.68814442822
42459200,62713.56944209956
44988203,60458.99491399784
43658802,84669.0168430624
45067002,82399.58927890468
47704200,81601.28797042211
47812602,23396.684536307937
44467002,45422.81763802567
44105000,61899.29700582256
44986001,71783.20348114401
49759202,27947.604222371046
47072201,87059.83682030879
44492402,31809.245483808216
42842002,44882.4690663509
48793801,121909.00415108739
48482202,59507.419676459824
43803403,45156.89897268138
49902000,27387.021567145657
43988200,24160.34242443114
41112200,33615.3428778166
43283000,38803.39449719675
40955400,99891.04910690125
44212201,79964.90430910171
49695601,38990.812030947076
47530601,59135.17764871302
45485003,74333.95901374717
43603200,41373.08034027264
47652800,24267.399318352192
46698800,98581.26550768141
42737800,29836.32799405615
43252603,103402.51754523662
42346802,26561.62237152629
45194802,86777.3944947623
47878601,71718.13820059069
42406600,40731.14580612509
46078800,88718.24807456735
49152800,38462.84776682701
48912802,26364.07733446142
41298603,18273.58754376486
47199201,49875.03526037145
43574200,28430.453946070083
45385403,50841.89936094039
42257000,32102.522524024185
45236201,25134.748800590954
42809403,42857.94763125876
41754400,36929.92094915281
45826603,36434.072565427225
49916802,35193.97841544325
48963600,42822.486913924404
47021002,54911.76146358966
44046002,40941.389479217665
46799800,49046.47708898754
42252200,32776.57206394408
41243203,29605.314016194046
46642800,36762.04992648744
43641803,43299.465346925805
45846801,86835.75054686045
48910602,37118.24592323668
44646803,43281.21519641835
43984203,29494.567146956728
48752402,58404.30487770157
44605801,31109.44109202267
42082003,52458.81292736558
49225201,22428.583038492066
43718203,64485.2712439958
49498201,48764.06289497419
43315400,28945.38848113542
48592601,71973.7977646454
48834600,63940.87488718552
41182603,42468.09684504984
47051402,27248.29128761684
46370000,55148.172756202795
41977402,26910.62300703891
41843000,52136.27042761775
41680403,28957.96421134111
42337002,57349.423119090214
44710600,26264.996284639317
43717803,59576.21666931733
46096002,26167.449505784498
44360002,36461.85787851305
41301800,39864.8871396038
46099601,89496.98400722683
41899003,91500.48458139884
41579603,27166.015254235463
45545401,53848.31605832285
43797603,25163.30721992917
48651400,62806.48727794971
46339801,31860.96600167504
49563802,23120.794363311743
41737403,36800.15394463087
49412601,37052.641551027
42385203,49125.67059954871
44005800,35525.67055988556
47054001,36336.83611004648
47189601,40425.35654793801
42545202,26913.342729911776
44679802,24458.426865862013
46519201,64878.25832803764
44145600,24262.325176361985
45703201,39434.40104724081
42572203,45884.870645270734
41749202,32280.64168287486
47927401,47282.4987656048
46485401,29009.47546678459
44592402,33513.68699980201
43269402,25334.29066887141
43073400,62150.59409290912
45257403,29621.41301742408
43244602,58509.242966617945
47368600,60339.91720136103
49142602,60696.707410747134
46021800,39752.91259320963
48357402,120480.66091630133
46165402,74402.71559017745
48580202,28484.57345848374
43043602,32314.769037420963
41720803,69738.90371198009
42909403,46311.37449167742
44205803,89808.51819340939
48367801,42242.67221925291
47542002,105530.53280472732
45054801,40323.94321884473
44848802,61167.71365424606
48686000,57759.85730223693
44942200,47687.53099084966
47784601,41508.077656154994
45478603,41827.79995383413
46361802,21366.921196686522
48104000,32383.749800638263
42724002,46289.06674445944
41341400,16226.406426092057
46820200,37002.18610410935
40902603,49922.171255382855
45567603,46567.192078194224
45787802,29774.892725876154
47787600,105410.07902264544
42025400,36324.459937332846
46374801,86030.9295306218
47668802,97223.95422417895
45948202,88857.13341841755
43437400,47421.83228671664
48057000,41220.382954198954
45482600,77279.00156398187
44991000,47249.92681434701
46669600,31145.383702158524
49630202,23126.24974355786
41122003,28497.251731704044
49677000,48130.7385605406
43444803,45900.59561114358
49516602,29335.18027047619
43926200,37300.02411923897
41175603,67314.57070360743
48479400,30817.322584514823
42791202,72901.87155367652
47317601,106920.3826643084
45098401,56778.199785559205
46423801,15499.572908998283
44687202,49651.82297004511
46649201,26664.930489713475
42810002,59672.45397323064
41266603,15765.393124896196
42008400,29432.566138059952
48747600,56868.34594030318
44208401,21987.913933251788
45153601,32751.437595849937
45344001,27346.44415447733
43302200,45116.54487716838
42631002,57027.16923165639
43955203,53455.699154936425
44435201,30507.668888245862
42010400,35408.603051533326
41465403,67388.34417563716
46280801,65442.413760869655
48375800,31224.21780380141
41263003,30158.209464572723
41216800,23359.40925173796
46809800,110037.37371476371
46411002,43228.30484944265
45143803,38457.63937642106
43225402,28724.459744676176
48974602,72689.53023740862
46479602,45664.11208735084
45608803,36289.768078988476
45310001,42328.54005032618
44693802,34579.388812411664
43320202,90868.49488483305
44651600,74142.42530545703
47054600,17095.32852814494
43158203,71137.17107725494
41798202,59854.98220817544
43802002,42995.23300473743
41205602,14696.014737761157
42450402,38677.748579765735
44912000,45880.91488608713
41218403,29592.507142139963
46982801,111156.79292020891
49494401,31076.521632930162
49194401,38268.199816802626
47532601,67895.83526611516
47631602,31602.52963944782
49986400,27297.00692806156
46570201,49312.198811858696
43866400,43230.31737480337
40999403,48565.3994785328
46414401,78864.73888012004
41124202,26138.111629512692
48720602,41214.63701122857
42539803,30113.482980005487
42808802,112270.40871869754
43856000,38462.18315988555
48838802,46904.260803315774
45327003,21822.06097544703
48421602,88157.085636108
44047402,37671.288624382614
43681402,42194.887481443955
47273802,42577.2127765944
41810400,37060.46107898933
45109400,43634.1002110501
46791202,84634.48538516296
42960602,28633.612508175585
44259003,37727.425212217735
41044002,30031.629330210904
40996200,28134.476893734714
42454203,67211.55653928936
44858001,33099.089629464564
48864001,25692.257004101564
47309000,35996.31688525275
44876600,36427.73471225739
41677600,54756.59672770076
48640800,26303.850469055258
48771202,75074.39650060382
47502400,63433.16264372259
46174401,53413.78875812429
48699002,70080.3682238176
47669001,55228.42179878882
42686600,33397.83582725347
43884000,35280.85086028152
42272400,35319.89859218871
46177800,39695.352549613206
45840601,31454.1029395527
48255401,25991.258370207226
41631000,40934.6445255427
41865800,24438.645434072227
49948802,69856.4346600368
44875603,22677.312324640057
43576600,83927.72202679435
47433001,33173.82970034312
48343002,68046.5046637976
46344201,59516.00785652641
42997602,54749.037232643714
48745000,43462.56971018858
48694602,31398.71739342837
48763801,64479.50459898865
47470001,122405.68594715452
43183602,54953.89914877759
48288000,26261.74855234682
41619803,31030.88525001297
48067401,102264.61895440178
45103602,35688.89971630296
46019400,24133.539493530254
43129402,39966.1087570208
47221002,36277.838682963156
46537601,50398.22204174992
42425402,29297.56244914041
47085602,49949.328010836034
47374400,45390.08925198561
44868001,57754.56492602793
43766800,59166.78326739064
48402000,37941.517492145285
41435202,24636.02930764315
48899002,74605.87756487684
49027202,28014.19678129585
48590602,39458.23863752058
47810402,49325.102885828106
49989600,53356.72951046893
48490802,43626.87937560784
49885600,61777.298436668105
49312802,30792.72996329944
46046400,67338.85456543925
47112600,33972.276613975795
48005202,55865.98053942166
48448202,52747.47147334341
48367601,64989.48089332421
45108800,35014.46189329039
48596601,90466.81600842091
45564402,40836.14044229037
43804400,84424.97161717358
41726003,41637.04849652172
43605800,31011.402547839785
47332400,26912.415591920406
47823202,28956.649023738348
49283002,35855.26143516995
44738200,34871.1909565993
41631602,13839.019692924314
46790401,87973.56137324029
45462201,34366.06017667994
46075002,34446.292355344245
46430802,22409.361932250617
44119001,28652.677007406666
45513601,41174.06477553024
47487002,28404.30697972802
47777002,45054.97002850639
49833000,111203.04905806683
45809203,43801.31594174308
43165800,60853.44963096745
49344601,28240.527545939007
42394803,51853.38840043157
48813801,113873.37830460763
42928400,35924.69600068882
42113203,39204.18005586221
45730001,42796.5916163027
48487200,65898.76837954107
41048800,46853.0762790697
44955401,45898.31712593463
45207602,37871.25933135071
48976002,39374.4893007594
49399201,104209.80851625746
49686201,30910.209621727332
44632402,54072.98550978269
47717801,71502.0282932027
45117600,52346.08585652813
44317200,29486.426613135653
46863801,27065.016878026603
48527802,31420.9399557648
47215801,28385.696252977552
46971802,24957.69773375956
48499201,29010.18538747588
41116802,41694.360652684714
45407400,41070.94746348587
44919003,29303.181041350083
45251003,62746.46200673059
42969402,29780.798210135024
45530201,61754.20549850024
41890200,30065.924154099645
43280202,63422.36304399729
48873401,25412.33231593447
42401203,27396.59508043854
48049802,30024.37439879019
49214402,40357.80153395161
40975802,35259.11430480522
46541401,55259.19439775412
46291402,51487.34239748276
45687803,26963.801790269335
45739601,35610.12856219725
42753802,73882.50449749218
43874801,41594.052776877084
45159202,35144.80593576507
49124000,39407.64814749404
47058400,57197.55470687693
41569003,22770.782696772036
42199600,61174.59344900835
41139203,40338.41522373925
41618203,24955.373919885675
44095803,42777.38862796143
43911001,42395.197798756286
46945801,28312.67631855654
42382000,32729.668458858563
44186000,86236.49419785498
48110200,42638.397478810926
45234003,92250.66134366365
47119600,60776.3530886784
49938001,52855.96234418716
45640803,37236.3056571702
40818403,50218.27082017252
49266001,20527.454422513285
42531202,28269.56370373603
46239401,53093.938631541125
49125001,74048.88517254166
48080001,20092.633532007454
44871801,111860.10070897215
48124600,52478.601819997435
44681401,57268.94713454942
46016001,37820.582386945294
43562202,33430.30653819052
42726002,37039.0421360413
49901200,32066.98048734737
45342001,31821.868384330603
42732403,41668.0935967057
46811400,26327.956003683717
41539202,24579.221009076886
41705800,69375.72167546127
48125000,74841.88387969813
43866200,61845.86717377674
44967801,34388.91185433607
41130603,43735.35462511704
45492602,64952.77020984969
45060201,42020.979979206364
44412002,44876.68310002222
48936400,132369.45836431498
46573801,32632.380065781697
42989402,56542.844699890506
42972000,83165.34223221656
41804800,32826.71967560707
46738601,32274.602699981155
44505603,41041.09002874866
41959002,28359.719939978604
46031401,32031.2273561631
42857402,60724.584422934444
41200802,77417.35993352941
40832400,30425.580167886535
41879600,47750.59099236201
45285202,43612.21434896105
47001600,44743.073079657894
47956801,71923.0636779705
46835801,53432.99277661684
47742801,57418.48749260398
46417002,98228.32477268498
44665801,41776.67207455995
46210800,50808.954788773066
43918002,43739.02311641352
45463403,54609.873346952634
48163400,24452.825104302396
41302800,21241.937965852347
41662000,35153.51092592526
44369801,43373.44184423199
44210401,75017.98966753016
47270601,54210.715414011655
44644201,51589.83878654105
43106802,64720.80242807794
41443400,28351.006675175835
48857801,28331.38403595284
49259600,76951.46155912481
46061800,44660.141874508336
46273602,87575.00936145896
46603000,44041.53342069478
45534000,38946.13107894098
42918203,41456.70834361362
41882203,55278.07971140345
44773801,26975.941104338624
41124003,37399.72014107974
44928200,50604.57055844358
40942402,23630.820772786807
43722603,68595.8755908407
44879402,55713.95231642838
45532601,66317.966817411
42678002,41580.821184635926
44819401,63047.43609531336
46187600,49315.81869699044
46476000,40982.1584656717
49363202,62728.88646791041
44942603,29277.58557829194
43109403,36066.77353552184
44894201,20274.52418611517
41669600,29529.7518806285
41432002,62758.38009539671
44763603,68396.43063153257
42689803,27376.24877628708
49490601,31605.595161110654
45781802,62463.02324011377
41129402,45337.284315981975
47859400,36754.11233427665
41874800,46704.660659004694
41639600,21520.612266323424
44906001,51458.12984142746
41230602,26549.39935999353
43163200,72854.83697836194
48397401,46524.2006520002
42660400,36164.59154441068
44840003,81035.17348148701
44136200,103537.60166027083
45051003,22790.34872485208
49432201,32765.951496543268
45158201,37680.34612495422
43527602,49935.961920369555
41645603,37590.808556607866
45459002,41438.41810279472
45823201,36752.97295148917
43892201,35227.12224210103
44414002,48268.6940172698
49182401,30191.994266549926
46959801,39694.506093300675
45762600,30628.25370190775
46027800,34405.82478330591
45199403,41485.63866104594
43726400,52229.91410593585
45059000,78654.57666360405
42058600,98486.3688426588
45371203,62389.53576135388
45823602,36734.29642374952
41937002,16930.11239507131
41230000,28160.410880810676
46731201,43593.419517024246
42236803,46484.96796972446
44586602,81340.98938796179
43126000,15153.142404660164
42408003,43434.25191431982
46366001,84785.22020620541
43658803,82083.68073138736
45447803,74825.42696558629
44779003,26625.606450593088
45707203,35599.478877328365
43185003,37882.28153281016
47581202,38630.7833251477
49648002,44572.30607657575
44552802,44799.26803700558
44044200,30395.75109928679
41168203,31118.355870663974
46222201,42405.12713267266
41848200,47211.52790577175
45419201,29152.863087805963
49392600,39586.04322492382
44072001,44861.00173571056
43266600,32704.552350465703
42905003,53415.649397635236
46704402,28577.454035094044
48826602,75855.48828148544
46194602,51687.59222028777
44298603,24159.89334147131
46038400,61056.11623403026
47601602,75996.3629600603
49671601,25046.957326676038
48166401,79696.4599005721
41073802,71672.5783690533
47154001,29423.165650734732
43418403,36086.62576222738
44016202,32561.191343009712
42641000,46460.09911243487
49699201,74153.33903341998
44050800,82795.50128920832
46864201,47794.96717400021
44881802,59622.47153354184
44281002,31113.833997803602
47891601,47197.72915259911
46816802,23948.11119361039
41757802,60068.89931546982
44686800,34582.069937524604
42479002,27995.17405697664
47292001,57225.183583191225
47794602,38466.32581803146
43784203,29575.609345579483
49099800,79686.76300568764
49860802,21341.083131233176
46059601,21187.94179927029
45567802,41794.54825030534
45694801,25139.268926576617
47988201,86783.90806486878
43992202,28861.173234636473
41565600,24480.804550607398
40874002,35107.58402830996
41667800,52234.59365973827
42373603,42319.23279372497
45625602,64400.37605567875
49043000,23736.30262593975
45223401,32933.067098782376
46642602,52995.08134908293
49064002,41951.17231141337
48835601,59803.0717725087
49658001,45058.9572664916
49597402,28740.612274440722
48782202,42409.066155706394
47897800,27595.199128365948
45789203,57882.10923747763
45257602,98330.37998724788
43378002,27949.00524624287
46381601,29514.134470152672
42855000,18308.122387851865
43336800,73905.30485669234
46829600,76791.9593426234
41003202,32052.17006338133
49703602,24717.78091934736
46465601,64443.16908461948
47472402,61801.48355699779
46115602,29984.592796008
49616001,24455.47662393984
45302603,41638.379179436786
46008400,31047.51025023751
40912402,40170.91565913643
41034400,65341.503345212775
44860201,28671.06043578941
48920202,41436.803324088076
43957601,31132.06227161952
45529003,67365.62955460687
49542601,27022.32542612008
41941000,53447.48724884238
48206001,30899.807892556542
42144602,29768.49097107976
45342800,25541.123473589578
44613003,29509.181957705405
44821603,47727.54413090009
44402202,60013.161635727745
40806600,61344.263119040486
47492201,37419.696152643046
45334000,25676.657296687903
45308803,37015.06472516286
49847000,37695.99776320585
42305002,24617.21795755976
45815800,56100.38546934141
44534002,66911.28511163952
45079801,30864.75009917535
41589802,54035.75122714641
41868402,78628.93374521527
43405803,53076.2676278745
47396602,59873.256511685206
44973802,42031.969392900864
49303801,30622.77198936003
44637801,59388.269693742535
49156202,45732.81240368291
42641403,45879.418837880694
46662802,50725.0929619089
41143800,26678.177424758658
42798203,51553.31410962701
47762602,47394.64511899902
42394203,55210.18391426795
42983803,75395.5395513043
45637400,33848.39230775779
44545400,22516.684788915594
43945003,31333.01324856275
44001403,43058.49235804813
42093803,26193.824723924063
41940402,28271.02109416029
43172003,36869.829387231715
45495402,56893.46641275068
46339600,47755.87196653892
41259402,17560.188619138557
46560000,67283.30303485294
47104400,97766.79045874468
47746801,22258.467045680354
45333003,34902.7415124449
46638801,28708.329355606384
44364203,34671.80778941079
44580803,27565.467430312696
44433601,52650.82877859659
43338203,71141.04346628538
43029800,60272.14279204897
48824000,49606.55158303209
41947003,16120.88970814428
42641603,50977.451799552386
46228200,45434.66205954701
41690202,53248.467595813374
45946401,36489.94082703503
45866202,34810.1957970966
49736000,70247.41375801731
42826000,35971.37603151911
49904200,37775.74505947518
48453400,65687.94448679266
45063401,25457.884489032673
41267403,15238.891129174057
47041400,22823.03129552934
43984400,81369.80508172586
41789403,65161.260248884115
41209803,39474.582558699665
43948402,72491.98609682286
46394002,36931.110995510346
46722202,38477.00741485814
48814401,52816.29709557237
45655601,43585.32585637104
43307402,57671.0162216506
46469801,28278.24667966464
49163000,57757.19764937301
44027601,36704.49190663001
48967202,51698.088382145535
41938800,73742.09162581795
49348401,60210.81670681072
41369203,23346.902270153667
42526002,26687.09265159182
49470401,26275.96904783872
44401801,53725.57407817608
48093002,31247.99566186952
47241002,61457.812827316055
47722602,28699.14104123236
45286803,68454.36772046058
41975000,66337.81223125182
49451202,43500.239564855015
43016602,68970.25731158858
44265402,42455.53433520456
49362202,41208.1779645669
47967600,34382.024124943666
47514002,69107.01147190972
42592603,35500.2319912275
47448401,45256.67225463305
45238603,39025.46405407563
44937402,67130.00252454485
49754200,39313.10974483621
46284001,35542.191104353675
44877002,34733.90703363722
46662401,43719.87467731816
44331601,24943.53030021763
44700402,50180.94627227369
41848400,102921.09043452062
45670802,60301.53425977439
45322803,85761.57063240434
48233602,57703.946299188276
41873000,47680.286586899856
47223202,83130.5636319392
44212600,33637.9011078262
45385402,32407.108786238234
45879201,52536.646962359344
44745001,66511.53710587861
47106002,57667.318582618704
48628400,109488.87940833307
46362601,43739.9504404682
45432801,32601.03531459331
42875602,53031.67677169033
41082000,36283.78700053697
49163202,52210.21550870587
46379401,28233.935593079117
44942002,49977.432100960184
44951803,29916.074225027354
41987602,38283.983746104896
41494600,56119.08601695847
49516402,50970.64893708913
41299403,19464.950604128586
42143202,59626.29554715835
42622203,23247.023622042725
49211200,26677.953023316477
43145000,69798.66997855346
45269602,40713.7086256103
48213001,48209.03897648534
48237002,62800.02998784249
44302002,39494.39073847083
41968402,28351.982559555534
48589402,31105.763079336248
47712001,22833.70074622696
47918600,61410.40389007384
47895601,36603.70251153645
44710400,62928.00741211698
47322002,51397.81214940274
46543202,81483.87353868103
45444400,69964.67113069986
49509402,67836.14474893987
44420603,33014.20005818035
47630000,72137.23247014449
41298800,18214.60229075558
48380601,116667.64586690927
49091402,64464.45209938878
48995802,83043.62030723521
42116202,29943.913507288544
47130201,26651.78790990159
43153603,53103.88520505669
44551601,23768.9008005316
46927202,70343.5007030261
45237803,46017.08806220683
46679602,52229.01702608448
47841201,40520.11355764821
45723602,75288.28678321737
45485802,18125.38378996996
46894002,33144.643892712375
47264401,57353.9691485714
44586201,56587.57274125552
48511401,27069.60950571567
42839800,36259.690977867096
42204402,108702.96442073346
43682600,21978.97789246776
49305200,40068.27175041936
46078000,53504.6923517772
41351402,17055.71447159421
43027203,58944.19386263393
45747202,62295.85170544367
42840802,14285.027056939387
45232800,106161.0040895183
48691601,27159.36399286112
45218201,27233.773493805522
49326000,47422.80761722133
46261802,21030.262813986574
49238801,25790.05454310362
44301803,39828.61810524495
40911803,35148.71034525452
44046001,86056.22348361321
40974603,34653.34060327567
48776400,66297.63068149313
44228603,31296.208691619384
47258002,81950.69688298536
45572203,31464.489889969405
48966602,47364.740469482764
42322200,42729.345563464
42808400,33889.595504785306
41230603,26549.39935999353
45187202,34513.432593235404
47569000,21254.061062428533
48603802,73780.67089761102
44849601,88730.05883631014
41926000,21399.60712024235
41780002,30088.94295115177
44043802,52527.00620603322
44454801,76777.52102890369
47527001,38036.8502777726
43660603,28789.140055152206
48853202,46760.952024905026
41122800,39218.01476110262
42326202,57840.65373813473
42266402,25546.75983175525
49573601,35576.23480642507
45296000,26472.50765283438
42834803,86057.31252215168
40911202,63598.487404970336
41131203,43371.18341479998
43102800,74201.4753830599
45640002,35493.27894774965
48676201,37057.25231968264
48263400,71877.99219675356
45772403,22516.449501824885
44474803,23804.74203681302
49664800,35095.0701689606
41239800,21816.686905374372
43337402,85460.86816409588
46664801,33993.17952832479
48826800,36270.927211441944
41630200,23905.96544288598
47038200,78949.82449829234
44742403,13197.811256387171
45555600,90432.24278436284
48230602,52747.48484738528
43260203,54817.375667277025
43089003,57618.534880074265
42743600,49866.59692344311
47870201,63014.852186613694
48103601,53259.04892458782
48555802,61329.32252182558
43570402,41195.63226007923
43080400,76955.57438060167
43768003,46970.916274251664
41988403,64938.27444954466
45505003,31645.44289072985
44629600,78816.5955611339
43345802,74719.90930187688
42120200,31892.369682436856
44954003,68240.81027285596
41284002,28787.87101405804
45312203,47126.658118578016
48227201,37888.337122945595
46876202,75374.5427425234
49526200,39052.76070286684
45518600,20758.452974718224
48210602,57025.138714864646
48992601,22521.818150359304
41124600,67262.2350801327
46928602,59974.567019510556
43001400,88431.43317969056
45151401,84931.45785756219
41490200,59474.67478402683
44124201,30782.816400195876
49488200,28263.918717911478
45453802,46189.84108576784
48321602,59398.59322231614
49644400,78026.97533362747
43912002,54018.66668278215
47219600,27731.086711207005
45085200,41960.995835118694
48398002,50562.91888165696
47015000,78020.70203103297
43152403,55161.96920821513
47329001,39477.201953917494
47860001,27779.64110274739
47550402,71216.84787266905
43581203,19524.735539670037
49304601,37636.38255346228
43325403,67010.7872747215
44242603,34657.34121259867
46257801,35794.97919815456
45765600,50510.785497101344
44405200,61227.320332635936
45756201,28732.518578685864
41864603,22077.27856761808
41772002,31331.93283512997
44421003,29146.27888789787
41730003,51045.24541912334
42991203,30933.504208700917
43587603,81346.14605669586
48802801,36583.39710487776
47319002,27464.17846496661
49695400,55135.08369552976
45895201,53780.84947213266
49470601,39275.25962736484
46602001,30339.04070503569
41312402,22050.773424318497
44261202,85151.36719300297
49438001,38204.60239844848
41816600,37431.596872441034
44672202,65070.31331520786
47109202,57479.484339561146
41388602,30545.358554097624
45522800,34892.825114901185
48207202,40129.716888281946
46893201,25867.160691835714
41439003,21279.397832192382
45510002,56070.23304288488
48330402,27843.701025485014
44976802,53482.120061445035
45366403,57835.451815460096
46120002,79035.76686670251
46922600,31628.217723026428
47879400,122483.79172092378
42717200,85563.51187908083
48105200,42312.12620883181
41343600,29972.55608439006
41760403,30506.08556012676
47231801,68561.34111104203
47856402,62219.32769641276
46131602,67516.73232475185
44509603,38724.735779872535
48548800,32584.0159246909
45373402,36463.7587851409
49779200,41847.65387383379
49638402,57079.94679222215
49756601,36474.316680297525
48735800,31546.695344988682
41144003,87143.05803917155
42584600,60191.522294663606
44491601,28260.51644552669
41437602,46322.829221678934
41981200,26866.969031888217
47641202,86679.60318509671
41030802,44058.545755485575
46188202,49570.61937457296
43867203,62625.60500783222
45144602,53234.34308769892
48738002,33313.237861227004
41228003,33261.668878633885
48322402,42113.47327059183
45634803,42337.67698173266
47541600,35405.20423474779
46886802,24132.183696772703
47780202,70539.82506876385
47709401,17564.85000904052
46169801,23107.152375900747
45793803,29197.64900388999
45647801,88356.37721972089
45205801,21491.918906040977
45424001,36588.858597583014
42797002,28836.70296288159
44372201,43587.00647241578
46728402,27361.758744108036
43490403,43602.42383571221
43183800,51349.909331442184
44349400,39937.924458915324
49444401,52600.958992881715
41671203,41040.20804317214
42240403,45776.03122834604
43414200,34262.733105662955
48435202,39804.13161711646
46080001,38978.15797800646
43451802,30114.943094119197
45380803,26714.87839350408
44188400,28131.6893151122
44310000,67071.61498603223
47831601,33602.03663519504
42425400,93341.78990131912
41815003,101337.03994313523
43218800,45313.905764203104
42720203,32463.134059130047
41862203,13731.980605272955
41093800,134993.819776335
49074200,69336.9828238815
46368401,60690.07055597185
45828402,49853.17992596307
44240202,65361.79515148223
41021400,43469.822589337025
47557401,49431.97062985854
43565000,107940.0818907761
44194800,32093.9515833539
44055801,45194.57917814233
48539600,41177.11410001299
49816402,23986.991935082948
45328601,81502.01769516148
45976202,54911.47640907926
44338001,42785.39071757391
44488001,30048.760776002735
47981401,38890.55972167039
41499203,55543.10970598628
46900801,30109.313755316554
41834002,101208.03524337911
48962401,38028.052402163565
42145403,39049.63064761198
47715002,48203.40471110469
45337603,31742.090198831946
47018800,16606.437834652766
46193600,29241.630197693717
46988402,28309.326884898248
46770602,97859.43267885539
41599003,49128.53858959706
44523400,56951.48632101181
45350200,63304.99623398698
40835400,97108.01902634914
43413202,70314.0759162027
43670400,26569.13915052717
49193600,65553.04481108321
49426400,31962.423922117247
48753200,42759.76955026125
44208402,30136.46739615203
46759401,116631.75696173307
46194001,21819.28086878763
41015602,30470.938723565887
45258801,33673.640103324266
46847200,44259.898807423866
46641801,43350.18820105335
45590802,44821.218453996014
48222800,68260.81031919687
49097802,53533.48939047034
43107200,26152.742365005925
43929203,71049.8729478957
49685800,89264.27636127481
49207601,39428.81825128191
46980601,41141.09253054107
40914800,23704.13591664562
48994602,78121.37080524498
49968001,23065.61349940475
45712601,29467.95748860572
45835202,36550.46535351092
46637000,28102.770986414675
43853603,45108.35768531611
45559403,30122.331295263015
46939801,38383.404218364674
41826203,60291.58886213533
41257000,16692.776838811536
45602003,84869.01478197037
49537801,48557.35776121319
44175401,28878.57390569051
45570002,33124.75027280221
46788200,54237.602116190996
44399800,50122.10967673954
42577403,48748.19902164991
46732200,72006.96248839285
43975803,119698.1953622123
40869200,42928.41011511026
49616400,42295.71057384813
41572600,35813.38742734653
44486203,29982.16255924437
44866800,65022.55277604141
42536003,46522.381273860716
41741803,33388.03614711515
47383600,78057.23537321157
41849203,23015.66952997442
44564801,50617.77007867152
47568000,53090.25926088092
47370401,37769.5748362491
43239203,29540.494487716678
42390800,49656.63940241301
44604202,44325.21758419965
42329402,59641.07353453587
42006803,58834.240859211364
46250600,71256.30580631336
45178400,67973.33779504914
42116000,36090.37746077304
40989203,122859.18122034066
46279802,66865.57873710978
45538803,56144.77985778314
47938602,74226.15710523077
43658603,36238.766967237585
43022200,57228.7292703335
49353801,66717.80038525365
45128201,55444.39353673936
43975201,67577.99977297218
42488003,19660.85552179304
46559601,86323.014364322
46554600,54481.74969691276
44051800,70614.5300381922
48197200,47284.98069482869
41467800,30545.760579161368
44073601,47241.43038149197
42481603,26539.424651318306
47145401,39214.242579172176
41736400,65930.63962488023
46400202,32376.661887308885
41378402,13302.66616453387
45484603,47710.14553534792
44248001,32998.54605963161
44888601,31189.094114246913
49326601,25543.488740954752
48406002,45473.2298412675
49747202,59528.55706247262
47233202,45935.68707485491
48750200,112973.64258473352
44085801,72827.41335248358
44497802,40379.16265511681
44593803,31802.202080956762
45171200,30502.244116008565
44608401,50652.40003611245
45988802,23358.178950949754
46875400,54676.29450801565
44383603,25045.670441475504
43745802,35962.38031930202
40811602,105314.862260809
48434801,73296.04741154042
47203201,43706.35078890243
41459803,38822.41956193141
44087001,47894.6312304454
44549602,51142.934158399294
44995402,24750.277361404016
48885002,57563.735927775924
48443001,39550.515059573954
45462801,55894.95660390789
45598803,17854.212863430894
49057600,34689.73222453149
44506202,60996.88711019263
42883202,30617.079793525307
48435602,103592.94150780472
46436000,51529.53321622905
44116803,47019.55328984811
43145202,48654.34914404692
44746600,29470.93567553791
46239801,25775.085869335566
46305800,83470.858532525
48316602,24808.706440948
45511203,21654.552226237727
42472803,74221.70556216151
45472403,23247.972185883187
43062400,44775.15345384487
48471200,35788.711846231316
41098002,27276.477358096683
47516800,50008.87408224284
41274203,20367.680628186914
49772202,55542.27826924279
42536402,80807.07443440886
48845801,39992.600765558214
43646402,38087.264925553296
41264600,15346.658132225512
48889402,26332.29925446264
41728800,44416.01573263656
46672200,57668.312180108594
43465803,18852.933493223238
44004202,32701.61170638345
45091401,43974.53216711872
45244400,46310.28582116009
43493202,77290.22610703064
46916601,94550.34016059901
45100802,107644.3215420917
42339402,34568.31846476587
44651200,28143.02521681314
44951003,64635.2116554471
40881402,77167.05744970722
47816002,39591.48557457666
43146003,28612.388961621004
47957401,56808.88392298836
48177200,70119.44771124258
47360400,32808.174145042554
43923003,77365.32823419962
44702802,26744.05666549943
48045600,38551.601195322866
45438402,104747.39155653412
42667203,17969.063147805173
47350800,41246.75617218866
44276002,66807.6688390177
41080202,109808.41912623063
48076001,49655.482065780714
45519003,34368.344168158386
46706601,31985.81977878726
49827002,28240.3891667007
42755203,35825.207851585124
45827601,78631.8269544246
41174403,61404.56179391643
44894002,51544.68102048625
43602802,71268.56959735438
43655403,77295.58450204012
43325000,28730.201865484545
45387603,66627.32296145329
43064400,47335.765490389254
44098201,25033.60227960682
45690600,47985.545989450846
49931202,31004.441308842845
41382603,19452.49041999716
45822401,57389.082055886676
45710601,51780.625254937404
43490202,33216.1507961132
41690203,53248.467595813374
46764601,29149.012069960285
49725201,68577.5471419879
46388802,54160.85796964571
48494201,21299.89263487757
42154800,27542.705850143488
47140601,37346.38506259126
46770400,26877.65460756616
44248800,44270.03834707363
44257203,41338.3264723719
47576602,34016.63298117933
46564800,40387.19700620289
42826802,31897.39676416871
45513801,78676.87781374503
44024801,34677.925756906894
41739000,82980.3609907205
47293002,49252.27129586416
41474000,89152.68615667094
44780202,35312.774460651905
45732603,46448.21382218618
45090203,30025.136950168187
44559802,24359.433661522828
46963401,125028.92673450947
47760002,33823.4088972482
49662002,27508.639564267924
44433003,35930.85523677921
48715202,37037.67771627841
41338800,24522.02475843755
42235002,47184.50697551451
45596602,59749.30557411454
47425201,29967.021100433933
42653202,40557.06571395963
44063200,35140.7102675065
45161802,31046.052023228898
41696603,26474.345368626597
45224601,29107.695655180785
46968601,66180.20011372949
47941601,38974.803744405544
49508800,32478.393004047204
41504803,44454.956500143344
41824203,22520.271414863033
46847601,28362.269816922522
46771802,45615.690439419865
44454602,35737.17989026393
47546000,32289.182241721785
43679402,28789.703904026617
40864603,23813.099033095757
44311001,70201.43130658072
45227000,52513.33470485288
47151400,42108.564969975014
45256202,35801.71119935106
41273402,17657.483671460282
44091203,38665.80447228044
49458600,38987.91199865861
41236603,16179.67818969042
49849601,70259.36693440811
42939600,18159.844418262368
44817003,40011.98862247233
47668000,64172.451519714625
42699000,66499.30720368407
48006202,36735.93117053597
44409800,63672.625906267545
49103402,86979.9693589538
48306800,39598.52834452515
45648603,38406.59607708702
49285201,53491.757031392255
45416802,81070.57563300265
47553402,31530.06060303018
43374802,33127.569630392696
42913003,38039.24382956668
45715401,48820.82697975178
43081400,80663.31492180168
44843202,93743.80373194994
46316801,84845.94566956589
44547802,29005.203786210208
42970802,50890.787829488974
41901600,85388.34467633054
43927803,53747.522076322675
49735600,57722.955426937326
48650401,108291.0289210991
48995400,28624.36927903606
49385001,55440.81382204855
41282803,17468.75741036709
41007603,51834.0645713321
43884203,39386.928871876495
47281600,47799.17948452949
45902402,46917.688065404305
43431600,37224.74015934037
42691402,55051.61561290449
43242600,48380.0111649561
41665403,21808.039286939067
49275801,32163.65196608981
41453002,40090.06386349798
48071802,34726.572977965465
45786801,33878.377044015084
49798201,38559.767954740964
42155602,47559.894229226906
48230601,38579.64316047747
46331402,28036.626146671788
44553203,42320.98367261313
41323402,36668.38102122013
43634402,138259.44662818447
45694401,69046.29191827508
43035003,34506.462367718355
41336400,38170.25547862874
47116002,19420.32628046442
49008000,51673.30521583819
46413600,27701.29448052491
43624003,32185.582930874112
44985603,32274.934496350634
42291803,49252.87073916141
46235401,48698.72339982628
44412402,32024.17274859816
48476202,46815.81611657569
44461403,61540.415038279236
41680802,39929.31223730239
47224200,34227.72631629229
42562202,90810.07963150012
48683201,38717.77185811187
47453601,101811.19075652125
43356600,98231.72277507208
47571400,54550.96441182702
42849200,60133.61371147083
43533402,36593.051653461065
41939402,51993.50622537002
47763200,120911.63520478623
41958400,19306.29022967099
41682803,35525.37189683136
48545600,70136.84098824645
41887603,52095.35221498161
44040403,71037.49443825576
49050001,47515.21667430088
48116600,34577.15508881591
44753201,51372.35485381449
45242400,115806.06197823494
49487202,34058.200599773336
43812603,23038.380477442093
48361200,83325.14573500092
45649400,54220.61983790668
46291400,25265.505747946336
41169600,25949.315525714424
49819801,33469.256638855004
42034400,51371.416480198954
49657002,36177.7856437684
43879600,32775.53888384073
44879803,84302.91335787135
41191402,41260.72968410596
45416801,82000.56895959
48026402,124179.07316779389
47190602,94102.24613030384
48943201,111339.98714201685
43497402,49138.61418121364
44301002,113823.9529829934
42075603,41266.58139683716
44683003,69796.37787865743
48231200,48668.65394037211
49788800,42920.82646539931
47208200,28905.727040752863
48917802,36061.186891044024
44555200,42517.28288997121
41159200,46922.534924764106
49479600,37910.411271576115
47831800,34621.40822353818
43877400,39730.91488080951
44067401,47387.68270498696
41617402,25727.90300819373
48996400,54478.151638709925
47005201,29790.009405121327
48993601,59121.724096305836
47599200,34267.92537376712
46476800,47076.77363697558
48245602,86285.26794974455
41281402,18420.68371952749
44137400,103154.13652872693
42528002,35501.71094274318
41983002,38468.396238449284
47488801,73869.66520276552
45252203,23128.93618564391
42572402,19095.126519096542
42312002,38703.24323828822
42527400,37636.1641012193
44424202,62067.87802599419
49427201,28415.500552043522
42401802,24510.297326765627
49220200,71068.0259247416
44114200,105534.77753119022
45240600,19991.899871574915
46229001,52144.36070643308
45073400,26613.639201267437
43680800,52769.457644968854
42911800,55761.71838295217
47692401,25737.0515967544
48868402,48212.16291544356
47876202,68085.07029714089
48225802,50586.62231549292
48286601,27556.113888333395
46064201,113416.27318177509
41749002,73453.98380792877
42191003,61292.6639734215
44908603,125168.779277287
41246802,35489.9496636059
47489202,40246.70364239399
48451601,29502.61094079799
46154402,27572.585522449666
45140002,28223.962801422716
43787000,82483.73144265445
44349801,29948.927224386276
44336202,67586.49670149242
46014600,65943.63012769971
48868802,37418.32625984083
46500801,54523.80768976721
45948001,47100.746613412055
44410800,66253.60169565814
49487001,39941.31595133553
46238201,71435.50877869176
47075002,40535.66839351281
48061800,24971.084781268273
42044600,23576.114928367617
45170000,40685.2585912637
43501802,59418.57594606626
41319600,37795.15017960485
44965202,33893.41658830699
46023800,18261.634863110205
41874003,34643.17065419856
45231400,21894.687697008885
46833602,43930.79918414728
44373202,80252.28432324313
46660202,35693.75507261889
41308202,37056.93309967859
45478400,145992.26787673376
49407402,44781.05507003903
45266403,142241.64225124737
48132800,26710.878602776447
44113602,83074.13593791849
44367602,39977.009573613446
45265202,53869.18482895037
48435000,66543.37917465165
46210802,76590.46134056801
49739802,47732.02247135864
49282402,25756.980947049782
41559003,22840.22286688955
41084200,92331.68885408662
48172801,27092.712279850482
42639403,61335.08638536355
44146003,29447.2436462035
41100403,35818.95618128909
47961602,110191.49888913207
44125203,51459.5314036185
45157401,83014.5141777889
47341801,49339.31699987615
46249202,37945.73096110279
40896802,26554.436155711894
41904600,58552.94028543721
48139802,39176.58866646168
44938001,38202.510388983595
45593000,121240.29926401764
44640602,50574.06125994991
44344202,98138.24634117566
43126403,44461.14146500674
42755403,30212.188499648306
43414802,39553.16735669174
45469603,46009.436874553154
49171400,83809.29195436799
41033200,36477.836475548895
47874401,111477.98493254835
44269603,65761.27565783115
44887002,44718.10109627063
41684403,48659.73864122965
44791203,74452.50248461914
48314800,36376.93309782678
47456201,43613.75183161612
41243002,28664.02648364962
46700601,74208.53194143772
46363402,30033.66025312128
47989000,58221.359703641814
47384802,34317.87324874238
47636201,27065.528387316735
44094403,74704.8332188675
44359800,60421.391892400905
44026001,48649.53990155512
41695203,24705.2117606176
41083803,46000.26508491881
48790001,40160.7437133869
49029002,36108.14537827693
49837200,22921.86607443284
42122602,70010.36096398772
48202401,29409.769885110225
41695600,22329.33077275419
41956802,33521.98345560606
40846203,64862.502043620596
43229202,54245.70986270918
48134202,22062.509438608904
44738003,64228.44459437549
42993003,43317.63806454542
49820801,23974.247327243276
47836001,49434.448385999516
41251802,19805.265149609026
47054802,32528.845780586962
41600402,73232.33973310607
42320600,27243.266417215556
47142200,31732.898833109088
45668602,54378.6043728182
48090401,53376.52837144852
48572600,31211.717125685384
46824000,69163.46828332779
41004003,35201.7986085759
49624602,69158.79296087808
46227802,25641.04771517865
48041201,53834.56770619211
43774603,34818.28195782386
46722201,37134.77284990947
44478002,40291.74465368318
48016401,27660.56013817746
43465000,36624.83209287049
45866400,31860.314801269767
45624000,25211.549453612726
47824000,23453.00432976991
41113803,67831.40805207947
43856001,52186.20696875899
40875803,42786.61393165812
49309001,54734.83916966439
44273001,21244.12539454049
49252601,64886.58535226214
42924403,60382.13617789261
45646003,57944.78844309484
42219803,86667.27896685344
46513800,80863.68837091805
48984002,34786.86924149441
44422002,72725.57899367718
41706803,34527.84997827879
41722200,24816.21273254922
44356602,22873.516955731382
45317203,31187.456512513538
48398601,51025.79550307047
49448401,32513.57858349746
45813002,41101.66051116109
47824401,23799.195624100386
43048600,37144.64353882727
44324201,38139.55131507014
40902800,26645.69915397802
47286000,49129.94818342664
45866802,31365.591446922892
48975802,48421.64518569815
44847403,38903.67940552082
47880202,50190.00721978748
43988600,42057.85140924197
48910000,37210.32586901876
49460202,27460.31243595575
43868603,36160.91508348868
48083402,106578.67956412371
43366600,39100.32059352587
41345202,29324.270748524355
46887200,26446.79860933803
48804801,37405.079478170905
41720602,44678.292254712505
46137001,48029.76865961843
44711801,48288.36588968715
46870801,47130.94667647334
44011003,51306.85157804812
48817602,47643.96258215225
45221000,45159.588279204065
43302203,60129.93390236168
45917600,21199.511136967547
45140201,69915.63366802008
49970802,55067.80415850444
45795201,31570.829457239466
45944202,40443.84021722616
42777402,38332.03814969369
41581603,53038.666565452964
44333002,96679.30494964402
41903003,64320.9041414364
43062000,57627.87340894251
43273600,51467.40485688334
46296600,38733.32211578715
49112402,30971.08894906714
41645600,42599.78106764335
47772401,54139.24072390235
46007202,24394.250797775836
46888402,63263.52610141023
44366803,28000.22916947661
45304201,60404.22821195617
47416400,73878.16989463862
47335601,29372.93108913759
47302802,53203.92808268717
42623200,16979.755048459192
49150202,31289.579329771288
43405802,48755.152744378785
49827602,38890.752648409296
46904401,42039.859929101505
45201600,27055.059402446088
48395601,66821.2215747096
43742402,42011.06874988835
49547801,45617.526614672315
42731803,41624.372258122086
44753800,30436.43447378233
48450001,125573.91845437928
43102202,64355.873764996024
44965602,31288.147733095226
49464202,31552.889438656344
48681201,40615.3289019263
41212203,18584.450728439137
46745001,69299.84084666955
41788800,35855.05428597866
46757600,49932.72803302358
43943201,30186.7379296044
45288203,35610.46402379887
45994401,21450.20665065533
46510401,58860.038332422846
47124402,42439.6532993687
47228602,62368.405887997644
46568200,58673.70954927246
42487000,50884.78637365156
42395203,32444.47510491341
46899402,56700.976837645634
43672202,40603.85850517525
49204200,48141.97508788467
49904002,64562.427768365844
40896203,42660.125020529755
48642802,63560.63846686412
45595201,45486.02050249964
46476400,49898.35367510008
44892601,32197.691722351556
48397802,75179.51791537637
45207400,35538.365093443506
46758000,49378.746527738025
45775802,80069.09081184608
43734000,30137.82505566751
47778202,50611.47512472781
48780801,36927.87776967014
42715603,63836.824370801805
41166002,69995.8276062078
43172602,38148.382571660746
43513802,27236.687826801262
44522201,42503.929310900196
47914402,56423.2462734106
41314803,29719.535688924654
44209603,152748.61466989014
44840803,85480.91680266523
49313200,48457.20914706353
47461002,33292.833153597865
45320601,93097.25383651338
42661602,25626.322674905216
47981802,52413.31409291226
43119402,45312.61005681851
45374202,29816.227297171023
44202203,57737.3610668174
43507403,25412.50802630075
48611600,50398.92670803694
44078203,37427.75760292604
44597800,46270.680624432294
40913803,17935.191853422104
45890602,31430.766982495312
44578402,32104.087243426206
49846001,57874.17442070509
46856600,52900.118941372995
48062002,37211.5186150775
40927803,52799.79435259364
49164802,90649.01638485242
48310800,31504.88809013607
42547000,57411.80325727213
47180801,27783.40386642434
44763200,46666.70109601631
42386200,76763.6297743189
42004800,24933.92094218875
48995000,25534.634962708773
45161603,25075.83996331278
43552002,55010.29726187879
46762002,29708.638907134362
42961202,85076.51028375495
47960601,132618.5226495218
44431002,53803.82668679148
46818800,39654.65738594772
41716403,27205.183433753322
49568600,50358.76672470214
41842800,30700.907777305125
48932400,67518.99067723413
43273800,41084.49538025606
46659002,64168.54975696497
48593802,52979.24701004222
45086203,56202.95161031398
45151201,39533.805877260675
49862800,51199.55907790058
45489600,51890.88385578975
43164402,30276.653390741543
46299001,35181.72866444797
47899800,40350.016403778245
49935201,54306.14641852223
44882803,47246.4700954365
43980401,35342.70724827759
43903802,23074.918653260047
45873001,81375.8223630986
40969802,41070.16093436394
49050400,19934.4008837413
44900203,52174.55500804766
46409402,51206.368918000495
45438600,31322.967596054685
45105803,47873.8176363466
42897603,39184.589320755775
47660001,28678.92082835808
41959200,18679.571140895707
47417202,22967.08154343092
48645001,32300.61893244695
46215800,52942.361737055886
41883403,32003.564392712506
44837000,42228.437858649704
49214401,55216.137730352486
46566202,36407.447049882125
47482002,28752.53629766939
41142603,85699.99028467227
46488601,93372.91657486223
41914203,19294.633331285873
44330401,37210.176662244005
44089603,54249.2759147633
43485003,40041.006819112394
46339402,32543.999089050594
48109602,55962.67060588419
46489802,65425.07892479639
44667400,42845.555007786315
45819003,35549.35664013516
43780403,67371.73912216179
44474203,31466.440919136363
49036202,51328.26550258308
49548401,33343.116718531914
40909802,44580.01217901139
48934200,44741.261603170016
43206802,71382.65669586253
41263402,28712.133385619094
45849001,54558.90381138894
41967802,28823.621273539033
41332203,16936.766651827267
41906602,32580.041558548302
41829403,19633.894396518666
44331402,45347.6284257605
41863000,23833.870013101583
43632203,48891.10506213895
46728400,70024.32750429063
47941202,88883.94016471728
44759600,88819.12376548779
46811001,44365.39285167284
44731603,26863.56358586899
44312600,31621.319735948044
49216001,38380.429030505125
41888602,69686.07941047159
41336203,31524.81633241381
42466202,36582.582258677445
47160201,43889.658258576
45265400,60171.44799124869
48668001,30336.777579001806
42822600,42209.82669268728
48918401,100194.55638578795
49960802,21277.332171152575
46254202,21576.491216883827
49615000,52576.28982837912
48868201,41934.94990583889
42894403,65076.51762517087
46212602,64862.09464871784
41960602,61289.91368799564
42728602,40111.52821909876
42571403,46862.7013379499
41061200,37839.46414517898
44085001,26175.437885531497
44333800,34359.06477079051
46312800,45648.081050903624
46872200,124553.56514411198
46744602,28089.13586004475
48361800,34111.38022194771
42480803,31332.469733956303
44417003,30500.974171042428
49843601,50013.67229124161
45379401,47832.29995876034
47814201,36416.562331365945
43951002,26384.563128598515
41212803,34438.650322996386
46258001,38321.94663971187
44845402,38908.034711316606
45147601,48130.22304505379
49585000,33548.4945054548
41229600,17249.843015641007
43458202,98915.87977564127
46679002,27097.706307176402
43792403,45648.14237796112
44597801,51610.58860334781
45351401,72363.54947837035
46567001,21220.605278965108
44003202,56338.3735809251
41617003,33612.19902872868
44101200,58276.36836771149
46895401,31750.527316438816
44316200,109686.60092617049
45732003,41967.77250483259
48540602,50539.9660765496
49746001,24471.130590319623
47523001,81650.71611526464
44626602,41560.36741684219
44440800,33110.84852703206
49569001,46671.69106275602
44645600,56800.49867357717
44355601,29975.248291747565
47677001,39369.83460411253
46737400,32174.622162396958
46800600,69310.65887448132
42749400,70048.0405821866
43692000,31067.52126440983
47817000,23549.041052005305
41861803,18106.875531924095
44697402,61852.29704119578
46386802,28227.079955228804
42704003,38172.329640647
48787200,51585.76980271212
44527602,41282.42357458949
46860601,99095.8916200516
43063803,39213.639690847594
45305603,39876.52867969745
42477203,46554.72707765218
45532800,33922.395322554
49771201,38587.22076762123
47188002,51030.00000860018
45771603,22754.615004112507
45389200,19903.91942984653
41239603,18046.00906112369
47011202,35792.962181429124
48199600,22799.283490548936
48988401,24862.72291435894
47467401,53347.06238798903
42555602,53994.81365051606
49881800,28494.57664263222
46457400,27393.984799800106
46529802,32153.717675771986
47578401,28034.106813659524
43679602,32548.028088062296
40892403,80521.43662447997
45412000,50758.705899884524
48434402,76263.80593516708
44924400,22448.941867180532
44070800,101608.66468590005
44496402,36868.563626766016
47795400,41035.624108623524
42326402,47764.82103548423
41484403,61828.400413530326
41685802,108757.19029228925
42220403,23581.40747750919
43514802,24059.68063795079
47492401,46818.621262602595
44882801,93877.27508019347
43983003,37850.6773544982
41154200,55863.8676152998
41018403,23989.267718428957
44721000,30157.820760798113
43877003,72680.44788750182
48658802,43408.551896945006
47057200,35443.02758437581
41554803,37492.06383653953
48212801,34743.65708397911
47194402,33722.86513700385
43887803,75115.41023168158
43758002,35184.44854843037
40901402,29858.936370724983
47109402,53459.267777553345
44856400,26822.243056514486
45490001,39056.730598954775
44088800,50644.84636229913
48572200,34236.60702268414
49439601,89834.98895510877
48788200,63982.03458878842
44052601,49167.42619109047
44845403,80827.16462290024
46003402,58919.90324681888
42597803,36579.543929477295
45365001,41775.59297762786
46956802,31733.32807133204
48299602,79972.20673052086
41483000,27610.284365857933
41284203,20581.50752078733
41096002,77968.56626745376
45782003,28448.98131711249
44144600,28982.689782531303
46029801,68211.2975153491
45677002,41009.119320138176
42114603,19307.04090156977
42283800,90896.00369471536
48164600,32965.123303676344
41485202,77295.17072425666
44326401,55734.27833955464
41638203,46398.258632281155
44784400,72763.96232219668
45335403,46324.951918807834
48566400,108707.12272597049
45859001,81797.11749881056
44884600,123827.73157359197
48372800,37372.598660414485
41051203,87594.08724566356
44959200,27929.16727767455
41201203,19385.388856791265
49987002,63879.23011894644
43378803,28689.217732857447
46775400,38816.415121491336
48558201,40021.53320105491
41872802,64533.44799505695
43205003,22723.274495913072
45992000,52549.96283839417
43374600,46000.774300759535
46488801,55162.02338932016
46770401,49700.69313713661
48413600,46262.57723004917
41676803,102715.70674511703
44027403,24372.191750106118
48798800,41710.82445568387
43422003,36877.82180572329
45300800,65009.63401286001
48528800,66101.76618794848
45907202,120781.08427954909
45588402,48397.69702890511
47643001,30846.281676085175
41347802,36964.16446132483
46310801,43403.8080589175
41222603,26808.991978092596
45413600,23842.017201857558
42575802,93115.02904620241
48321201,57204.8205157864
41360800,27301.721976695622
41023403,70687.39815693052
48452602,75749.334772623
48202001,36051.68583874067
45396402,26982.780410666433
45078800,25228.410465455116
41494802,37150.30828827089
45098402,42620.990360185184
42883602,46164.78165410522
42173600,72144.62782871483
42816202,42493.922865975175
44591002,39693.65947147033
48786201,97104.27456697449
41974003,16442.524990403213
42387602,45063.069888598475
40836803,40552.76629221916
47970800,29894.168024110135
42102800,49504.53672673507
41873403,33597.59204198759
41511200,44684.274091788626
44018001,50319.88173673471
46594401,39200.797508270116
43047202,80183.05745403892
42639802,35029.03186224531
46192402,74798.02996417237
45590203,21640.71771990124
46597601,32166.800932400714
44504000,52163.52727354236
43232000,110720.26225542356
43428003,38409.697474760076
42739400,28244.341331718104
45694402,97554.75891741559
41147802,88519.35127728441
45076400,93266.62187094425
43453802,55193.26135652197
41637003,87320.82444940662
41102603,43195.00809922932
41484000,56280.0551425661
47455602,17914.836205329586
48242401,34535.3067121844
45042402,59553.15761504744
43832600,69862.88701231821
49426401,34998.525771592234
45762800,42072.67118541433
44116601,57030.22751003196
48436800,40528.60127898601
46638600,72540.7650971568
42006202,31212.195996074668
45338003,57834.11464537915
42040002,43257.66865322337
47307600,42710.36035098795
45347202,43522.52929095842
47632202,30642.345660992418
45418402,81988.82637804758
46816800,75881.53331539448
41735600,44683.886052924885
45344600,76170.16793995969
44212403,82213.83061237249
43074603,46610.02101116942
45515003,31738.794436140906
42662800,26506.973193696893
47053800,35488.557026293056
48560602,26725.921709162525
46300200,43735.77135777936
46683400,30610.681192537442
47121000,49818.92503242039
44059803,25357.122479693367
46863402,44554.91913568326
45499602,48490.3017535293
49242601,19704.866895402793
46218200,48129.14577994011
47606202,38813.35068141612
44334600,82648.5325520976
45848003,25949.974392449698
44823201,25090.438787266226
41027002,43838.44233637295
44035403,31617.711731276777
41726402,96347.0286953831
41753200,32838.93622162586
41853600,37482.929087364624
44833601,33161.896861183355
46667600,47822.4890503131
45243001,25467.848899363802
49226801,32669.3816208225
45307602,32028.510449894038
43163800,59345.143976751366
48056400,47015.44369656647
43622400,42170.49458689531
43237802,34219.49036199624
47563000,33473.68509288274
45918802,27947.472907184187
45712603,78029.45517364958
45505603,53207.07335175906
45285803,57826.1880316398
47040200,44601.6137683269
48001600,50276.538907633105
48230001,57490.479733490254
43187800,40733.68388490455
47101201,60548.55481296641
41261003,18188.192301137256
48371600,21519.926300065636
42276002,64059.2293041931
47749002,56006.833409554456
41611002,57391.198223098865
49314401,31617.159450346826
47684800,45435.29447711956
42875603,56519.221492501674
47781000,50704.40242917261
45774200,38269.5672519611
42371202,50622.626744010595
43885001,117965.05043087792
45430003,79362.74457538668
43402200,35067.181704665185
44631402,61040.61011061164
44881000,44847.270291425855
43900801,53090.79237620551
46449401,28290.84455826627
43187602,49234.305686631764
44585802,31295.518474605688
42194800,40473.9768791819
42628603,30402.099449867415
49241002,36009.805256841566
44649402,61679.52201147459
45758203,33540.83391967259
44502001,43373.05197447535
46609001,59405.441752956445
42381602,32774.506024204566
47663002,32831.284286492555
42720003,28611.840373910738
43820400,39523.21072682139
49518600,42614.21041395964
47234602,59257.57944831298
48102802,40722.68684350707
49144000,101774.45241043255
48551601,74262.67937171171
46415801,48953.81594071552
41339600,17310.317046459153
48801400,65619.53670764335
41454400,35217.715762693966
49537602,48976.98057464581
41266802,16077.059876725774
41453202,69536.7299365896
48989401,40981.93829749875
43453600,107952.34110548225
48986602,67179.20901392157
44215601,29256.058254054853
46311402,23403.750057334146
41998200,24246.894569615924
44596802,44185.40059145923
45610601,31711.317882183095
46436600,47924.34411189645
44180603,51182.39916017205
47543601,66305.29438346637
42223200,27065.280863945754
42834203,30152.250632436684
41616802,23067.795210911983
45059202,39157.90362590851
45732201,43447.10918585186
42540203,47114.47891896708
41998400,62020.11406642184
43779003,58314.03244045972
44333402,45874.90764919234
43790402,62073.455502301746
42401002,16942.03092638241
44581001,48868.348635407885
48055002,39472.88659428732
48743802,68766.28768345194
48080600,68191.8821081054
46264002,51482.87784051591
42136002,33886.14240672189
46431201,67796.21835481735
49734802,80878.14920012707
49336402,80116.4681841842
44371203,26174.490760125194
47281202,73422.53217299037
47195200,25317.7350470227
46992601,75013.18278423391
48233002,54848.29267137361
43302003,27283.5169594898
46164802,43212.31111296001
47962602,39459.351258859395
47677201,75553.23701582107
42454602,82993.4660385835
42756803,33753.20966091027
41907002,35547.48132882984
49283001,26367.724910808374
47328000,48910.16277074709
48019202,24004.252267500702
44514400,83094.08916968621
46852801,41394.00230046119
40967403,51126.812433340994
47739800,54515.24552841628
41750003,34703.62837960832
43207402,36442.94939114109
43696203,28671.441543898305
44289401,21723.621764770844
45076201,51379.93576669571
45655002,48997.00183699101
45234600,45826.943970452216
45337801,55683.779918271604
44930200,42565.1684709412
44494003,46562.601379243795
40986800,26821.499364047813
44455602,33316.39057935381
43989800,55694.89897496396
46976001,84052.62786537629
48387600,40923.2218744788
44008600,41217.82483913323
43457600,35891.502159169635
46631002,48923.359216007084
48129201,64864.485948687
41274600,28285.19270599068
42149200,27171.309155190724
47718800,45084.05265525886
41644603,52050.54014956544
47920602,29066.211911750022
45409000,29160.49416386111
45645201,59291.05220452473
42877802,43802.17685516068
43448002,42842.28416639289
49195801,101894.07042086356
49662800,32555.42817503257
48329202,59715.68345527689
48907402,36308.72884411904
43530603,80760.3763050404
42849803,123862.72728365545
45865403,32879.46663212957
48864802,26188.01481095034
48085802,24132.7545345242
49753401,113568.46689669584
41251000,19279.255795292076
44038400,27935.69369240207
46076400,53176.957347838535
44329800,29910.83598247456
43373402,27474.860096782504
41497602,54278.382908613545
48660600,42941.32712072759
42280802,74916.43312445068
48384602,53746.72825723968
49500200,24788.256822240997
41683602,35474.25957689375
41556403,36020.77276194026
45442801,22417.12039359697
47616602,43194.77092342682
42523800,67784.92434379243
44905003,35859.552690379955
46840400,64783.90037555748
46258600,45598.03554518545
44327600,62943.475877136734
44895801,80246.20951440165
47720002,50202.24378432233
47735802,78262.47684834347
47665001,30328.788523937794
46240402,48861.48744054448
46273601,51869.549385966246
47305001,39739.50135634123
47949201,13014.817098216232
42239402,29946.882291883805
43323403,29039.501754237717
42165802,52804.891410969794
47335802,56951.63454649406
47845600,26656.85170017488
45753001,68733.85938737525
41288602,30183.438377385526
44761602,51893.79400227944
42177400,51020.59382521889
48265601,44445.80009225724
48518600,34761.4746538549
47657401,86853.77229277769
41613003,49066.38019834523
44135802,32877.956806122755
41121002,38064.08913964265
41207003,25819.094246256973
44254602,41079.76679501047
47851201,38144.94701145204
48572400,83341.74966545461
44590200,29468.759709848786
47473600,22964.772525022676
47770002,53891.699197101065
44542000,37518.22658003688
43354802,27354.62957829891
45673002,55723.4235845997
47371601,27696.098894184568
46770000,25457.20670997868
41849400,28832.307142936872
48594800,63212.41580764619
46174801,43579.54102510362
44926403,44776.35357062514
44660003,38568.106974352544
47367800,73768.20781199436
46018202,40290.137488323046
41469000,44595.60319286351
47001802,43764.78980638554
40812803,49731.73338600639
47894000,36025.05457698562
41499002,44920.350187670105
41102800,47862.4031142708
41371402,32543.817253905105
41838800,28425.351339244513
49284200,50245.452435254476
49351202,44048.02696314657
42689203,27376.24877628708
43544202,89712.18481897531
48085400,56546.99837902513
46776200,25711.94965750542
44585001,28855.144894179328
43178603,34812.1133899384
46455000,29767.470551184913
45098403,88412.03706510447
42012800,60618.91839861232
43885000,34382.52486465525
49215401,63812.27354893342
42689402,27376.24877628708
41572802,49915.19604448055
47365200,60304.530628468114
44613000,32378.58906374732
47397400,82817.90407825999
46181601,30459.69354427254
46053200,45589.276590889196
48021401,42036.339177895585
44848603,64563.60065638558
45923800,42201.3437929484
48591001,34489.284160307485
49029001,30047.880731860056
47461400,77743.20192916122
44948202,26328.344975320586
47132401,67664.15646006803
43900203,33529.4088635693
42386002,86306.81064513886
48247602,36000.75515096879
48753002,38961.066759445544
43602203,67032.76521494484
43836400,44499.028334950825
45462400,72718.12911444713
44554200,16941.099659034666
47991602,113767.21021655212
41767200,45080.469044114354
46037402,40033.20552610506
41624800,28598.72667068647
46381002,40516.943210050056
42933403,41436.47861888733
49825201,41310.83079271633
47742402,26352.57389377017
43292603,33481.89215312754
41547400,25999.83112478175
41242403,17246.29994312364
48624000,99582.94433265856
49787802,63986.10809494659
44562600,71169.430113771
42911403,49127.27481929727
43931000,45969.7754150068
45241201,82209.84246477908
49935202,52459.472655021025
45588600,50461.37252386949
45217002,38251.40146830603
41263202,22132.067126036185
43967000,25864.593260590573
49707002,42748.89199261405
45999402,60780.31284710234
43901401,29451.96456969614
43312003,39875.9026543405
49367801,72954.27086370256
47231401,57295.01113476877
41779800,44122.85932768316
49715801,51278.4540962655
46454800,25276.134465779014
44506003,41688.56701058571
49097000,42887.753382871495
46137600,42288.625285266644
44685402,76930.26016899382
49331601,56822.37918157385
49747201,61117.953887318465
41458000,63602.45613537296
43958401,50942.900829767816
48397001,54518.84268212876
45653000,33134.410337641806
44747603,34153.853879859475
46485601,40926.70457871572
46678802,63873.93770462665
47218800,38900.18230163346
43650802,68701.98413823334
44150601,26179.521991981946
44903000,151318.21249584484
48849000,33327.213055835244
46818401,50711.91686488489
45383400,31913.734484848923
47270200,35863.22504712454
47811202,24038.766943134113
41180400,58983.642054112985
45621203,37010.57808339222
48281600,29457.63778078961
43918801,70680.11876503509
49287200,51723.56043089555
43782600,42095.627120562676
42579202,53312.79373269655
47297601,64628.451225149816
43473002,60570.98880799144
49945202,36998.494477940454
49606001,36523.14959544291
41965003,73792.22400273583
42081203,36066.84954737214
47715000,47243.11239114305
44076803,52308.740007347624
45628801,42366.08853408133
49547001,45358.17830281673
49668001,28604.59323281218
46187401,45511.90378555275
44401800,57932.99463764514
44413401,36050.35144190257
41781200,30162.31133574572
43089400,25528.08858035564
49073401,36155.023808323254
49063600,55507.27100189198
42595202,44686.90037518518
44192403,62263.154708779075
47705601,50741.235007003896
42747200,14400.418609328775
42220202,41612.36747171563
41070203,36487.96968087723
44227400,39389.10173508108
47091802,48603.824932164
44173402,30994.86281120354
42742403,31165.0988823115
46401802,110453.74167518165
42829803,93137.76618753409
48811600,28543.26196513582
40908400,58642.67830933115
44071002,34037.520298536925
41886202,61351.49743289327
44456201,90011.93086724984
43114600,33347.23473484806
42446200,28379.541263657757
41355803,21622.626748012197
41234602,16879.25452509261
41388202,21471.89556759599
44280000,29192.10273725017
45408600,32305.41752024303
48455201,59426.24132840094
40816002,101191.1072719347
46291202,44790.79931678637
46976801,55377.92763860288
42395600,25512.547044184146
46440600,49627.32810163151
49917200,36757.712638416066
45961402,57365.16913432195
41661802,23104.73091652016
46427400,52666.081431627725
41050603,33012.4159464831
41996002,73048.9409491053
43850800,41851.88975103878
47712401,67589.94073515665
41817802,35051.81773290291
45882600,58930.34740251941
44991403,40755.206058702366
45236001,28938.966633338507
41339000,15348.285629584974
47577800,31316.959369287903
43764000,39236.40667218321
42317800,53326.385608561046
48981802,76751.49889919935
40913602,88636.2577144373
41602002,19741.58869930247
43631200,75092.50788068719
47279601,30318.259152179773
44970000,26637.530432338022
44096402,50968.3649605398
49496801,28071.178007622588
45913602,26345.042854173476
48144200,57537.618799783864
46435802,38631.58686734116
45758802,33642.744703541175
48019000,48617.116989878574
45318802,103792.73176503977
47825000,29031.604779350306
47531602,33418.12768551203
46186000,60421.391892400905
47233400,71876.36995983383
43325002,30761.592001368655
41023603,36329.81853982369
42665002,21696.7115949967
41001003,81415.77746715314
49212801,61090.99067452249
46243401,48162.313622009744
48362000,43523.41519136609
48795202,39994.49580399082
41216402,11432.443578026425
44862600,58285.819345677206
43448803,31705.06337991243
49024401,21138.452578860644
46467601,62105.96258540763
46564801,40387.19700620289
47558200,64985.52564270199
42057600,43354.6905740406
49216201,39545.06947916579
44569402,38217.52643907563
48495002,34945.065435379016
46508200,44490.40499770867
45534200,35517.67672706828
43370003,37959.37388562819
42202400,44695.738551972936
46555802,35824.70417364537
44816001,32130.719752404275
47524400,24711.960708325325
46787201,34574.348989390724
44416400,26879.866892229024
49978200,46818.91564339119
41580803,35664.887404925226
46981401,66452.69968558472
41661003,22404.435476881397
45765003,32463.91874588592
42813200,38365.46373452774
42026602,36097.31963556729
42900803,48032.65206612498
48192202,78977.58046245453
41819603,27878.649358550945
43722803,36800.74012655262
48833600,92832.19111884294
46038002,37698.38265373671
45296603,38380.31046264034
44716001,86139.17055390954
44771603,31647.90928585619
41528203,43237.46641684562
46500400,89129.86519216356
42847600,38254.14320454637
44134600,80023.78783312731
41101400,32875.14263342604
41908002,45103.413755441805
40914400,52852.48326740613
47294800,29586.908474698706
47435802,22337.107820600544
47713201,29882.263110164735
46890602,29109.05278524241
42148002,47082.541003377504
45290600,36303.13639767816
43112000,36425.61530145691
41233403,25450.481732709235
48461202,47186.3436821179
49107202,26613.818018890965
44523201,58744.22779612447
44654801,39046.63462429199
45846200,43838.91755843083
45127001,43834.682537971676
47752002,60385.247395945065
45478201,32984.80799210212
44877602,77192.96174341286
44624003,62565.970770775624
46288600,60944.667930298216
41489000,44451.78633822395
49943600,49437.39128187621
45486603,43184.95697796666
49843402,60289.02771343451
48317202,47326.54279553372
48114600,27108.967405091684
41541002,121248.20538904512
43972803,50113.199261654016
43712000,58672.438403399174
44111201,40062.367754162886
42887003,64756.77746922395
48539401,21457.04372007646
44345603,46790.14504064714
49222600,48571.0756498139
46313201,38168.53140437231
42431202,24963.48401836021
48023602,64878.290654779215
48432402,135140.1631305371
46269002,24307.780843887707
41037402,81214.86071480565
43818603,27718.592501516137
42367003,130759.06639488786
42887202,47626.11127661288
46746401,49923.08324440979
49519200,87509.30522927851
41888803,39557.83110368265
42966602,39538.771032238335
40931603,104416.17746842734
46546002,47901.53190332318
40894400,26614.733750350875
44347400,29311.470016246818
44395800,27051.282077581123
44008402,47718.525879573375
43934002,23113.358556544263
46078602,31618.383272647196
41220002,43651.417703363986
41061602,21607.657900281545
45177403,52515.10364596171
46963001,43758.807138441254
49635600,32499.45231180524
47059402,122811.94145683302
48525801,58747.67440202053
47398001,45381.43046479828
43959802,64019.596009817236
45757201,86177.76246585598
47600401,69128.34988663068
46987602,30304.104656372027
41292000,24559.776249415543
45217201,45876.346346919796
41930000,29348.364092633317
44323001,29586.351349727633
45078203,33819.1273609906
41849600,39187.959646019066
45918600,53302.35866426306
46837400,69031.28757208631
49441200,58169.86089668906
49809600,40820.32163790995
42459803,45575.992442817595
44856000,26043.619419152103
41247803,16095.030262034654
42576002,39051.42913357231
44660601,16492.850631825953
42860202,51430.30283497193
48441000,30428.954543874686
48438201,70823.760384105
48336802,100440.80212156221
49080000,28691.643077895398
49652002,73574.39097590165
43301403,60014.783727502225
41622002,26773.034849859072
48176201,24908.48621859774
44200403,30648.25386819988
47362001,41775.184039488515
45288200,113128.3447362784
47495000,61187.41285110109
41223402,20174.43334262791
48992802,66926.51379760307
48381602,52538.36085844845
44249601,35986.35069947689
44170401,77296.86993355896
45684403,86320.18935778149
49016600,43627.2588605707
45333201,71316.47567999271
48882000,60747.83844440266
47376402,96925.49923015224
41467600,42325.71639694527
48940002,31926.78307954843
43934001,24127.878255231448
43380202,24821.58425875333
41653402,24362.44561934558
45078803,58342.41022594295
46668201,53816.327735421655
46206800,89999.7821933299
41949803,17818.288822638944
41461802,20495.937602530787
46503000,56603.43690346163
47432002,46202.381437784206
48443801,49142.19766175181
46152402,23527.241391676405
46641001,66986.0371185368
45321800,33429.53413093158
42657400,25745.001625524394
44762002,47125.38400504478
44047001,47667.9263572996
44452800,50211.9722054648
49674601,34455.86230022319
49169001,39284.82995574688
49978801,73451.13081382182
49744200,32010.289997545424
41461402,41053.953667908645
45068803,62304.38333926587
41882200,44140.449557904154
47173201,18993.302562855977
46548802,34544.35682915222
46574602,79409.48060284932
42622602,48423.180981985635
48227601,30713.399188140254
44292801,27142.501164525427
42617400,42071.54958203812
42877803,30504.218359165647
47707602,35172.04700876401
44969802,34829.658211876755
49738801,48944.02197982609
42088802,31214.153265065732
44275002,63314.66225387504
42531402,46890.619923314625
49457600,30866.860775331912
46765201,73361.01977078346
43811002,34492.16013348868
48217802,43189.65947684393
41868800,32340.990048124342
42710002,93531.97582538283
49561401,26702.97097018411
46158800,117992.62669673799
44609200,32069.37587161149
49624200,39830.95988686007
44746800,49840.23459181938
44189402,32829.35799644562
49214202,24587.50895707689
42597002,29829.84865448359
41342803,25528.459316672604
49845601,56963.214239881716
44644400,24454.887324425647
42502400,21702.96602486079
47947600,43788.584566234276
49324800,81595.42546284113
46814000,48625.051985811835
47082200,67122.73340831745
49892001,39503.19142406389
47010800,56629.400450910645
40961802,38713.75571435406
43806802,115170.7845071215
44040202,66181.0360004913
41266403,24683.91742560496
46048602,31537.123749006518
46874400,40022.37365473178
48547400,117497.44324933454
45934201,32824.299720074945
49304402,37566.14891112916
41708003,15739.955800947233
42664600,112780.25964352333
41164803,53848.61521311075
46936002,51162.71749445565
42204403,43635.08343304457
45599203,21410.216283782767
41640002,25219.24993411226
46847802,32531.412700447876
41942402,45375.4544215507
45096000,31087.351221224737
43687603,27988.058615143793
46617600,25615.86406969572
44857200,60583.11294410954
42962600,26674.642956701075
47954402,35243.331224235444
49336602,42759.39582893108
48331802,31919.772366896315
41043000,36807.304804833875
42422003,30790.883873743118
47794002,45598.653579945465
42781203,31312.729176691206
45372603,121374.81155279894
48888200,38316.59045188761
44477402,53359.55130609867
48269202,45737.92530001922
47888802,34674.29337533695
45800601,16730.372247397874
47191001,60901.38879512189
47789802,31983.9542790694
48601600,50399.07439837903
47273601,50016.76385569044
47107402,55774.3694241793
43712602,98979.08964622917
41284403,18808.06380745693
41291203,29378.330239145685
47031601,41749.92921598087
48372401,54168.98587990802
46640601,44122.42490236983
42980200,39283.47961031262
46074800,32628.634202005465
40951402,36355.54775230244
49571200,29544.113117551355
48201201,161406.5711144143
44553402,53994.691224371374
43511200,62225.81158013476
44496400,72690.58792889334
46241600,80104.42364839322
44471802,36669.22138694576
44744800,40530.814858104175
47058802,124415.29497815971
41903000,48997.84637127042
44009200,19335.618541899697
48361202,36076.605432831064
43851601,24427.461406451865
42775403,49955.97679728594
48534600,54213.15833351895
42202802,56684.25710196868
44333400,29568.271493025877
41628802,76252.8088105579
44476602,26898.875122306777
47499401,49432.20342036572
44393402,64295.02012845733
44745601,13858.538696317604
47723402,62016.74342720744
47466401,49158.215462200285
49651001,31792.241388085426
45459202,34589.32396532392
42420803,130581.51694439513
46188800,45805.00430820415
44626203,77132.85348754235
49059200,27055.28348960788
47345800,42719.72146009225
47984202,29584.009371548305
47941000,20048.617972624445
46887002,35792.96283276796
45736003,39520.87190883289
42789803,29869.323166378574
48970802,89103.62906240812
48371401,33189.780569396105
49043401,23243.57388954891
47271601,52968.94091180565
42738603,54074.02631200074
41630202,23905.96544288598
48787601,60093.709224749364
44558001,34391.544048483236
44950201,93414.97192617548
43851602,64832.686761635036
41679003,44294.34121447444
41235800,26615.070242492584
48547002,31158.67550760373
41224000,29678.29969561654
44808201,25390.284980569395
47304200,57354.90709815788
48914801,54427.65627802238
46005801,89964.59307147269
41208602,39474.582558699665
44266202,47351.477414108966
45148801,42603.68393942094
48080200,38469.74542194266
49248802,86516.07373706432
42187003,42610.79203846583
47339802,37402.47504376149
45475200,76047.13980217978
44420602,35929.459922917056
49808601,46581.33752942632
47669200,30034.803309380393
43261400,41379.58502047739
43265800,19623.886123036777
48120800,39959.61298755965
43485202,45921.68344358498
46145600,43001.624971936166
46918402,53494.96797556142
45907402,28501.679327880724
43375600,38896.71121483412
48964600,35821.220638728475
45369801,59867.71316333349
42989203,39316.684468844825
42283803,25350.814477451
48776402,43158.87981978087
45703601,56670.79414362515
45646803,26819.3885738652
44006000,50016.86703046405
48596001,48787.07467889353
41498602,41953.80624307641
44702801,28379.20348202697
48838800,29567.511867010042
46472801,52420.86459116843
44010201,61593.26219523736
44558203,32062.884657466268
45879001,29252.193073877737
49207000,29491.981788035322
47094600,39008.78738969589
41392402,54534.57475300194
43532003,96165.00860285353
45089202,63487.825778954764
45171001,34853.69182339913
46573201,39625.56496932899
47576800,31458.607243775332
41214000,16482.54956646527
47745201,32934.62947034439
45380800,91881.09730165404
42128402,32963.26679892001
48709801,66451.62598968593
42810000,74972.66464340249
45181603,33918.90589456166
43984403,27397.190789939774
43349200,76766.97662602265
42802400,55360.246955472765
43690802,76085.01760059415
44827001,54521.6636805232
46414601,58842.634882833496
46454202,53292.80406873765
42618802,42242.36197872768
42448200,24871.60439654071
41265403,26245.437671630745
43540202,56928.50347209269
45906402,32017.26344100113
42225800,26314.069239757733
44347201,43692.071806768145
42453600,55379.41332263514
43367600,36826.12073751149
47770600,31920.282243296107
47591602,25109.319903300722
47932402,101327.0506199539
45787801,27067.66353010641
49447400,44435.598198481275
45417401,47386.212093215014
49966400,30103.333620563313
42485203,74650.31908130605
46803200,37374.25140454148
45938400,63845.386360264616
43640803,65566.87072886244
47119200,29229.370514630784
44714200,60158.95286658321
49719602,42249.07656877575
41173602,91843.15998782871
47614601,42060.428975485665
47488202,56894.86907359245
49524601,30776.053291876702
43725802,26690.302972529364
45120001,115515.91456362004
47733800,30470.51021999418
41409202,37554.71459745395
42694600,70839.64475641756
42502603,41704.41807654355
44296403,38924.09875538507
43883202,57995.678600222236
45604403,33475.9620833818
42829400,41686.12646004905
44455400,43072.72266377984
43470003,43171.23413090273
42807603,38610.45678161137
45209803,49336.11515461833
43783203,56989.07720099532
44093402,28954.407415625945
49407600,31242.769138680236
49851601,51155.60723545277
42227600,33015.74838944384
48186202,68319.29721837268
42171402,24558.338187802605
48484800,34634.37398655816
46170402,37970.859088324425
43375402,56250.07518801655
41146602,116750.86199178903
48643202,37482.21273099278
47887000,25855.115045444436
43175803,67580.99254360468
49366002,27022.41288671056
47447601,67296.16883117803
46193001,28648.20527921589
42333400,51345.46508005484
41347603,18310.410148070292
48799602,38312.63700576442
44369603,63383.126273626134
44793002,44818.310433446364
44324001,40609.48195935397
49710201,27712.91852629209
46263402,44807.46681212539
41446003,45700.10071471231
46807201,34905.51954271474
46335400,68446.9714342999
46712402,56611.290277594824
44772602,56913.72405364334
46693601,19226.250322251835
45567801,75154.74438881151
48839801,75236.9952246385
47511201,28509.82447925701
43451403,43964.795331338566
48095602,137829.02298343793
49665201,38729.353757712655
48152401,32019.200300765075
48198602,21098.43447303638
48239001,94564.86730650094
44773800,49458.107317554466
47269401,26184.408266486582
45446402,28841.182495333775
46741002,35841.58254156327
42543202,82959.80281479825
47557402,22430.902589189103
47992601,38352.317848294995
41382002,46628.758894226696
42958802,39787.09827806326
49598801,51845.026748744065
42400603,48538.360695870826
44425401,30366.664117091623
44899403,61835.707267027574
41812402,47797.52626649801
47773600,96408.12075267383
45150603,27578.340427347965
48107000,63712.77822713343
47060202,18165.289231971998
44323800,24182.156826601255
46361002,42191.184313850135
46522000,27644.19492977088
49197400,34557.91293511623
43960800,22853.850782384787
47075202,41951.398130290836
44595203,27686.439710917883
41462000,29879.851125934507
46974400,80324.1019392129
48280600,98724.51425778013
44745800,32736.664195830846
49164202,31059.18470222022
43771600,89550.8966319066
48478401,38316.838459340164
47959802,48125.69693799934
47568002,29253.320868361996
43329202,25615.20257708862
46383400,48555.15695412947
46529001,54196.07787385545
43485000,88830.96780163044
49576001,40789.45533984783
48420602,40476.92056912142
41336202,31524.81633241381
42420800,98221.72472960778
45204803,44018.580961250285
44641200,54155.44614247819
49011601,24449.938675425135
49262202,39774.104210446494
45023403,27357.855406825158
49734001,29588.0439460004
42334602,66472.69497419069
46804401,42132.94436700962
43924603,59738.57557802684
48458802,68683.23846591658
43046403,82143.95466070656
49457400,59076.46705632453
41882002,51778.40686367836
48454201,63785.82390687661
49882200,27572.383309060842
49644201,26980.217891005992
45734402,56348.69644737076
46547601,23314.603955517257
47647200,73014.55937848908
41129600,58022.344955015345
42497602,22581.255893354486
44386202,59834.17135171443
49823601,36190.910290151805
48956200,47000.30888814134
41031203,21767.663057457994
45500203,71144.8221651575
42002203,41482.10227222112
47174002,55837.007719586145
42145003,26960.846141316786
44202402,121430.12224640475
41555200,94649.56341164201
41961803,33855.017202497474
47783001,31296.208691619384
44230801,30041.379929806342
48809200,52150.668654238
41467200,100633.17215901121
48023002,41480.55598195145
44764400,23712.018443005152
49517802,45808.36972788201
45902600,31297.79950093908
43798000,63903.64594704442
42897803,39087.022277986165
44164001,44667.4237561797
48980800,26848.54893577514
41287000,26308.004919814623
46767201,52716.67801554274
42542403,85160.15995743964
43956203,43114.56537676837
49967000,87626.70515001394
48807600,43205.78731200934
44581601,60026.56983545873
42053202,57356.66216557983
45112402,22169.175558070056
47145002,62126.61179489608
43884602,47875.641608213926
48211800,42967.92722809511
42102202,65736.51282145514
48226600,47343.07839127654
46570602,29093.95399173347
49321801,24107.37081751769
42059003,21423.666858523717
46072601,47720.841533254985
42351602,88640.91824422113
43448003,24009.844164762664
44504203,34275.58726760066
41003800,61372.40296434134
49430200,31195.1764343932
41052000,95284.78834794834
42414403,47237.327400684124
49447600,37418.90104084749
49689800,47160.62388068283
44013602,85235.93077763967
41010800,34958.968482889955
49635202,44989.07414030078
43878401,35521.911403136524
49753200,61599.2000367257
48456602,36428.53874382033
44158201,35835.9271452937
45427002,77590.12085480393
47641402,42182.90660979137
48753400,45379.40495241754
41876003,48386.78432717973
42919603,91697.70429946251
41480000,27949.109334182383
48595800,51279.411879543695
42808403,35195.926237107524
45482603,79916.3122776409
43869003,86284.17792181487
49046400,88613.80114143575
41855803,14350.315145744065
48197400,45994.446603270095
44534400,35898.819111409175
48734200,24127.72555519484
49107401,24428.20843209737
48159001,30060.428646351837
41994403,24354.813561166888
42736203,44062.00244632235
44046003,27361.02505510457
46288801,30741.442913630093
48291800,71042.42455249385
46591801,45589.54613962248
43154200,39861.68944576377
48401801,35693.81763873124
45701600,81664.12763040657
44040803,37614.90735092651
42016400,58307.4017143105
49399601,48103.94512170731
43432600,44052.296990028786
45620003,28857.791747774376
49882402,42771.715510061564
42665202,19580.56713190423
48259002,30045.461125223217
45656800,39929.285025937
42514202,38053.50988103039
42146403,20079.389606439127
49117800,43170.47868307784
48563002,31711.14781846248
43049203,36736.22534035059
46201000,30511.45994467891
42887600,27097.632929796848
45199202,94089.15890219029
45864802,42787.75221969417
48474400,51835.49789841082
48624400,71940.36382797522
46583002,61743.58207297402
47813802,17181.720927509796
46226201,32451.861702775546
46295402,83158.96058433241
45449600,82276.49971871165
44150200,49445.415474518646
41628803,60030.30718120416
43925003,91550.18736779848
43853200,25562.100136500725
49714600,46035.01377229824
47118802,77315.63861710837
44008002,32376.35278239332
48503802,38571.975370178094
45781602,84701.18583793993
41374603,26219.323043871023
41420603,75200.15840132466
43260000,32065.20807424083
49983002,56038.2784309166
45448603,38439.43297741204
43015202,41651.11454600964
49000600,16137.41983366445
49292002,44798.21495586522
44572203,53452.437865848486
45321200,34644.76921939844
44608000,58265.72333005513
42503003,27517.481861426793
46467602,31409.819580544507
41688000,51382.06300171123
47907801,47464.24211226794
43983202,115947.11481577608
47587602,65493.495138363505
42945600,92174.04564361957
44182402,59704.21675065083
42297202,30831.16858747413
42931400,65403.11637345824
41297402,34277.89229867735
44378003,23972.68689028632
43422402,62712.42257191105
48350602,49075.788713090704
49816200,36362.63803917085
48729002,37415.0116892481
40885203,93509.280887764
44359203,60421.391892400905
44012002,34210.0834813751
49669202,39088.768858339994
48387202,33776.1383361841
45491200,44090.74515464961
44644200,36899.3454339188
41864402,20406.442926644744
46948800,45762.608437361654
48191402,33203.86556831693
48691802,32361.73010857275
45243802,37292.050341864226
45728800,31632.164362373427
49510602,51480.67531818592
46057400,34395.87027053385
45744402,62293.644782060874
44982603,64749.04095236545
47832601,23007.49567372642
47591400,63534.48745495221
49824801,51365.81418785989
49401201,36272.15038801861
48214800,34131.639423767956
42667002,20199.294375187535
41698002,52503.817421428226
47075800,36160.89180479512
49513202,35963.16053361708
44765200,39977.06603634107
43799802,53549.92425953923
41743802,42982.98970877019
42303800,23872.426054955027
48405001,28021.44603713986
49212400,43127.42643993739
42993802,35906.52587199017
41996403,36165.62902324482
42201803,37611.24446128213
44551202,83167.65839239159
46358802,55702.14217882463
43389403,55635.331120232324
48939002,91978.75571726492
45804802,53051.86620718814
46551202,47162.24946590451
41797800,32407.235090728977
46762600,74091.17082009822
44233803,40246.05290750756
49122000,29771.945013217923
47767800,31699.510302831197
44379002,49634.71860359813
43481602,71356.81636890209
45031802,63743.681164474234
47586602,28459.94300168825
48189400,32494.773192528115
45139602,41391.904468558
45685600,26047.551794394392
42709400,42222.283351197606
49860600,79032.01746875005
47272200,24830.341516104843
48971000,36133.52729956639
41687803,51902.837072463466
48961201,25547.03798542116
45185003,71697.74766654379
41548000,17397.885239213956
43141802,36623.74752716816
46502402,49805.38697926562
45718401,25611.873449407667
48945802,62192.79690854853
42492203,34534.49859662598
44403601,30518.187126525718
46523601,70732.4248549561
44581401,37094.916711689206
44529400,35347.73783377393
44659802,80924.70328018522
44595400,34464.01936603884
48513601,38830.42277856891
45744801,25609.672163468374
41752000,37515.000673360475
46718200,30679.84775121085
41314602,29719.535688924654
46504400,34179.39402078396
49655201,50877.43863738383
41130800,54617.15681958595
43872403,66612.53886320553
48254800,75404.8521062198
45142802,28252.145471639225
48557201,59500.610708896354
45134800,42911.54013592088
44823801,30857.702407347824
42266603,100111.90026700035
41412200,33036.962067207874
45782001,78417.59337958666
46791800,73031.69531438251
45600800,18989.94764073199
48033402,36199.291931452215
46136200,32823.14447348782
43525802,62653.582458569304
47836800,27146.661072671894
41931800,39241.590789729125
45424801,58642.17950292827
47503800,84188.46310673538
43813802,78611.9397921195
45351801,24905.20183591341
43861602,47488.15195999361
45684401,80169.70911063347
46035401,40744.04491101778
43367402,63246.9198966321
41592403,62007.2665205396
46110402,98625.51795791037
42804603,44256.10508271816
48546402,53429.16574181712
43955000,35800.92262676721
41749603,46369.72466495244
46080601,34635.97068431526
41577803,23789.23400247618
49148601,59102.369456333035
43246202,28725.966038891318
42258400,29934.182081500763
45208801,34220.9176637658
44913400,85557.88553157859
47532602,66862.86355956309
46749002,47496.626419204054
46237001,54018.545660873206
44570003,52376.14215649305
47203001,62962.52320740948
43877203,23990.046507470553
41337603,13019.45243116368
43266000,53064.99536203551
48000802,47084.019178132054
48139202,24273.19185521459
44264600,31606.10448302783
45164201,76419.69478902672
42389600,23522.755069100094
45863800,71244.04859805794
44885402,24681.234469624385
44125800,72743.6359668379
41349402,19330.94939088248
42641802,75224.06351110584
49563402,32615.102199926037
46800402,65381.96849935112
49074002,71741.50430826025
43149002,23991.45188478873
42985603,40537.093424973515
44022003,44353.23795243793
43108202,25755.31201981523
47440602,45260.806773708835
45829200,24648.145158789666
43810400,77049.8682213099
43850603,50902.958630616085
48325201,35217.81614083552
41737000,51971.95762442317
43657800,44107.11246306087
44693402,33542.15198408925
46251801,32623.70479683103
41667200,58312.67588138326
44866402,58548.87076479035
41254602,20793.55332634379
44644800,25979.062464613984
49306401,31367.896794931727
44859202,38687.03534352611
43076000,42125.86112677107
48041002,59892.982086354634
41740400,56598.96195443959
44359603,55599.31067851762
41252003,48936.44290973841
44128603,46673.15634184037
43013603,41855.47000517574
41529203,63663.60112146219
46899001,32973.88392837033
45227402,29393.23364210976
45942601,42140.85651150349
42121203,30136.909951429458
42737603,19541.919845667904
45097801,63578.79693415412
47637602,43699.78545208613
48444801,89977.2555276967
48368800,81430.81777169528
41977400,76585.77376947796
44243002,36015.63996791831
45954600,44057.37173354131
43212402,44121.30614346338
46111200,28358.26632625964
42637400,62984.95394018089
49122402,79257.9221157575
45383403,27837.55720816442
49510800,33930.45318042505
45960800,29973.17329231213
45531800,40069.18356608339
42741800,29473.793572380408
46360000,42698.83101050512
46088001,61747.943588176415
43626200,42269.149764571936
41804603,42061.14152338372
42850802,32907.16605999187
44201400,40911.97892267126
46830602,51825.10784124305
42742602,22231.657527961954
43687000,36482.53437586085
41845203,20852.86319953376
45470000,69941.29218522005
44976400,44024.95321892152
42768800,49604.634127935424
44625202,32783.04549698163
49062401,56759.6062291032
41789003,44238.66539678478
46933402,105833.1525169509
46841200,28618.368159890557
44919400,101212.6369239759
44673800,63481.18690196325
42016603,25634.999705577004
41770202,71346.66026454297
45355800,54143.387784209575
42942802,27171.654860592334
49495402,46891.37120200999
45658401,49637.247725209985
48719601,36406.904259918585
44749001,40542.92327290911
44712400,43672.59422156574
44162003,41971.29010230486
41344803,28268.757654203975
41389202,28933.037488412123
47668200,25498.98196466643
49243601,52539.38567844926
44204802,40710.15424920947
40839202,39620.59724238836
45764801,55380.138549909076
46088200,85030.58159383209
47966801,38409.46590955818
47172600,96578.13900827692
49105401,43800.60468266554
45933200,51295.39123310754
44763600,53219.41507095615
45116003,78547.10947159668
49647402,77832.05333157467
42052803,83633.55080922238
48138001,113679.93105740105
45549403,23109.510973592576
46421602,71299.32151686966
42453200,71914.37223651171
48040402,106805.52306168272
41319400,23422.078728146833
44606802,35238.016213750365
41168403,34508.70406248251
41214802,27784.43344623984
49470200,52323.5051944026
44031203,32364.142249288925
44733203,27890.824753662346
43689602,28723.201064746976
48870802,32100.523168985044
41568000,19371.51111649102
46782201,28696.154588561873
45521802,31026.332768726945
49064802,48018.16880076007
41472200,27476.159294662186
46559801,45212.54069520544
46525202,58704.178184735334
43493603,31811.670662973534
42446003,31184.707415047335
48389602,35307.46216597651
45506002,38676.692472368464
43576602,153226.2956317741
47309201,29457.100253089833
49174201,80038.1114005473
48523202,65468.40827336483
46837801,42787.20540058279
47219002,46213.09351405212
49122801,50929.483509368685
44857001,59874.24450163219
44650201,29077.88744297133
41267600,23860.06808413015
42146202,28746.152351653152
47333002,68277.27068235472
48514201,23730.036958035682
42514802,63230.58254104509
41422402,24529.764162091815
43236003,50608.81982626797
42182403,27012.57552716608
45649800,27275.55424771328
47228802,25023.381896491628
41379400,14250.812134815289
41948203,16252.788919165248
49908401,38121.883951557495
49054802,88996.83833639746
46435600,53438.99578517686
42414600,41506.132377352944
46554601,24641.189618854394
44664402,100361.57707692975
49833001,108738.86718938625
46796402,60875.600494022794
47096802,64657.738876845484
47888400,88379.12619691809
41909603,34549.89254930794
49182000,46041.683810093375
42765200,45669.83141294104
44183600,35530.16745941851
41476203,39717.247557088565
41747603,49131.44196175448
44268202,50944.24712632477
43883802,39455.63741256988
44252802,44603.79033316729
47519602,61118.153744445706
43444200,29731.13540874959
41026000,58408.71943781828
41580402,57226.00804746231
43145403,74506.26418773936
46788001,31212.7805124805
45747003,49966.69122146867
47222801,27829.840374985837
49363200,60872.248639637306
48397402,36404.198039480514
42299600,74804.25418468466
48576402,70157.87983726301
40964603,59289.23472959585
44277402,36431.67750251915
44591201,52701.33188332665
41434002,46671.18234708752
43282402,35476.09929719531
44350401,51993.46705077589
43709402,47687.042426613174
45355601,47931.82370164377
43329602,26351.484563376493
42040200,90973.09813219144
41410802,50768.37501066674
46737800,27638.20639158057
45741400,46842.834531121625
47357600,35426.8688329061
44689800,55590.52609753911
49457001,43630.986831206654
43911600,59035.85021337841
44680603,53650.16705059095
48479002,81614.84323865414
46612002,32583.78641036601
46582602,90716.55126725773
41503200,39903.71797481105
48086402,101096.55124784073
48966000,34720.52311882385
45541602,46691.43810241722
48618602,81312.99606919198
47315401,41169.480289764564
45191401,34031.77096567689
45344402,42748.92054441159
42814603,122365.05494952195
43223400,145471.59664860187
41819800,58844.73194907375
46586800,48126.44877230413
43942202,28321.80616872835
41836400,53855.27624354613
41394803,32576.043497107297
41803602,76579.89361113559
43660600,47519.90609020084
47917200,80352.45879459163
44864400,55961.11072740176
46463400,62173.19838483367
46638201,31396.60906030146
41038203,84540.59392231201
41024003,14537.068553347248
41342003,63504.47693268567
46420200,77165.70328989191
45779000,43676.65733868273
41656602,43447.92448799679
47688800,34566.347861846894
45326200,59714.57037419569
43662403,52663.0367089972
47545802,41492.40179423459
44702000,24284.942679879852
42421802,40892.597351387914
48217800,26397.650295841795
49286602,31597.375579840682
43726403,56571.28278353541
43937003,51977.66785554438
41577003,30961.277780969533
44418402,33545.58494995376
44818401,53617.20042389958
47058200,37395.06555438785
49574000,26940.445718977127
47437402,27413.548632138267
43776803,31800.22462040346
43864801,45111.82597108718
48894602,82364.56184244932
46986802,44839.41823938059
47941402,27777.998945700667
45712802,26477.088102439226
41930003,29348.364092633317
47827402,20357.099075368245
41358202,30653.69709640909
41211000,27019.094773818302
44742001,36840.058989389036
46933202,15829.133299002371
48777001,39375.71726343918
43760003,45227.627831009464
47777001,44834.44701771785
45847603,26774.953071150954
43978603,25556.797733682157
42138402,25723.18364100854
48056000,47096.487868950586
49747002,66925.12801430718
47639601,23300.25041274762
44549401,61645.530738149784
44085402,28798.647082942836
42417402,40148.297378250514
42287802,19873.971792682725
48623402,17557.931400359044
48541201,38273.58929087019
45367202,39788.35073574367
45099200,75100.5903813361
48291200,39596.610304104084
43477003,33995.6145780785
45060200,100965.84077869696
46858600,35844.24805951195
41427403,47027.8859371363
41301603,48659.3403358603
40852400,69900.26646220677
46302002,38325.68896933013
46617401,20869.547273864937
44652802,67381.79490666413
44205203,37239.88231928532
45452403,29497.961106904964
42764403,28603.543346808186
49420401,37171.5977936089
44862002,34188.716373929754
45552000,93920.94664981148
49763000,56153.41396148566
48489802,83745.27317873601
48996401,47997.39586908616
44850600,109844.99846762107
45419601,77199.15819334412
46877201,35302.72768896435
45642603,41376.531321522
49838001,53350.96130806579
41981400,44523.552058900845
42980203,49560.45401086614
42132200,59434.8034613479
44634401,70964.68441833048
44702403,46149.22426740675
49326401,41380.514140233805
44274802,27128.591404248138
42059200,41576.99086511363
48951402,40149.31479077772
43885202,78156.1001116035
45893802,44046.46509929426
43632402,48449.72293797224
41509003,33408.79591418962
43889603,71235.15503004934
41298402,18651.641338708167
49193002,67658.5991512366
43319000,61400.64988503956
43653803,39462.20919500912
48259601,54259.87286097426
42902200,56058.33895173719
44282602,28014.502301928664
49704802,90639.41470073609
46098202,23069.70388614417
46149402,56496.34819144925
48929600,61100.588116651525
46943800,43647.13204212164
47538802,37009.60499779691
44748601,30593.372875337715
41708802,34364.42466749032
46068802,52777.49888911783
43619003,27364.416284916617
42309803,34587.20380856472
43218803,74995.93620086189
49579600,60958.24902466565
48908402,32211.637697045244
42921400,82471.62425671653
42750200,30580.729959822867
42698602,49506.72300228054
41501203,38300.58551847344
47992202,114040.87364533418
41126002,35281.463209601854
47468602,24756.313271820025
44718201,23856.84099730198
41405002,48471.34814368172
41184000,93522.91179344092
41682603,101506.23151533969
46592601,28810.727706263537
45683203,48283.11386790888
46072200,45173.33429592819
45595200,49965.58576884622
44362203,32713.29951552115
43747600,51595.08869994527
42986003,30701.555350191204
48905802,43096.40904222152
43320403,26940.41921820667
46719202,49139.06805221976
48002001,58287.152296135144
49052600,109454.80844598229
42095400,44880.573312060194
41569602,25011.272196257185
46255802,47646.43063761806
45670202,78394.07227585364
44217402,44331.90359631168
43507603,46992.52574938384
48915401,44791.3991812124
40974203,67276.4735342387
46596400,24242.223106281486
47778600,82979.97188838142
41737602,90009.47055962599
44301202,32065.445012305336
42846803,28913.0554080044
43634803,66971.17923271605
45602002,37259.334321049384
47104802,42291.33991782383
48857401,43124.96254386303
44267001,52720.99923850231
47693601,28362.97161107248
49236201,32146.541479154956
45589801,146056.21268918616
48316002,35365.78382918075
42699200,118702.1895458862
44488003,27042.33226759364
43678003,80837.82853136971
42642802,41939.58991740927
47832002,33786.408398905805
44856001,65800.88303897619
41976200,54232.359765541725
45008400,31181.024656734582
41252000,20139.38659838827
45356402,65723.71684488993
43868600,28964.91183933111
46170001,76245.22791067883
43332803,49931.2246658451
44468202,35591.20927990638
47832602,23007.49567372642
48324001,48777.01259080115
41200202,63034.795035385796
45992800,25552.634562074843
49704800,90804.59488545707
48145402,74716.7515074285
48219402,53625.608565961695
45466203,49414.266253488284
48869801,66219.12880483715
43257603,78385.6765800198
45287001,15361.715820552316
43798002,37463.798742853316
41704202,30281.493005137723
43907401,29840.223363396955
49144400,41313.88432432426
47632002,69106.31392482598
47812200,22146.402394621735
45603203,54354.24148552497
47725400,46823.89547894315
41075802,47389.327052851186
46784801,44392.79343248784
46202800,32395.039298034324
45172202,42320.11692979357
41788200,23078.677311534808
44904401,47615.42699421648
47495800,29292.479605649365
45815002,90104.913010493
41161802,29982.39487861224
41208803,19171.11709143934
41329603,23202.31068632571
47054202,60206.5735844641
43826601,49563.882655622
41758000,82904.1600415521
44014003,65473.54928657727
42853400,101933.58238989496
48932602,28483.475237640283
46928002,51784.81991625898
46427800,91362.46030567779
46150201,45024.31506008385
49170000,32011.433239566784
46831202,54761.90923352421
45901802,53675.56220738943
42752202,25496.591183955497
44663000,49021.68685479625
49395202,31271.013676146016
41364403,24294.48192829003
42419800,70973.01821332623
45960402,40659.15577972642
44500803,84466.61173878892
42344803,60738.20170902131
47403802,40006.46655895132
44605800,26200.750571617944
43075000,97750.98280865213
42113202,39204.18005586221
46031802,40595.786401727804
44250401,55337.24503953506
45928001,121040.59113783814
44247001,30618.93527855492
48533201,40054.67483166517
42251403,30938.32667857958
45967002,45544.06643256171
43141203,58909.75803679374
49941600,25894.26862898077
42232002,27121.301776668257
47795600,37626.29891518198
44803603,33086.49172634095
49155201,51810.92025222124
48171600,71642.5303691549
45917402,24905.486421990703
43800600,35501.72089858859
49006401,39194.22394976758
41329802,28267.02238992538
43708803,83476.59706156825
44118401,26494.219660491486
47154601,17197.165938810063
45692400,43665.92093807717
48289002,75033.37629355905
41413203,26140.810499319567
43792003,97903.5819579007
46157801,42955.31194332775
46551802,35177.1607192554
45112602,72211.8709531018
49035401,28670.956054022452
46320601,35930.00523577625
47992802,49086.400802509845
45809400,29311.028177172702
49820001,31151.29311050266
48993602,37308.331305786116
47390601,99679.14945148301
43929601,72059.43381613844
46036400,60786.678744476485
48235002,18906.95254873147
48227600,90822.20397325995
48771801,24075.31784723084
45976800,69063.98155778093
43229402,36601.592205519475
49630800,32954.4060482986
47054402,33921.27536379732
45812403,46120.76352662196
43751602,35761.48719200496
40961603,38371.80775417098
49359802,35620.75213793288
48435801,37302.413094073025
46852000,21181.763536818784
46563602,29568.43037324352
41090400,41002.265218123255
48879002,38304.00695284661
44888401,33887.47530069954
42143402,49026.88851539786
48163401,23889.269133290785
42900400,37139.72450160871
47834002,37431.17172974818
49324200,37664.466550127865
49791602,106734.96030152077
42335002,27888.010326561427
46318001,84597.43247267611
41089203,48135.65817017334
42106403,57802.35245677165
47246000,29350.898193268476
45802000,92764.85464027202
46412200,30429.546695349272
41452802,87484.5022882269
46710402,32998.676667299485
41538603,86011.75667589848
48997600,50975.92784969926
46761200,26753.985201624757
44121202,78253.35311129155
43848803,44416.0433969513
48134401,36765.53392603968
47786801,33465.87433137562
49489001,57111.6882904717
43803200,103673.12716245218
47922800,62727.75178653694
42858603,28742.309265067917
45065403,51293.07000353172
45704802,87871.94812947873
41582602,50402.716264858376
48375200,42055.04196009762
42024602,53646.61564917663
48813802,113153.87863334383
49873800,27653.05014957887
49638400,22842.854343865085
42436800,42210.598234819525
49354000,31481.301837989697
42789202,25958.40115708451
49022202,21644.840308681563
41506603,21062.59680292463
43609602,52084.557456182854
42391002,37334.29532593597
43496600,78307.18211335111
49239401,29762.839374883373
46531602,32255.41211941545
47753002,49414.09864436675
44497002,44983.68432629718
47080601,25876.018198116144
45094002,21605.06960107134
49897802,63726.82325510417
47335600,35551.0048857629
41330603,28303.022497382586
47823402,22165.00269866578
44139200,25968.229583256514
48482602,29215.031316255117
43318603,60605.14593498799
46419800,31252.72502704151
48691002,25780.749465714096
42371400,31810.16946754246
41734602,55977.60302808671
47130402,25393.63802287513
45104603,49110.62377709067
47437001,37310.531544795864
43710400,77504.10593743113
43181602,37854.52136358582
44805803,65018.59419287885
44570802,49723.28382784833
49096600,33731.39762736063
44903401,24483.957334432853
46297400,35230.41498052447
44439800,45809.714631293566
44613203,33832.56675249733
43620002,42799.033644064046
41208203,15398.53671774602
47519601,49298.53004998728
42310203,50988.85249370918
43109800,71922.94581582228
42769803,112093.60852548204
42301402,54128.62191525742
42175800,49001.487157358
42502802,57114.25617886894
45705002,32360.7246594508
45597401,45587.98038474405
45178601,56459.06409660547
48690602,35455.686870948884
46112401,74425.86403009038
49001202,57259.477064881685
47402601,36546.16843635841
49079400,39344.69186156784
43678002,75647.13048312698
42159202,34440.015352620576
42435803,124746.51417492874
45266402,33429.75540036328
49625402,31008.58765930126
48861000,68492.95848419375
48862801,56224.39478345814
45138202,46043.44007440364
46756002,48595.06545940218
42994200,72598.74573694712
44061000,32653.17705093899
47180600,23857.824416914234
46122401,69461.45920593331
46018002,19514.375881828124
49185600,50464.304533374605
42888002,32212.571931786355
48039802,58469.121005085144
45158601,29416.89094693653
48389201,37901.10148914973
46886600,49222.20311298196
46506601,21635.065993053035
47697201,55062.50694495811
41234203,27137.954971305346
45596402,52525.032978804215
47744001,101678.06925219373
48160800,52755.82768838344
48456001,29087.846760342385
48557802,44013.276086136466
47826800,23859.097809686195
44071202,43797.98093542908
44521203,61292.17900598223
48462001,26353.09116015845
41607002,88617.08849753623
45391002,29126.608933857166
48634201,41974.496748929814
42478400,24882.261906519238
44035600,79344.0118291953
49028200,48083.530034414536
49257200,72267.50712323714
41381403,38428.294232515924
48908200,32894.01965410808
44431201,43937.7240870604
41682602,107976.14838746721
44225200,27065.9343753067
45100200,22037.44124293024
43563003,32960.61236083172
46708201,90853.83032501479
40994600,31976.071354080264
42518002,83480.89617591663
45871002,85081.93488521954
47370001,18699.797427213736
43220403,24349.305795917066
44771802,34865.04259739554
44232801,70368.52408733049
41960603,61402.39839369766
41200200,46157.702366897814
43960202,34314.06631129031
42440402,71289.64810140526
44426002,47390.00990874266
42134200,64031.70833712604
45888200,53760.1154316786
44218801,63002.72149724047
44770002,40700.536156020244
41242003,29544.55202654826
48756600,57815.27530399177
46857600,36697.869780252295
45278801,96542.21989678779
45491603,25438.463879173778
45104401,40708.52876073017
49275402,39340.19692369222
47211602,28569.82540324588
49159401,36260.86211955764
47758801,22575.536802148083
41912600,31403.03540431267
41845402,34721.063652266486
46365802,60575.18189982602
49869600,79868.78948952309
46404600,70768.61321906178
42367802,44254.15400440079
44088201,37062.87641219589
41297803,17316.7135525386
46028602,49944.49434289848
45442400,100208.91843517926
49230801,39439.9187618599
45395403,26245.162063893913
47788800,65615.69937935272
43702600,33136.24694619715
41092402,50334.30167583787
47322202,109157.06542141351
49934002,79591.7435250134
43256203,24032.319718090734
48215600,49453.77092216516
44696602,86878.81279210365
44554403,48629.95884538436
44880402,49643.94918686997
44827402,29185.749632987485
44912003,45096.270381309085
44659601,46526.04212343245
43829200,39543.746051312824
41439200,47897.27486369165
46323001,37389.20567671652
45310002,76684.69916796936
47855200,43129.76377604382
49603600,79908.15863826669
48807602,22632.290850240643
41609200,41329.87717270582
48298402,15200.61806208575
42934603,37153.29330080003
49671600,33282.720015357925
46220000,84904.55743580562
45127403,29045.95071242229
41054200,63041.87915878368
43836403,19029.10928773005
44850403,25653.57956235252
44517603,69401.9924355108
46705801,55101.22423764214
42278002,38712.65600880819
48002602,95614.69579581932
44302403,37125.130644449666
41444200,40297.775218487885
44122802,34277.456427937184
47553200,71310.18845432061
45489603,58510.17341142479
48694601,34919.11881224041
42418002,31976.800489433732
46026202,74733.76536046047
41037003,34108.957823469136
47959800,60319.065665595495
45722803,43709.707999147584
47566002,62490.70942299645
44474001,33590.95148595057
48196602,45923.722855650056
47741600,123222.66318807704
41314802,29719.535688924654
49397201,75054.95073782801
44135002,49951.444270147826
41631402,25433.922254496087
44718600,71705.90237699443
47230802,37529.06322523312
45327002,91556.70098443165
48419202,17445.969995920525
48799002,81135.07911746601
47053400,40416.09793837951
48792800,53696.28287651906
45747400,73356.9513820291
48168401,35489.243736400866
47419002,41192.43716324012
47406200,28922.017442508455
46788000,39220.527197604155
47647402,28531.06265989379
45225403,57129.61740510238
45417200,93213.03630521141
47349202,40920.79525659816
42091602,93859.88391506085
45083403,34134.0281061066
43982201,37988.76172945377
48249000,37528.84563373886
43879003,50735.91225769061
45737402,42546.57339454232
47313200,32287.38911188474
48540002,32531.20581463623
44807603,110514.5098821289
45852800,66336.67712561664
48508401,51754.00062522523
47710001,30773.38950521334
46385602,56246.28455798346
48569201,37922.00644450618
48891601,28067.25615813128
40801202,51783.67104406659
46263400,25947.761443997948
47886802,93426.04386609599
42682203,47129.65401252054
47327000,68088.54821634339
47560001,77870.82452878656
47131202,41857.61400064864
45020801,43042.303031932075
43997803,37463.70304177651
43648003,35619.09112253062
47563802,32456.827224064305
47531002,83089.60377226792
49857401,40968.8588911823
41307802,15890.616767824225
48156200,27544.59563885603
43783200,47474.830082766435
42789403,58071.46596019838
49410400,87137.4679371031
45739201,33673.98959022177
44026201,39092.87289248464
44345801,24345.001569444375
46433402,80285.76575900687
45686200,27601.35311348261
41282003,25498.67292438009
49744400,49574.62081685222
43162000,30031.139503637543
48289400,51249.03199908133
48140202,37725.93807223764
43339400,30739.558838806784
43411000,117674.1454749728
46703600,28774.88372570649
46071202,41189.369241570275
46062401,73249.02739046693
49212002,59480.23641649072
45304202,53991.193220987545
49844202,34696.95708085984
41544200,64951.085246094386
45803602,26061.071634417294
45124601,22964.495425563488
47388802,24538.256724152616
47122600,44463.69998354895
45413800,34608.584378728425
42476200,53511.3419355141
45481401,29876.420410827912
40956203,34236.37287629883
45301601,76647.63761036652
43671200,36620.73754948318
44584000,34108.69246120495
43962201,56267.63116686445
47699600,48579.622684211135
46985200,41913.05515844394
43747602,23094.005718552577
47238602,62636.15174913413
44075800,93491.66956203395
41462803,34336.98046634179
42241403,33762.21433326326
44110202,31885.875532440245
40911000,17850.002168492163
42634002,81184.72671375434
47176201,58218.08809783441
45846201,43838.91755843083
48457800,43916.634155981905
46941202,98683.28939462885
46154800,42033.11702079682
48538000,36928.65185274739
44956402,52358.72999584484
45340203,39483.32685557662
44633000,35418.08124862116
42478803,29939.89122327892
48781001,35697.14945915476
42454202,49124.55012727941
42435402,32137.02456965713
43751402,70447.16694126025
41126400,35350.16298390334
43900002,92161.06355516241
40834200,30033.820188384307
41523600,67887.71814371708
49864600,31448.724776318006
48966001,24984.8785455033
41493202,67473.81316364832
49379602,27459.40766668205
43815202,49242.465552307665
46742000,89953.25912599424
43430803,35232.08047542925
48323802,44559.55928540956
42293603,39990.906686755065
49778800,30542.340337893245
49359200,69243.34818845597
43424003,52252.60368224808
41373002,25858.841030813
40813600,69601.92083492449
48201401,16055.31779331771
41630403,39550.0947321967
44746403,66957.30567384849
44695803,42374.30320354374
41332400,29904.86456678145
45221602,41992.50544194075
43606800,49454.16805959248
44181801,66106.23078523086
45105603,29673.701652488875
44839401,34737.41572565405
46167800,57642.43492387103
42846603,23721.265345957196
46914201,22852.09366662347
41854000,37896.78917719341
49816401,40031.82260562144
46697800,57255.413666887514
45523401,41932.680402762075
44642000,24928.705790338307
49403800,15404.70895264031
45711203,30998.055098674376
45394602,100412.511608739
49902001,86489.03477355304
44055202,50845.238862059145
49840202,42138.25482547129
42948400,28701.96136637757
49292801,28532.76160821117
41820003,27527.031841060365
46536000,29815.318525528768
46615200,66434.122126466
45111603,39062.88511461372
45382800,24584.77031790078
43858002,44649.850021360835
41590603,27406.06484849714
48954400,29885.56240760723
41263400,28712.133385619094
49096601,53868.51444989272
42744202,43914.07175226403
49025201,79399.16566004674
46264801,36187.054669684905
48768802,70645.84233832535
48676800,28119.192573702137
46282602,67122.18385284617
44708203,39541.118292977306
46178400,47734.137272494234
40817802,35960.678171588916
44308001,28727.49214693365
45072400,29717.82240003576
45648200,36447.252030696094
43279800,34208.69739962033
47036402,33196.92884081858
42952803,21100.589042951262
44974601,66035.83573391841
48749600,44998.34587676029
41144202,75909.23632521747
43278200,68922.5453095401
44320002,48817.58496881688
44022803,46250.529819347394
47084402,80757.62469724094
43158602,33144.59425960624
44923003,30670.106620105526
48373002,76864.65953224745
48100200,25360.114998338577
41545002,43727.600944774604
45075601,29996.337145310365
46442802,34924.99417777494
48492002,37628.54305515489
48339402,48126.342091083425
46280402,66436.89346156633
49119402,28580.01259815806
41733203,55896.75016817622
44852000,54350.945290609045
44005002,33035.62416411771
43252003,78034.60409311808
45849800,32218.93238451252
41504403,36603.25410375594
44132000,113918.81593625147
44912802,25803.234894512832
41275402,26709.00965317678
41564000,39203.72183628945
42798000,38426.39250160551
47384401,54078.46106052785
47118001,62691.09368895722
45404600,36160.455424283886
47692600,38189.08592370156
45227603,82892.21302270485
48438602,50522.06702478399
41875203,23788.1903842727
46184000,45473.45978185644
48406400,35129.758646030925
45345803,28160.34239402666
45761802,93032.07480781246
48936201,42236.094276193486
46257200,27920.093654529548
49008400,94125.58840849367
48466402,88407.49872129178
47798601,80004.8289534772
45845202,72864.4107511727
41511803,24247.126684413433
41317603,33159.448918353824
